ISO-10303-21;
HEADER;
FILE_DESCRIPTION (( 'STEP AP214' ),
    '1' );
FILE_NAME ('KS-01Q-01.STEP',
    '2023-03-06T08:07:34',
    ( '' ),
    ( '' ),
    'SwSTEP 2.0',
    'SolidWorks 2021',
    '' );
FILE_SCHEMA (( 'AUTOMOTIVE_DESIGN' ));
ENDSEC;

DATA;
#1 = DIRECTION ( 'NONE',  ( 1.000000000000000000, 0.000000000000000000, -0.000000000000000000 ) ) ;
#2 = ORIENTED_EDGE ( 'NONE', *, *, #2167, .F. ) ;
#3 = EDGE_CURVE ( 'NONE', #1663, #284, #429, .T. ) ;
#4 = EDGE_CURVE ( 'NONE', #1295, #299, #2141, .T. ) ;
#5 = EDGE_LOOP ( 'NONE', ( #497, #1322, #1335, #1398 ) ) ;
#6 = CIRCLE ( 'NONE', #1619, 5.099999999999999645 ) ;
#7 = CARTESIAN_POINT ( 'NONE',  ( -6.319265539723246228, -3.449999999999999289, -1.050000000000004041 ) ) ;
#8 = CIRCLE ( 'NONE', #2430, 5.550000000000002487 ) ;
#9 = ORIENTED_EDGE ( 'NONE', *, *, #1409, .F. ) ;
#10 = VECTOR ( 'NONE', #1741, 1000.000000000000000 ) ;
#11 = DIRECTION ( 'NONE',  ( 0.000000000000000000, -1.000000000000000000, 0.000000000000000000 ) ) ;
#12 = DIRECTION ( 'NONE',  ( -7.105427357601001859E-15, 0.000000000000000000, -1.000000000000000000 ) ) ;
#13 = DIRECTION ( 'NONE',  ( 1.000000000000000000, 0.000000000000000000, 0.000000000000000000 ) ) ;
#14 = CARTESIAN_POINT ( 'NONE',  ( -5.072551707323566639, 3.607460883291474296, 1.050000000000004041 ) ) ;
#15 = CARTESIAN_POINT ( 'NONE',  ( 0.000000000000000000, 5.049999999999999822, -5.100000000000001421 ) ) ;
#16 = EDGE_CURVE ( 'NONE', #762, #799, #1693, .T. ) ;
#17 = EDGE_CURVE ( 'NONE', #341, #2682, #2212, .T. ) ;
#18 = CIRCLE ( 'NONE', #1263, 0.7000000000000000666 ) ;
#19 = ADVANCED_FACE ( 'NONE', ( #597 ), #2867, .F. ) ;
#20 = ORIENTED_EDGE ( 'NONE', *, *, #2205, .T. ) ;
#21 = FACE_OUTER_BOUND ( 'NONE', #2383, .T. ) ;
#22 = ORIENTED_EDGE ( 'NONE', *, *, #295, .T. ) ;
#23 = DIRECTION ( 'NONE',  ( 0.000000000000000000, 1.000000000000000000, 0.000000000000000000 ) ) ;
#24 = DIRECTION ( 'NONE',  ( 0.000000000000000000, 0.000000000000000000, 1.000000000000000000 ) ) ;
#25 = DIRECTION ( 'NONE',  ( 0.000000000000000000, -1.000000000000000000, 0.000000000000000000 ) ) ;
#26 = CARTESIAN_POINT ( 'NONE',  ( 2.167948338867885738, 4.049999999999999822, 4.449999999999998401 ) ) ;
#27 = ORIENTED_EDGE ( 'NONE', *, *, #656, .T. ) ;
#28 = EDGE_CURVE ( 'NONE', #177, #1277, #1171, .T. ) ;
#29 = PLANE ( 'NONE',  #505 ) ;
#30 = ORIENTED_EDGE ( 'NONE', *, *, #1547, .F. ) ;
#31 = ORIENTED_EDGE ( 'NONE', *, *, #176, .F. ) ;
#32 = PLANE ( 'NONE',  #270 ) ;
#33 = FILL_AREA_STYLE ('',( #2673 ) ) ;
#34 = LINE ( 'NONE', #2277, #2729 ) ;
#35 = AXIS2_PLACEMENT_3D ( 'NONE', #2865, #1079, #612 ) ;
#36 = CARTESIAN_POINT ( 'NONE',  ( -7.530337257590308475, 1.550000000000000044, -2.350000000000000089 ) ) ;
#37 = VERTEX_POINT ( 'NONE', #1278 ) ;
#38 = AXIS2_PLACEMENT_3D ( 'NONE', #626, #2433, #1972 ) ;
#39 = ORIENTED_EDGE ( 'NONE', *, *, #441, .F. ) ;
#40 = EDGE_CURVE ( 'NONE', #610, #2174, #2511, .T. ) ;
#41 = AXIS2_PLACEMENT_3D ( 'NONE', #1679, #2782, #78 ) ;
#42 = ADVANCED_FACE ( 'NONE', ( #1096 ), #380, .T. ) ;
#43 = DIRECTION ( 'NONE',  ( -0.000000000000000000, -1.000000000000000000, -0.000000000000000000 ) ) ;
#44 = ORIENTED_EDGE ( 'NONE', *, *, #2549, .T. ) ;
#45 = ORIENTED_EDGE ( 'NONE', *, *, #40, .F. ) ;
#46 = AXIS2_PLACEMENT_3D ( 'NONE', #2192, #1037, #2794 ) ;
#47 = PRESENTATION_STYLE_ASSIGNMENT (( #238 ) ) ;
#48 = FACE_OUTER_BOUND ( 'NONE', #949, .T. ) ;
#49 = DIRECTION ( 'NONE',  ( 0.000000000000000000, 0.000000000000000000, -1.000000000000000000 ) ) ;
#50 = APPLICATION_CONTEXT ( 'automotive_design' ) ;
#51 = CIRCLE ( 'NONE', #1258, 6.000000000000000888 ) ;
#52 = ORIENTED_EDGE ( 'NONE', *, *, #2030, .T. ) ;
#53 = EDGE_CURVE ( 'NONE', #1828, #1024, #1093, .T. ) ;
#54 = CARTESIAN_POINT ( 'NONE',  ( 4.307261310856357994, 1.550000000000000044, 3.500000000000000000 ) ) ;
#55 = DIRECTION ( 'NONE',  ( -0.000000000000000000, -1.000000000000000000, -0.000000000000000000 ) ) ;
#56 = ORIENTED_EDGE ( 'NONE', *, *, #903, .T. ) ;
#57 = ORIENTED_EDGE ( 'NONE', *, *, #1698, .T. ) ;
#58 = MANIFOLD_SOLID_BREP ( 'Body-Move/Copy1[4]', #1049 ) ;
#59 = EDGE_CURVE ( 'NONE', #1186, #2197, #642, .T. ) ;
#60 =( NAMED_UNIT ( * ) SI_UNIT ( $, .STERADIAN. ) SOLID_ANGLE_UNIT ( ) );
#61 = EDGE_LOOP ( 'NONE', ( #592, #2091, #45, #183 ) ) ;
#62 = PLANE ( 'NONE',  #809 ) ;
#63 = CARTESIAN_POINT ( 'NONE',  ( -2.202271554554530386, 5.049999999999999822, 4.599999999999997868 ) ) ;
#64 = PLANE ( 'NONE',  #512 ) ;
#65 = DIRECTION ( 'NONE',  ( -0.000000000000000000, 1.000000000000000000, -0.000000000000000000 ) ) ;
#66 = ORIENTED_EDGE ( 'NONE', *, *, #668, .T. ) ;
#67 = LINE ( 'NONE', #1589, #2546 ) ;
#68 = DIRECTION ( 'NONE',  ( 0.000000000000000000, 0.000000000000000000, -1.000000000000000000 ) ) ;
#69 = CLOSED_SHELL ( 'NONE', ( #1639, #2417, #2583, #138 ) ) ;
#70 = COLOUR_RGB ( '',1.000000000000000000, 1.000000000000000000, 1.000000000000000000 ) ;
#71 = EDGE_CURVE ( 'NONE', #341, #1358, #1246, .T. ) ;
#72 = ORIENTED_EDGE ( 'NONE', *, *, #1159, .T. ) ;
#73 = ORIENTED_EDGE ( 'NONE', *, *, #2020, .F. ) ;
#74 = CARTESIAN_POINT ( 'NONE',  ( 2.500000000000000000, -8.031370849898477715, -2.100000000000000089 ) ) ;
#75 = CARTESIAN_POINT ( 'NONE',  ( -5.898304841223452222, 7.099999999999999645, -1.350000000000000089 ) ) ;
#76 = DIRECTION ( 'NONE',  ( 0.000000000000000000, 0.7071067811865489050, 0.7071067811865461294 ) ) ;
#77 = DIRECTION ( 'NONE',  ( 0.000000000000000000, 0.000000000000000000, 1.000000000000000000 ) ) ;
#78 = DIRECTION ( 'NONE',  ( 0.000000000000000000, 0.000000000000000000, 1.000000000000000000 ) ) ;
#79 = CIRCLE ( 'NONE', #489, 5.100000000000001421 ) ;
#80 = ORIENTED_EDGE ( 'NONE', *, *, #297, .T. ) ;
#81 = CYLINDRICAL_SURFACE ( 'NONE', #222, 4.450000000000360778 ) ;
#82 = CARTESIAN_POINT ( 'NONE',  ( 5.898304841223452222, 7.099999999999999645, 1.100000000000000089 ) ) ;
#83 = CIRCLE ( 'NONE', #2310, 6.000000000000000888 ) ;
#84 = ORIENTED_EDGE ( 'NONE', *, *, #616, .F. ) ;
#85 = ORIENTED_EDGE ( 'NONE', *, *, #1573, .F. ) ;
#86 = EDGE_CURVE ( 'NONE', #1024, #2854, #2437, .T. ) ;
#87 = ADVANCED_FACE ( 'NONE', ( #1264 ), #1718, .F. ) ;
#88 = ORIENTED_EDGE ( 'NONE', *, *, #4, .F. ) ;
#89 = DIRECTION ( 'NONE',  ( 0.000000000000000000, 0.000000000000000000, -1.000000000000000000 ) ) ;
#90 = LINE ( 'NONE', #63, #925 ) ;
#91 = DIRECTION ( 'NONE',  ( 0.000000000000000000, 1.000000000000000000, 0.000000000000000000 ) ) ;
#92 = CARTESIAN_POINT ( 'NONE',  ( -7.530337257590308475, 4.450000000000000178, 2.350000000000000089 ) ) ;
#93 = VECTOR ( 'NONE', #1421, 1000.000000000000000 ) ;
#94 = ORIENTED_EDGE ( 'NONE', *, *, #1424, .T. ) ;
#95 = ORIENTED_EDGE ( 'NONE', *, *, #1097, .T. ) ;
#96 = CARTESIAN_POINT ( 'NONE',  ( 0.000000000000000000, 0.000000000000000000, -3.649999999999999911 ) ) ;
#97 = ADVANCED_FACE ( 'NONE', ( #524 ), #32, .F. ) ;
#98 = DIRECTION ( 'NONE',  ( 0.000000000000000000, -0.000000000000000000, -1.000000000000000000 ) ) ;
#99 = EDGE_CURVE ( 'NONE', #2179, #1828, #1825, .T. ) ;
#100 = VERTEX_POINT ( 'NONE', #2272 ) ;
#101 = ADVANCED_FACE ( 'NONE', ( #2300 ), #302, .T. ) ;
#102 = EDGE_CURVE ( 'NONE', #1295, #37, #2247, .T. ) ;
#103 = ORIENTED_EDGE ( 'NONE', *, *, #401, .F. ) ;
#104 = VECTOR ( 'NONE', #311, 1000.000000000000000 ) ;
#105 = EDGE_LOOP ( 'NONE', ( #1686, #2783 ) ) ;
#106 = EDGE_LOOP ( 'NONE', ( #1000, #1354, #94, #982 ) ) ;
#107 = CARTESIAN_POINT ( 'NONE',  ( 2.302172886644400673, 1.550000000000000044, 5.049999999999942979 ) ) ;
#108 = DIRECTION ( 'NONE',  ( 0.000000000000000000, 0.000000000000000000, -1.000000000000000000 ) ) ;
#109 = FACE_OUTER_BOUND ( 'NONE', #2815, .T. ) ;
#110 = DIRECTION ( 'NONE',  ( -0.000000000000000000, 1.000000000000000000, -0.000000000000000000 ) ) ;
#111 = ORIENTED_EDGE ( 'NONE', *, *, #785, .T. ) ;
#112 = EDGE_LOOP ( 'NONE', ( #2705, #1910, #1347, #572 ) ) ;
#113 = CARTESIAN_POINT ( 'NONE',  ( 0.000000000000000000, 2.000000000000000000, 0.000000000000000000 ) ) ;
#114 = DIRECTION ( 'NONE',  ( 0.000000000000000000, 0.000000000000000000, 1.000000000000000000 ) ) ;
#115 = ORIENTED_EDGE ( 'NONE', *, *, #1489, .F. ) ;
#116 = AXIS2_PLACEMENT_3D ( 'NONE', #1145, #23, #2695 ) ;
#117 = COLOUR_RGB ( '',0.7921568627450980005, 0.8196078431372548767, 0.9333333333333333481 ) ;
#118 = ORIENTED_EDGE ( 'NONE', *, *, #121, .F. ) ;
#119 = ORIENTED_EDGE ( 'NONE', *, *, #1097, .F. ) ;
#120 = CARTESIAN_POINT ( 'NONE',  ( 4.935826128910408173, 7.349999999999999645, 1.285346440570258597 ) ) ;
#121 = EDGE_CURVE ( 'NONE', #1431, #1352, #552, .T. ) ;
#122 = DIRECTION ( 'NONE',  ( -1.000000000000000000, 0.000000000000000000, 0.000000000000000000 ) ) ;
#123 = DIRECTION ( 'NONE',  ( 0.000000000000000000, 1.000000000000000000, 0.000000000000000000 ) ) ;
#124 = CARTESIAN_POINT ( 'NONE',  ( 3.799999999999999822, 1.550000000000000044, 0.000000000000000000 ) ) ;
#125 = VERTEX_POINT ( 'NONE', #1599 ) ;
#126 = ORIENTED_EDGE ( 'NONE', *, *, #2161, .F. ) ;
#127 = CARTESIAN_POINT ( 'NONE',  ( 3.799999999999999822, 0.000000000000000000, 0.000000000000000000 ) ) ;
#128 = CARTESIAN_POINT ( 'NONE',  ( 0.000000000000000000, 7.349999999999999645, 0.000000000000000000 ) ) ;
#129 = ORIENTED_EDGE ( 'NONE', *, *, #2712, .T. ) ;
#130 = ORIENTED_EDGE ( 'NONE', *, *, #2062, .T. ) ;
#131 = AXIS2_PLACEMENT_3D ( 'NONE', #628, #1477, #392 ) ;
#132 = AXIS2_PLACEMENT_3D ( 'NONE', #2601, #383, #1220 ) ;
#133 = CARTESIAN_POINT ( 'NONE',  ( 0.000000000000000000, 0.000000000000000000, 0.000000000000000000 ) ) ;
#134 = ADVANCED_FACE ( 'NONE', ( #1797 ), #945, .T. ) ;
#135 = DIRECTION ( 'NONE',  ( 0.000000000000000000, -1.000000000000000000, 0.000000000000000000 ) ) ;
#136 = CARTESIAN_POINT ( 'NONE',  ( -3.709447398198283175, 5.049999999999999822, -3.500000000000000000 ) ) ;
#137 = PLANE ( 'NONE',  #1078 ) ;
#138 = ADVANCED_FACE ( 'NONE', ( #919 ), #1359, .T. ) ;
#139 = AXIS2_PLACEMENT_3D ( 'NONE', #462, #220, #887 ) ;
#140 = DIRECTION ( 'NONE',  ( 0.000000000000000000, 1.000000000000000000, 0.000000000000000000 ) ) ;
#141 = ORIENTED_EDGE ( 'NONE', *, *, #616, .T. ) ;
#142 = ORIENTED_EDGE ( 'NONE', *, *, #1276, .F. ) ;
#143 = DIRECTION ( 'NONE',  ( -0.000000000000000000, -1.000000000000000000, -0.000000000000000000 ) ) ;
#144 = CARTESIAN_POINT ( 'NONE',  ( 4.837354648979130367, 3.935713225380016222, -1.050000000000004041 ) ) ;
#145 = CIRCLE ( 'NONE', #2140, 5.550000000000002487 ) ;
#146 = EDGE_LOOP ( 'NONE', ( #221, #391, #2215, #539, #2048 ) ) ;
#147 = DIRECTION ( 'NONE',  ( 0.000000000000000000, 0.000000000000000000, 1.000000000000000000 ) ) ;
#148 = ORIENTED_EDGE ( 'NONE', *, *, #2460, .T. ) ;
#149 = AXIS2_PLACEMENT_3D ( 'NONE', #2177, #123, #181 ) ;
#150 = CARTESIAN_POINT ( 'NONE',  ( 0.000000000000000000, 1.550000000000000044, 0.000000000000000000 ) ) ;
#151 = CARTESIAN_POINT ( 'NONE',  ( 0.000000000000000000, 5.049999999999999822, -4.450000000000360778 ) ) ;
#152 = LINE ( 'NONE', #1659, #695 ) ;
#153 = DIRECTION ( 'NONE',  ( 1.224646799147353454E-16, 0.000000000000000000, -1.000000000000000000 ) ) ;
#154 = CIRCLE ( 'NONE', #897, 5.550000000000002487 ) ;
#155 = CARTESIAN_POINT ( 'NONE',  ( -2.397915761656367106, 7.350000000000001421, 5.499999999999998224 ) ) ;
#156 = ORIENTED_EDGE ( 'NONE', *, *, #509, .F. ) ;
#157 = ORIENTED_EDGE ( 'NONE', *, *, #444, .F. ) ;
#158 =( LENGTH_UNIT ( ) NAMED_UNIT ( * ) SI_UNIT ( .MILLI., .METRE. ) );
#159 = DIRECTION ( 'NONE',  ( -1.000000000000000000, 0.000000000000000000, 0.000000000000000000 ) ) ;
#160 = VERTEX_POINT ( 'NONE', #2083 ) ;
#161 = FACE_OUTER_BOUND ( 'NONE', #533, .T. ) ;
#162 = DIRECTION ( 'NONE',  ( 0.000000000000000000, 1.000000000000000000, 0.000000000000000000 ) ) ;
#163 = EDGE_CURVE ( 'NONE', #299, #2092, #717, .T. ) ;
#164 = ORIENTED_EDGE ( 'NONE', *, *, #970, .F. ) ;
#165 = SURFACE_SIDE_STYLE ('',( #2157 ) ) ;
#166 = DIRECTION ( 'NONE',  ( 0.000000000000000000, 1.000000000000000000, 0.000000000000000000 ) ) ;
#167 = CARTESIAN_POINT ( 'NONE',  ( 0.000000000000000000, 14.10436310160931761, 4.382102153512651199 ) ) ;
#168 = CARTESIAN_POINT ( 'NONE',  ( -2.500000000000000000, -8.031370849898477715, -2.900000000000000355 ) ) ;
#169 = DIRECTION ( 'NONE',  ( 0.000000000000000000, -0.000000000000000000, -1.000000000000000000 ) ) ;
#170 = ORIENTED_EDGE ( 'NONE', *, *, #372, .F. ) ;
#171 = DIRECTION ( 'NONE',  ( 0.000000000000000000, 1.000000000000000000, 0.000000000000000000 ) ) ;
#172 = CARTESIAN_POINT ( 'NONE',  ( 0.000000000000000000, 0.000000000000000000, -3.649999999999999911 ) ) ;
#173 = CARTESIAN_POINT ( 'NONE',  ( 0.000000000000000000, 5.049999999999999822, 0.000000000000000000 ) ) ;
#174 = CARTESIAN_POINT ( 'NONE',  ( -2.500000000000000000, -3.449999999999999734, -2.900000000000000355 ) ) ;
#175 = EDGE_CURVE ( 'NONE', #1397, #2544, #2735, .T. ) ;
#176 = EDGE_CURVE ( 'NONE', #753, #1245, #2259, .T. ) ;
#177 = VERTEX_POINT ( 'NONE', #1349 ) ;
#178 = AXIS2_PLACEMENT_3D ( 'NONE', #218, #1105, #1770 ) ;
#179 = CARTESIAN_POINT ( 'NONE',  ( -7.530337257590308475, 1.550000000000000044, -2.350000000000000089 ) ) ;
#180 = DIRECTION ( 'NONE',  ( 3.552713678800500929E-15, 0.000000000000000000, -1.000000000000000000 ) ) ;
#181 = DIRECTION ( 'NONE',  ( 0.000000000000000000, -0.000000000000000000, 1.000000000000000000 ) ) ;
#182 = DIRECTION ( 'NONE',  ( 0.000000000000000000, 0.000000000000000000, -1.000000000000000000 ) ) ;
#183 = ORIENTED_EDGE ( 'NONE', *, *, #295, .F. ) ;
#184 = CARTESIAN_POINT ( 'NONE',  ( 0.000000000000000000, 7.349999999999999645, -6.000000000000000888 ) ) ;
#185 = DIRECTION ( 'NONE',  ( -0.000000000000000000, 1.000000000000000000, -0.000000000000000000 ) ) ;
#186 = DIRECTION ( 'NONE',  ( 0.000000000000000000, -1.000000000000000000, 0.000000000000000000 ) ) ;
#187 = VERTEX_POINT ( 'NONE', #728 ) ;
#188 = EDGE_CURVE ( 'NONE', #284, #719, #90, .T. ) ;
#189 = CARTESIAN_POINT ( 'NONE',  ( 0.000000000000000000, 4.450000000000000178, 0.000000000000000000 ) ) ;
#190 = EDGE_CURVE ( 'NONE', #1225, #2257, #250, .T. ) ;
#191 = DIRECTION ( 'NONE',  ( 0.000000000000000000, -0.000000000000000000, 1.000000000000000000 ) ) ;
#192 = VECTOR ( 'NONE', #2808, 1000.000000000000000 ) ;
#193 = VECTOR ( 'NONE', #43, 1000.000000000000000 ) ;
#194 = VECTOR ( 'NONE', #432, 1000.000000000000000 ) ;
#195 =( LENGTH_UNIT ( ) NAMED_UNIT ( * ) SI_UNIT ( .MILLI., .METRE. ) );
#196 = AXIS2_PLACEMENT_3D ( 'NONE', #2410, #417, #1298 ) ;
#197 = ORIENTED_EDGE ( 'NONE', *, *, #1214, .T. ) ;
#198 = CARTESIAN_POINT ( 'NONE',  ( 3.799999999999999822, 0.000000000000000000, 0.7000000000000000666 ) ) ;
#199 = CARTESIAN_POINT ( 'NONE',  ( 4.307261310856357994, 1.550000000000000044, -3.500000000000000000 ) ) ;
#200 = CARTESIAN_POINT ( 'NONE',  ( -3.799999999999999822, 1.550000000000000044, -0.7000000000000000666 ) ) ;
#201 = ORIENTED_EDGE ( 'NONE', *, *, #2792, .F. ) ;
#202 = DIRECTION ( 'NONE',  ( -0.000000000000000000, 1.000000000000000000, -0.000000000000000000 ) ) ;
#203 = FACE_OUTER_BOUND ( 'NONE', #2033, .T. ) ;
#204 = LINE ( 'NONE', #1755, #1743 ) ;
#205 = ADVANCED_FACE ( 'NONE', ( #48 ), #287, .F. ) ;
#206 = ORIENTED_EDGE ( 'NONE', *, *, #2464, .T. ) ;
#207 = DIRECTION ( 'NONE',  ( 0.000000000000000000, -1.000000000000000000, 0.000000000000000000 ) ) ;
#208 = CARTESIAN_POINT ( 'NONE',  ( 0.000000000000000000, 4.450000000000000178, 0.000000000000000000 ) ) ;
#209 = DIRECTION ( 'NONE',  ( 0.000000000000000000, 0.000000000000000000, -1.000000000000000000 ) ) ;
#210 = ORIENTED_EDGE ( 'NONE', *, *, #1893, .F. ) ;
#211 = COLOUR_RGB ( '',0.7921568627450980005, 0.8196078431372548767, 0.9333333333333333481 ) ;
#212 = CIRCLE ( 'NONE', #1095, 4.500000000000000000 ) ;
#213 = DIRECTION ( 'NONE',  ( 0.000000000000000000, 0.000000000000000000, 1.000000000000000000 ) ) ;
#214 = VERTEX_POINT ( 'NONE', #1585 ) ;
#215 = SURFACE_SIDE_STYLE ('',( #906 ) ) ;
#216 = DIRECTION ( 'NONE',  ( 1.000000000000000000, 0.000000000000000000, 0.000000000000000000 ) ) ;
#217 = DIRECTION ( 'NONE',  ( -0.000000000000000000, -1.000000000000000000, -0.000000000000000000 ) ) ;
#218 = CARTESIAN_POINT ( 'NONE',  ( -7.530337257590308475, 4.450000000000000178, 3.500000000000000000 ) ) ;
#219 = ADVANCED_FACE ( 'NONE', ( #2066 ), #931, .F. ) ;
#220 = DIRECTION ( 'NONE',  ( 0.000000000000000000, 0.000000000000000000, -1.000000000000000000 ) ) ;
#221 = ORIENTED_EDGE ( 'NONE', *, *, #228, .F. ) ;
#222 = AXIS2_PLACEMENT_3D ( 'NONE', #329, #1664, #1178 ) ;
#223 = PLANE ( 'NONE',  #2462 ) ;
#224 = VERTEX_POINT ( 'NONE', #1483 ) ;
#225 = DIRECTION ( 'NONE',  ( -0.000000000000000000, 1.000000000000000000, -0.000000000000000000 ) ) ;
#226 = CARTESIAN_POINT ( 'NONE',  ( 0.000000000000000000, 2.949999999999999734, -1.050000000000004041 ) ) ;
#227 =( NAMED_UNIT ( * ) SI_UNIT ( $, .STERADIAN. ) SOLID_ANGLE_UNIT ( ) );
#228 = EDGE_CURVE ( 'NONE', #2854, #1717, #1467, .T. ) ;
#229 = AXIS2_PLACEMENT_3D ( 'NONE', #1749, #2628, #1281 ) ;
#230 = DIRECTION ( 'NONE',  ( -1.000000000000000000, 0.000000000000000000, 0.000000000000000000 ) ) ;
#231 = DIRECTION ( 'NONE',  ( -0.000000000000000000, -1.000000000000000000, -0.000000000000000000 ) ) ;
#232 = VECTOR ( 'NONE', #110, 1000.000000000000000 ) ;
#233 = ORIENTED_EDGE ( 'NONE', *, *, #2710, .T. ) ;
#234 = AXIS2_PLACEMENT_3D ( 'NONE', #2870, #445, #2667 ) ;
#235 = CARTESIAN_POINT ( 'NONE',  ( 5.874719881950397848, 7.323640879860004560, 1.220616172262289689 ) ) ;
#236 = ORIENTED_EDGE ( 'NONE', *, *, #1771, .F. ) ;
#237 = AXIS2_PLACEMENT_3D ( 'NONE', #1195, #2292, #98 ) ;
#238 = SURFACE_STYLE_USAGE ( .BOTH. , #215 ) ;
#239 = DIRECTION ( 'NONE',  ( 0.000000000000000000, 0.000000000000000000, 1.000000000000000000 ) ) ;
#240 = LINE ( 'NONE', #1126, #2868 ) ;
#241 = DIRECTION ( 'NONE',  ( 0.000000000000000000, 0.000000000000000000, 1.000000000000000000 ) ) ;
#242 = AXIS2_PLACEMENT_3D ( 'NONE', #1329, #2225, #2701 ) ;
#243 = EDGE_CURVE ( 'NONE', #1654, #2137, #283, .T. ) ;
#244 = VERTEX_POINT ( 'NONE', #816 ) ;
#245 = CARTESIAN_POINT ( 'NONE',  ( -4.837354648979129479, 3.935713225380016222, -1.050000000000003597 ) ) ;
#246 = EDGE_LOOP ( 'NONE', ( #1833, #2 ) ) ;
#247 = AXIS2_PLACEMENT_3D ( 'NONE', #2299, #784, #1611 ) ;
#248 = CARTESIAN_POINT ( 'NONE',  ( -5.846152580971524237, 7.349999999999999645, -1.350000000000000089 ) ) ;
#249 = DIRECTION ( 'NONE',  ( -0.000000000000000000, 1.000000000000000000, -0.000000000000000000 ) ) ;
#250 = B_SPLINE_CURVE_WITH_KNOTS ( 'NONE', 3,
 ( #1135, #688, #2719, #1146, #1572, #248 ),
 .UNSPECIFIED., .F., .F.,
 ( 4, 2, 4 ),
 ( 0.000000000000000000, 0.0001974528489169078587, 0.0003949056978338157174 ),
 .UNSPECIFIED. ) ;
#251 = FACE_OUTER_BOUND ( 'NONE', #1111, .T. ) ;
#252 = CARTESIAN_POINT ( 'NONE',  ( 0.000000000000000000, 3.935713225380015334, 0.000000000000000000 ) ) ;
#253 = VERTEX_POINT ( 'NONE', #551 ) ;
#254 = ORIENTED_EDGE ( 'NONE', *, *, #475, .T. ) ;
#255 = AXIS2_PLACEMENT_3D ( 'NONE', #309, #1406, #1194 ) ;
#257 = EDGE_CURVE ( 'NONE', #1663, #610, #152, .T. ) ;
#256 = CARTESIAN_POINT ( 'NONE',  ( 7.347880794884117764E-17, 0.000000000000000000, -4.250000000000000000 ) ) ;
#258 = ORIENTED_EDGE ( 'NONE', *, *, #566, .T. ) ;
#259 = CARTESIAN_POINT ( 'NONE',  ( 5.213469840897474350E-16, 14.34999999999999787, -4.132140229723552771 ) ) ;
#260 = DIRECTION ( 'NONE',  ( 0.000000000000000000, 1.000000000000000000, 0.000000000000000000 ) ) ;
#261 = DIRECTION ( 'NONE',  ( 0.000000000000000000, 1.000000000000000000, 0.000000000000000000 ) ) ;
#262 = EDGE_LOOP ( 'NONE', ( #2545, #31, #1410, #2228, #1548 ) ) ;
#263 = CARTESIAN_POINT ( 'NONE',  ( 2.167948338867885738, 1.550000000000000044, 4.449999999999998401 ) ) ;
#264 = AXIS2_PLACEMENT_3D ( 'NONE', #934, #1166, #1603 ) ;
#265 = CARTESIAN_POINT ( 'NONE',  ( 4.837354648979129479, 3.935713225380016222, 1.050000000000004041 ) ) ;
#266 = ORIENTED_EDGE ( 'NONE', *, *, #2069, .T. ) ;
#267 = ADVANCED_FACE ( 'NONE', ( #599 ), #2344, .F. ) ;
#268 = VECTOR ( 'NONE', #896, 1000.000000000000114 ) ;
#269 = ORIENTED_EDGE ( 'NONE', *, *, #188, .F. ) ;
#270 = AXIS2_PLACEMENT_3D ( 'NONE', #2039, #960, #494 ) ;
#271 = AXIS2_PLACEMENT_3D ( 'NONE', #2208, #465, #1982 ) ;
#272 =( NAMED_UNIT ( * ) PLANE_ANGLE_UNIT ( ) SI_UNIT ( $, .RADIAN. ) );
#273 = ORIENTED_EDGE ( 'NONE', *, *, #913, .F. ) ;
#274 = LINE ( 'NONE', #771, #1455 ) ;
#275 = DIRECTION ( 'NONE',  ( -0.000000000000000000, 1.000000000000000000, -0.000000000000000000 ) ) ;
#276 = DIRECTION ( 'NONE',  ( 0.000000000000000000, -1.000000000000000000, 0.000000000000000000 ) ) ;
#277 = LINE ( 'NONE', #2057, #1575 ) ;
#278 = VECTOR ( 'NONE', #91, 1000.000000000000000 ) ;
#279 = VERTEX_POINT ( 'NONE', #568 ) ;
#280 = FACE_OUTER_BOUND ( 'NONE', #546, .T. ) ;
#281 = CARTESIAN_POINT ( 'NONE',  ( 0.000000000000000000, 7.349999999999999645, 0.000000000000000000 ) ) ;
#282 = ORIENTED_EDGE ( 'NONE', *, *, #441, .T. ) ;
#283 = B_SPLINE_CURVE_WITH_KNOTS ( 'NONE', 3,
 ( #772, #1451, #2532, #1677 ),
 .UNSPECIFIED., .F., .F.,
 ( 4, 4 ),
 ( 0.009959990085905510299, 0.01070796434691705448 ),
 .UNSPECIFIED. ) ;
#284 = VERTEX_POINT ( 'NONE', #1705 ) ;
#285 = LINE ( 'NONE', #74, #1384 ) ;
#286 = CARTESIAN_POINT ( 'NONE',  ( 0.000000000000000000, 4.049999999999999822, 0.000000000000000000 ) ) ;
#287 = PLANE ( 'NONE',  #2423 ) ;
#288 = FACE_OUTER_BOUND ( 'NONE', #571, .T. ) ;
#289 = DIRECTION ( 'NONE',  ( 0.000000000000000000, 1.000000000000000000, 0.000000000000000000 ) ) ;
#290 = ORIENTED_EDGE ( 'NONE', *, *, #654, .T. ) ;
#291 = DIRECTION ( 'NONE',  ( 1.000000000000000000, 0.000000000000000000, -0.000000000000000000 ) ) ;
#292 = FACE_OUTER_BOUND ( 'NONE', #703, .T. ) ;
#293 = VECTOR ( 'NONE', #812, 1000.000000000000000 ) ;
#294 = PRESENTATION_LAYER_ASSIGNMENT (  '', '', ( #1867 ) ) ;
#295 = EDGE_CURVE ( 'NONE', #2137, #610, #1371, .T. ) ;
#296 = ORIENTED_EDGE ( 'NONE', *, *, #163, .T. ) ;
#297 = EDGE_CURVE ( 'NONE', #419, #253, #1016, .T. ) ;
#298 = ORIENTED_EDGE ( 'NONE', *, *, #1558, .F. ) ;
#299 = VERTEX_POINT ( 'NONE', #352 ) ;
#300 = EDGE_CURVE ( 'NONE', #1117, #1828, #2186, .T. ) ;
#301 = CYLINDRICAL_SURFACE ( 'NONE', #2110, 0.2500000000000000000 ) ;
#302 = PLANE ( 'NONE',  #1670 ) ;
#303 = DIRECTION ( 'NONE',  ( 0.000000000000000000, 1.000000000000000000, 0.000000000000000000 ) ) ;
#304 = CARTESIAN_POINT ( 'NONE',  ( -2.500000000000000000, -8.031370849898477715, 2.500000000000000000 ) ) ;
#305 = ADVANCED_FACE ( 'NONE', ( #338 ), #1913, .F. ) ;
#306 = EDGE_CURVE ( 'NONE', #564, #1431, #1764, .T. ) ;
#307 = AXIS2_PLACEMENT_3D ( 'NONE', #679, #1350, #1565 ) ;
#308 = ORIENTED_EDGE ( 'NONE', *, *, #1252, .F. ) ;
#309 = CARTESIAN_POINT ( 'NONE',  ( -7.530337257590308475, 4.450000000000000178, 2.350000000000000089 ) ) ;
#310 = EDGE_CURVE ( 'NONE', #2092, #2086, #1690, .T. ) ;
#311 = DIRECTION ( 'NONE',  ( -0.000000000000000000, 1.000000000000000000, -0.000000000000000000 ) ) ;
#312 = VECTOR ( 'NONE', #1857, 1000.000000000000000 ) ;
#313 = ORIENTED_EDGE ( 'NONE', *, *, #2677, .F. ) ;
#314 = CIRCLE ( 'NONE', #2686, 5.100000000000001421 ) ;
#315 = ORIENTED_EDGE ( 'NONE', *, *, #1046, .F. ) ;
#316 = ORIENTED_EDGE ( 'NONE', *, *, #2346, .T. ) ;
#317 = UNCERTAINTY_MEASURE_WITH_UNIT (LENGTH_MEASURE( 1.000000000000000082E-05 ), #2246, 'distance_accuracy_value', 'NONE');
#318 = FACE_OUTER_BOUND ( 'NONE', #2756, .T. ) ;
#319 = EDGE_LOOP ( 'NONE', ( #2265, #1430 ) ) ;
#320 = DIRECTION ( 'NONE',  ( 0.000000000000000000, 1.000000000000000000, 0.000000000000000000 ) ) ;
#321 = DIRECTION ( 'NONE',  ( 0.000000000000000000, -1.000000000000000000, 0.000000000000000000 ) ) ;
#322 = VECTOR ( 'NONE', #469, 1000.000000000000000 ) ;
#323 =( GEOMETRIC_REPRESENTATION_CONTEXT ( 3 ) GLOBAL_UNCERTAINTY_ASSIGNED_CONTEXT ( ( #1944 ) ) GLOBAL_UNIT_ASSIGNED_CONTEXT ( ( #713, #272, #60 ) ) REPRESENTATION_CONTEXT ( 'NONE', 'WORKASPACE' ) );
#324 = DIRECTION ( 'NONE',  ( 0.000000000000000000, -1.000000000000000000, 0.000000000000000000 ) ) ;
#325 = DIRECTION ( 'NONE',  ( 0.000000000000000000, -1.000000000000000000, 0.000000000000000000 ) ) ;
#326 = VECTOR ( 'NONE', #2721, 1000.000000000000000 ) ;
#327 = EDGE_LOOP ( 'NONE', ( #889, #1746, #517, #2209 ) ) ;
#328 = ORIENTED_EDGE ( 'NONE', *, *, #1945, .T. ) ;
#329 = CARTESIAN_POINT ( 'NONE',  ( 0.000000000000000000, 17.28805540108471916, 0.000000000000000000 ) ) ;
#330 = CARTESIAN_POINT ( 'NONE',  ( -5.898304841223452222, 2.850000000000000089, 1.100000000000000089 ) ) ;
#331 = AXIS2_PLACEMENT_3D ( 'NONE', #1268, #586, #2841 ) ;
#332 = ORIENTED_EDGE ( 'NONE', *, *, #1001, .F. ) ;
#333 = ORIENTED_EDGE ( 'NONE', *, *, #2551, .T. ) ;
#334 = ORIENTED_EDGE ( 'NONE', *, *, #2274, .T. ) ;
#335 = EDGE_CURVE ( 'NONE', #356, #1654, #990, .T. ) ;
#336 = ORIENTED_EDGE ( 'NONE', *, *, #1899, .F. ) ;
#337 = CARTESIAN_POINT ( 'NONE',  ( -3.709447398198282730, 2.000000000000000000, -3.500000000000000000 ) ) ;
#338 = FACE_OUTER_BOUND ( 'NONE', #1903, .T. ) ;
#339 = DIRECTION ( 'NONE',  ( 0.000000000000000000, -1.000000000000000000, 0.000000000000000000 ) ) ;
#340 = LINE ( 'NONE', #1887, #2834 ) ;
#341 = VERTEX_POINT ( 'NONE', #2332 ) ;
#342 = ORIENTED_EDGE ( 'NONE', *, *, #2848, .T. ) ;
#343 = DIRECTION ( 'NONE',  ( -7.105427357601001859E-15, 0.000000000000000000, 1.000000000000000000 ) ) ;
#344 = CARTESIAN_POINT ( 'NONE',  ( -4.979959839195494453, 7.167071543749736762, 1.100000000000000089 ) ) ;
#345 = VERTEX_POINT ( 'NONE', #2101 ) ;
#346 = CIRCLE ( 'NONE', #2296, 0.7000000000000000666 ) ;
#347 = AXIS2_PLACEMENT_3D ( 'NONE', #591, #2351, #2150 ) ;
#348 = EDGE_LOOP ( 'NONE', ( #115, #2799, #2122, #1846 ) ) ;
#349 = EDGE_CURVE ( 'NONE', #1100, #2530, #501, .T. ) ;
#350 = EDGE_CURVE ( 'NONE', #2682, #341, #878, .T. ) ;
#351 = CARTESIAN_POINT ( 'NONE',  ( 2.500000000000000000, -8.031370849898477715, -2.500000000000000000 ) ) ;
#352 = CARTESIAN_POINT ( 'NONE',  ( -4.873397172404483335, 4.450000000000000178, -3.500000000000000000 ) ) ;
#353 = LINE ( 'NONE', #849, #1579 ) ;
#354 = DIRECTION ( 'NONE',  ( 0.000000000000000000, 0.000000000000000000, -1.000000000000000000 ) ) ;
#355 = VERTEX_POINT ( 'NONE', #1856 ) ;
#356 = VERTEX_POINT ( 'NONE', #758 ) ;
#357 = FACE_OUTER_BOUND ( 'NONE', #1647, .T. ) ;
#358 = DIRECTION ( 'NONE',  ( 0.000000000000000000, 0.000000000000000000, -1.000000000000000000 ) ) ;
#359 = AXIS2_PLACEMENT_3D ( 'NONE', #2757, #143, #1616 ) ;
#360 = ORIENTED_EDGE ( 'NONE', *, *, #608, .F. ) ;
#361 = CARTESIAN_POINT ( 'NONE',  ( -4.951801026143146878, 7.324181976462096344, -1.221460777811618659 ) ) ;
#362 = ORIENTED_EDGE ( 'NONE', *, *, #911, .F. ) ;
#363 = EDGE_CURVE ( 'NONE', #719, #753, #2363, .T. ) ;
#364 = AXIS2_PLACEMENT_3D ( 'NONE', #1715, #1941, #856 ) ;
#365 = AXIS2_PLACEMENT_3D ( 'NONE', #2811, #977, #108 ) ;
#366 = DIRECTION ( 'NONE',  ( -0.000000000000000000, -1.000000000000000000, -0.000000000000000000 ) ) ;
#367 = CARTESIAN_POINT ( 'NONE',  ( 0.000000000000000000, 4.450000000000000178, 0.000000000000000000 ) ) ;
#368 = CARTESIAN_POINT ( 'NONE',  ( -4.526311964502669483, 5.049999999999999822, -2.350000000000000089 ) ) ;
#369 = CARTESIAN_POINT ( 'NONE',  ( -2.500000000000000000, 1.550000000000000044, 2.500000000000000000 ) ) ;
#370 = ORIENTED_EDGE ( 'NONE', *, *, #904, .F. ) ;
#371 = VERTEX_POINT ( 'NONE', #2768 ) ;
#372 = EDGE_CURVE ( 'NONE', #2392, #2053, #865, .T. ) ;
#373 = CARTESIAN_POINT ( 'NONE',  ( 0.000000000000000000, 7.349999999999999645, 0.000000000000000000 ) ) ;
#374 = AXIS2_PLACEMENT_3D ( 'NONE', #2508, #962, #511 ) ;
#375 = VERTEX_POINT ( 'NONE', #2553 ) ;
#376 = DIRECTION ( 'NONE',  ( 0.000000000000000000, -0.000000000000000000, 1.000000000000000000 ) ) ;
#377 = CARTESIAN_POINT ( 'NONE',  ( 0.000000000000000000, 2.949999999999999734, 0.000000000000000000 ) ) ;
#378 = EDGE_LOOP ( 'NONE', ( #1196, #1662, #2151, #2132, #1169, #988, #649, #1592, #1412, #770, #1393, #2619, #1814, #2008, #975, #1273, #2660, #2354 ) ) ;
#379 = CIRCLE ( 'NONE', #2142, 0.4000000000000001887 ) ;
#380 = CYLINDRICAL_SURFACE ( 'NONE', #671, 0.7000000000000000666 ) ;
#381 = DIRECTION ( 'NONE',  ( 0.000000000000000000, 0.000000000000000000, 1.000000000000000000 ) ) ;
#382 = CARTESIAN_POINT ( 'NONE',  ( 0.000000000000000000, 2.949999999999999734, 0.000000000000000000 ) ) ;
#383 = DIRECTION ( 'NONE',  ( -1.000000000000000000, 0.000000000000000000, 0.000000000000000000 ) ) ;
#384 = DIRECTION ( 'NONE',  ( 0.000000000000000000, 0.000000000000000000, 1.000000000000000000 ) ) ;
#385 = VECTOR ( 'NONE', #1318, 1000.000000000000000 ) ;
#386 = CARTESIAN_POINT ( 'NONE',  ( -2.500000000000000000, -3.449999999999999734, -2.500000000000000000 ) ) ;
#387 = ORIENTED_EDGE ( 'NONE', *, *, #243, .T. ) ;
#388 = ORIENTED_EDGE ( 'NONE', *, *, #937, .T. ) ;
#389 = CARTESIAN_POINT ( 'NONE',  ( -3.911393382129818352, 1.853116077515413851, 3.500000000000000000 ) ) ;
#390 = CARTESIAN_POINT ( 'NONE',  ( 5.520643078482796895, 1.550000000000000044, -2.350000000000000089 ) ) ;
#391 = ORIENTED_EDGE ( 'NONE', *, *, #86, .F. ) ;
#392 = DIRECTION ( 'NONE',  ( 0.000000000000000000, -0.000000000000000000, -1.000000000000000000 ) ) ;
#393 = DIRECTION ( 'NONE',  ( 0.000000000000000000, 1.000000000000000000, 0.000000000000000000 ) ) ;
#394 = ORIENTED_EDGE ( 'NONE', *, *, #619, .T. ) ;
#395 = EDGE_CURVE ( 'NONE', #2032, #513, #863, .T. ) ;
#396 = DIRECTION ( 'NONE',  ( 0.000000000000000000, -1.000000000000000000, 0.000000000000000000 ) ) ;
#397 = ORIENTED_EDGE ( 'NONE', *, *, #176, .T. ) ;
#398 = LINE ( 'NONE', #1248, #1434 ) ;
#399 = LINE ( 'NONE', #2826, #1610 ) ;
#400 = CARTESIAN_POINT ( 'NONE',  ( -5.898304841223452222, 7.099999999999999645, 1.100000000000000089 ) ) ;
#401 = EDGE_CURVE ( 'NONE', #1876, #214, #1243, .T. ) ;
#402 = CARTESIAN_POINT ( 'NONE',  ( -5.898304841224119244, 7.166796258360332850, 1.099999999999458522 ) ) ;
#403 = EDGE_CURVE ( 'NONE', #2104, #766, #1967, .T. ) ;
#404 = EDGE_LOOP ( 'NONE', ( #2373, #30, #39 ) ) ;
#405 = LINE ( 'NONE', #883, #268 ) ;
#406 = FILL_AREA_STYLE_COLOUR ( '', #117 ) ;
#407 = EDGE_CURVE ( 'NONE', #513, #2871, #399, .T. ) ;
#408 = EDGE_CURVE ( 'NONE', #1259, #1245, #1994, .T. ) ;
#409 = CARTESIAN_POINT ( 'NONE',  ( -7.530337257590308475, 4.450000000000000178, 3.500000000000000000 ) ) ;
#410 = DIRECTION ( 'NONE',  ( 0.000000000000000000, -1.000000000000000000, 0.000000000000000000 ) ) ;
#411 = CIRCLE ( 'NONE', #2026, 5.550000000000002487 ) ;
#412 = CARTESIAN_POINT ( 'NONE',  ( 2.236308528085700242, 1.850082682779086829, 4.749917317220910817 ) ) ;
#413 = ORIENTED_EDGE ( 'NONE', *, *, #2802, .F. ) ;
#414 = AXIS2_PLACEMENT_3D ( 'NONE', #2402, #2152, #1288 ) ;
#415 = DIRECTION ( 'NONE',  ( 0.000000000000000000, 0.000000000000000000, -1.000000000000000000 ) ) ;
#416 = CARTESIAN_POINT ( 'NONE',  ( 0.000000000000000000, 1.550000000000000044, 0.000000000000000000 ) ) ;
#417 = DIRECTION ( 'NONE',  ( -0.000000000000000000, 1.000000000000000000, -0.000000000000000000 ) ) ;
#418 = DIRECTION ( 'NONE',  ( -0.000000000000000000, -1.000000000000000000, -0.000000000000000000 ) ) ;
#419 = VERTEX_POINT ( 'NONE', #167 ) ;
#420 = CARTESIAN_POINT ( 'NONE',  ( 0.000000000000000000, 5.049999999999999822, 0.000000000000000000 ) ) ;
#421 = CARTESIAN_POINT ( 'NONE',  ( 0.000000000000000000, 17.28805540108471916, 0.000000000000000000 ) ) ;
#422 = AXIS2_PLACEMENT_3D ( 'NONE', #2648, #1337, #2400 ) ;
#423 = CARTESIAN_POINT ( 'NONE',  ( 2.397915761656367106, 14.34999999999999787, 5.499999999999998224 ) ) ;
#424 = CARTESIAN_POINT ( 'NONE',  ( 5.027922035990616934, 1.550000000000000044, 2.350000000000000089 ) ) ;
#425 = DIRECTION ( 'NONE',  ( -0.000000000000000000, -1.000000000000000000, -0.000000000000000000 ) ) ;
#426 = AXIS2_PLACEMENT_3D ( 'NONE', #2506, #2489, #1390 ) ;
#427 = AXIS2_PLACEMENT_3D ( 'NONE', #369, #2859, #169 ) ;
#428 = CIRCLE ( 'NONE', #841, 5.099999999999999645 ) ;
#429 = LINE ( 'NONE', #1052, #293 ) ;
#430 = AXIS2_PLACEMENT_3D ( 'NONE', #2084, #729, #2040 ) ;
#431 = VERTEX_POINT ( 'NONE', #2193 ) ;
#432 = DIRECTION ( 'NONE',  ( -0.000000000000000000, 1.000000000000000000, -0.000000000000000000 ) ) ;
#433 = DIRECTION ( 'NONE',  ( 0.000000000000000000, 1.000000000000000000, 0.000000000000000000 ) ) ;
#434 = EDGE_CURVE ( 'NONE', #2398, #1225, #1084, .T. ) ;
#435 = ORIENTED_EDGE ( 'NONE', *, *, #2425, .T. ) ;
#436 = CARTESIAN_POINT ( 'NONE',  ( 0.000000000000000000, 0.000000000000000000, -3.649999999999999911 ) ) ;
#437 = LINE ( 'NONE', #2622, #2136 ) ;
#438 = CARTESIAN_POINT ( 'NONE',  ( 0.000000000000000000, 2.000000000000000000, 0.000000000000000000 ) ) ;
#439 = CARTESIAN_POINT ( 'NONE',  ( -4.979959839196100191, 7.167107952120536751, -1.099999999999608180 ) ) ;
#440 = CARTESIAN_POINT ( 'NONE',  ( -5.898304841223453110, 7.349999999999999645, 1.350000000000000089 ) ) ;
#441 = EDGE_CURVE ( 'NONE', #187, #2322, #1478, .T. ) ;
#442 = ORIENTED_EDGE ( 'NONE', *, *, #518, .F. ) ;
#443 = ADVANCED_FACE ( 'NONE', ( #633, #1720, #1513, #2643, #647 ), #620, .T. ) ;
#444 = EDGE_CURVE ( 'NONE', #1202, #2203, #2267, .T. ) ;
#445 = DIRECTION ( 'NONE',  ( 0.000000000000000000, -1.000000000000000000, 0.000000000000000000 ) ) ;
#446 = ORIENTED_EDGE ( 'NONE', *, *, #952, .F. ) ;
#447 = DIRECTION ( 'NONE',  ( 1.000000000000000000, 0.000000000000000000, 0.000000000000000000 ) ) ;
#448 = DIRECTION ( 'NONE',  ( 1.000000000000000000, 0.000000000000000000, -0.000000000000000000 ) ) ;
#449 = DIRECTION ( 'NONE',  ( 0.000000000000000000, 0.000000000000000000, -1.000000000000000000 ) ) ;
#450 = DIRECTION ( 'NONE',  ( -0.000000000000000000, 1.000000000000000000, -0.000000000000000000 ) ) ;
#451 = LINE ( 'NONE', #693, #2747 ) ;
#452 = EDGE_LOOP ( 'NONE', ( #157, #589, #1634, #1792 ) ) ;
#453 = AXIS2_PLACEMENT_3D ( 'NONE', #2559, #748, #1862 ) ;
#454 =( GEOMETRIC_REPRESENTATION_CONTEXT ( 3 ) GLOBAL_UNCERTAINTY_ASSIGNED_CONTEXT ( ( #1688 ) ) GLOBAL_UNIT_ASSIGNED_CONTEXT ( ( #2863, #1564, #1586 ) ) REPRESENTATION_CONTEXT ( 'NONE', 'WORKASPACE' ) );
#455 = PLANE ( 'NONE',  #2042 ) ;
#456 = ORIENTED_EDGE ( 'NONE', *, *, #2223, .T. ) ;
#457 = CARTESIAN_POINT ( 'NONE',  ( 0.000000000000000000, 0.000000000000000000, -3.649999999999999911 ) ) ;
#458 = LINE ( 'NONE', #907, #1379 ) ;
#459 =( NAMED_UNIT ( * ) PLANE_ANGLE_UNIT ( ) SI_UNIT ( $, .RADIAN. ) );
#460 = ADVANCED_FACE ( 'NONE', ( #1754 ), #638, .F. ) ;
#461 = CARTESIAN_POINT ( 'NONE',  ( 2.202271554554530830, 5.049999999999999822, 4.599999999999997868 ) ) ;
#462 = CARTESIAN_POINT ( 'NONE',  ( -7.530337257590308475, 4.450000000000000178, -3.500000000000000000 ) ) ;
#463 = ORIENTED_EDGE ( 'NONE', *, *, #1334, .F. ) ;
#464 = VECTOR ( 'NONE', #2810, 1000.000000000000000 ) ;
#465 = DIRECTION ( 'NONE',  ( 0.000000000000000000, -1.000000000000000000, 0.000000000000000000 ) ) ;
#466 = ORIENTED_EDGE ( 'NONE', *, *, #175, .F. ) ;
#467 = VECTOR ( 'NONE', #1239, 1000.000000000000000 ) ;
#468 = DIRECTION ( 'NONE',  ( 0.000000000000000000, 0.000000000000000000, 1.000000000000000000 ) ) ;
#469 = DIRECTION ( 'NONE',  ( -0.000000000000000000, 1.000000000000000000, -0.000000000000000000 ) ) ;
#470 = PRESENTATION_STYLE_ASSIGNMENT (( #1988 ) ) ;
#471 = LINE ( 'NONE', #2455, #1233 ) ;
#472 = DIRECTION ( 'NONE',  ( 0.000000000000000000, -0.000000000000000000, -1.000000000000000000 ) ) ;
#473 = VERTEX_POINT ( 'NONE', #1987 ) ;
#474 = ADVANCED_FACE ( 'NONE', ( #203, #2662 ), #1740, .T. ) ;
#475 = EDGE_CURVE ( 'NONE', #2678, #602, #437, .T. ) ;
#476 = ORIENTED_EDGE ( 'NONE', *, *, #1293, .F. ) ;
#477 = CARTESIAN_POINT ( 'NONE',  ( 4.979959839195492677, 2.850000000000000089, -1.100000000000000089 ) ) ;
#478 = ORIENTED_EDGE ( 'NONE', *, *, #2367, .F. ) ;
#479 = VECTOR ( 'NONE', #1134, 1000.000000000000000 ) ;
#480 = AXIS2_PLACEMENT_3D ( 'NONE', #1475, #1272, #358 ) ;
#481 = CARTESIAN_POINT ( 'NONE',  ( 4.973888690031649240, 7.232433914170788292, -1.128146979742028932 ) ) ;
#482 = DIRECTION ( 'NONE',  ( 0.000000000000000000, 1.000000000000000000, 0.000000000000000000 ) ) ;
#483 = EDGE_CURVE ( 'NONE', #2244, #2854, #884, .T. ) ;
#484 = ORIENTED_EDGE ( 'NONE', *, *, #2792, .T. ) ;
#485 = DIRECTION ( 'NONE',  ( 1.000000000000000000, -0.000000000000000000, -0.000000000000000000 ) ) ;
#486 = CARTESIAN_POINT ( 'NONE',  ( -2.202271554554530386, 2.000000000000000000, 4.599999999999997868 ) ) ;
#487 = ORIENTED_EDGE ( 'NONE', *, *, #2495, .T. ) ;
#488 = ORIENTED_EDGE ( 'NONE', *, *, #2419, .T. ) ;
#489 = AXIS2_PLACEMENT_3D ( 'NONE', #964, #559, #343 ) ;
#490 = FACE_OUTER_BOUND ( 'NONE', #930, .T. ) ;
#491 = ADVANCED_FACE ( 'NONE', ( #1504 ), #1563, .T. ) ;
#492 = ORIENTED_EDGE ( 'NONE', *, *, #2543, .F. ) ;
#493 = FACE_OUTER_BOUND ( 'NONE', #1177, .T. ) ;
#494 = DIRECTION ( 'NONE',  ( 0.000000000000000000, -0.000000000000000000, 1.000000000000000000 ) ) ;
#495 = LINE ( 'NONE', #2751, #1029 ) ;
#496 = DIRECTION ( 'NONE',  ( 0.000000000000000000, 0.000000000000000000, 1.000000000000000000 ) ) ;
#497 = ORIENTED_EDGE ( 'NONE', *, *, #690, .T. ) ;
#498 = CYLINDRICAL_SURFACE ( 'NONE', #1242, 0.4000000000000001887 ) ;
#499 = CIRCLE ( 'NONE', #2500, 0.4000000000000001887 ) ;
#500 = FACE_OUTER_BOUND ( 'NONE', #2206, .T. ) ;
#501 = CIRCLE ( 'NONE', #596, 6.000000000000000888 ) ;
#502 = ORIENTED_EDGE ( 'NONE', *, *, #1871, .T. ) ;
#503 = AXIS2_PLACEMENT_3D ( 'NONE', #2211, #2199, #870 ) ;
#504 = ORIENTED_EDGE ( 'NONE', *, *, #2031, .F. ) ;
#505 = AXIS2_PLACEMENT_3D ( 'NONE', #2035, #433, #1546 ) ;
#506 = FACE_OUTER_BOUND ( 'NONE', #1493, .T. ) ;
#507 = DIRECTION ( 'NONE',  ( 0.000000000000000000, -0.000000000000000000, 1.000000000000000000 ) ) ;
#508 = CARTESIAN_POINT ( 'NONE',  ( 5.520643078482796895, 4.450000000000000178, -2.350000000000000089 ) ) ;
#509 = EDGE_CURVE ( 'NONE', #1648, #244, #2635, .T. ) ;
#510 = EDGE_CURVE ( 'NONE', #2053, #371, #650, .T. ) ;
#511 = DIRECTION ( 'NONE',  ( 0.000000000000000000, 0.000000000000000000, 1.000000000000000000 ) ) ;
#512 = AXIS2_PLACEMENT_3D ( 'NONE', #1840, #49, #2067 ) ;
#513 = VERTEX_POINT ( 'NONE', #1522 ) ;
#514 = DIRECTION ( 'NONE',  ( 0.000000000000000000, 0.000000000000000000, 1.000000000000000000 ) ) ;
#515 = DIRECTION ( 'NONE',  ( 0.000000000000000000, 0.000000000000000000, -1.000000000000000000 ) ) ;
#516 = AXIS2_PLACEMENT_3D ( 'NONE', #2458, #2214, #472 ) ;
#517 = ORIENTED_EDGE ( 'NONE', *, *, #2802, .T. ) ;
#518 = EDGE_CURVE ( 'NONE', #2294, #2261, #2504, .T. ) ;
#519 = EDGE_CURVE ( 'NONE', #2798, #1230, #405, .T. ) ;
#520 = DIRECTION ( 'NONE',  ( 0.000000000000000000, -0.000000000000000000, -1.000000000000000000 ) ) ;
#521 = ADVANCED_FACE ( 'NONE', ( #2442 ), #1102, .F. ) ;
#522 = ORIENTED_EDGE ( 'NONE', *, *, #16, .T. ) ;
#523 = CARTESIAN_POINT ( 'NONE',  ( 4.973894792558409605, 7.232484875191212303, 1.128126955091848682 ) ) ;
#524 = FACE_OUTER_BOUND ( 'NONE', #1168, .T. ) ;
#525 = DIRECTION ( 'NONE',  ( 0.000000000000000000, -1.000000000000000000, 0.000000000000000000 ) ) ;
#526 = CARTESIAN_POINT ( 'NONE',  ( 4.837354648979129479, 3.935713225380016222, 1.050000000000004041 ) ) ;
#527 = VERTEX_POINT ( 'NONE', #1113 ) ;
#528 = CARTESIAN_POINT ( 'NONE',  ( -7.530337257590308475, 4.450000000000000178, -2.350000000000000089 ) ) ;
#529 = FACE_BOUND ( 'NONE', #5, .T. ) ;
#530 = ORIENTED_EDGE ( 'NONE', *, *, #300, .T. ) ;
#531 = ORIENTED_EDGE ( 'NONE', *, *, #992, .T. ) ;
#532 = VERTEX_POINT ( 'NONE', #2862 ) ;
#533 = EDGE_LOOP ( 'NONE', ( #1442, #484, #2241, #750 ) ) ;
#534 = DIRECTION ( 'NONE',  ( 1.000000000000000000, -0.000000000000000000, 0.000000000000000000 ) ) ;
#535 = DIRECTION ( 'NONE',  ( -0.000000000000000000, -1.000000000000000000, -0.000000000000000000 ) ) ;
#536 = DIRECTION ( 'NONE',  ( 0.000000000000000000, 0.000000000000000000, -1.000000000000000000 ) ) ;
#537 = DIRECTION ( 'NONE',  ( 0.000000000000000000, 0.000000000000000000, 1.000000000000000000 ) ) ;
#538 = ORIENTED_EDGE ( 'NONE', *, *, #1141, .F. ) ;
#539 = ORIENTED_EDGE ( 'NONE', *, *, #2484, .T. ) ;
#540 = FACE_OUTER_BOUND ( 'NONE', #1197, .T. ) ;
#541 = CARTESIAN_POINT ( 'NONE',  ( 0.000000000000000000, 2.000000000000000000, 0.000000000000000000 ) ) ;
#542 = ADVANCED_FACE ( 'NONE', ( #1303 ), #1768, .T. ) ;
#543 = ORIENTED_EDGE ( 'NONE', *, *, #1046, .T. ) ;
#544 = CIRCLE ( 'NONE', #2183, 0.6000000000000003109 ) ;
#545 = EDGE_LOOP ( 'NONE', ( #2702, #659, #487, #2051 ) ) ;
#546 = EDGE_LOOP ( 'NONE', ( #2743, #456, #66, #1880 ) ) ;
#547 = DIRECTION ( 'NONE',  ( 0.000000000000000000, -1.000000000000000000, 0.000000000000000000 ) ) ;
#548 = B_SPLINE_CURVE_WITH_KNOTS ( 'NONE', 3,
 ( #2683, #716, #481, #2258, #2488, #1373 ),
 .UNSPECIFIED., .F., .F.,
 ( 4, 2, 4 ),
 ( 0.000000000000000000, 0.0001983354759168695300, 0.0003966709518337390599 ),
 .UNSPECIFIED. ) ;
#549 = ORIENTED_EDGE ( 'NONE', *, *, #1065, .F. ) ;
#550 = DIRECTION ( 'NONE',  ( 0.000000000000000000, -1.000000000000000000, 0.000000000000000000 ) ) ;
#551 = CARTESIAN_POINT ( 'NONE',  ( 0.000000000000000000, 14.34999999999999787, 4.132140229723552771 ) ) ;
#552 = CIRCLE ( 'NONE', #426, 5.550000000000002487 ) ;
#553 = CIRCLE ( 'NONE', #1766, 6.000000000000000888 ) ;
#554 = DIRECTION ( 'NONE',  ( -1.000000000000000000, 0.000000000000000000, 0.000000000000000000 ) ) ;
#555 = CARTESIAN_POINT ( 'NONE',  ( 2.049390153192705011, 4.049999999999999822, 3.949999999999998845 ) ) ;
#556 = VECTOR ( 'NONE', #979, 1000.000000000000000 ) ;
#557 = ORIENTED_EDGE ( 'NONE', *, *, #992, .F. ) ;
#558 = ORIENTED_EDGE ( 'NONE', *, *, #583, .F. ) ;
#559 = DIRECTION ( 'NONE',  ( -0.000000000000000000, -1.000000000000000000, -0.000000000000000000 ) ) ;
#560 = CARTESIAN_POINT ( 'NONE',  ( -3.799999999999999822, 0.000000000000000000, 0.000000000000000000 ) ) ;
#561 = ADVANCED_FACE ( 'NONE', ( #2222 ), #2672, .T. ) ;
#562 = VECTOR ( 'NONE', #2805, 1000.000000000000000 ) ;
#563 = EDGE_CURVE ( 'NONE', #527, #2544, #651, .T. ) ;
#564 = VERTEX_POINT ( 'NONE', #2453 ) ;
#565 = ORIENTED_EDGE ( 'NONE', *, *, #2339, .F. ) ;
#566 = EDGE_CURVE ( 'NONE', #1921, #2398, #458, .T. ) ;
#567 = CARTESIAN_POINT ( 'NONE',  ( 0.000000000000000000, 7.349999999999999645, 5.499999999999998224 ) ) ;
#568 = CARTESIAN_POINT ( 'NONE',  ( -4.979959839195492677, 2.850000000000000089, 1.100000000000000089 ) ) ;
#569 = CARTESIAN_POINT ( 'NONE',  ( 2.500000000000000000, -3.449999999999999734, -2.900000000000000355 ) ) ;
#570 = CARTESIAN_POINT ( 'NONE',  ( -5.874668155294989091, 7.323822352252203238, 1.220869844852527475 ) ) ;
#571 = EDGE_LOOP ( 'NONE', ( #576, #2542, #557, #723, #148 ) ) ;
#572 = ORIENTED_EDGE ( 'NONE', *, *, #71, .F. ) ;
#573 = DIRECTION ( 'NONE',  ( 0.000000000000000000, 1.000000000000000000, 0.000000000000000000 ) ) ;
#574 = DIRECTION ( 'NONE',  ( -0.000000000000000000, -1.000000000000000000, -0.000000000000000000 ) ) ;
#575 = EDGE_CURVE ( 'NONE', #2524, #719, #1933, .T. ) ;
#576 = ORIENTED_EDGE ( 'NONE', *, *, #1369, .T. ) ;
#577 = PRESENTATION_LAYER_ASSIGNMENT (  '', '', ( #1319 ) ) ;
#578 = CONICAL_SURFACE ( 'NONE', #247, 5.100000000000001421, 0.7853981633974502774 ) ;
#579 = STYLED_ITEM ( 'NONE', ( #795 ), #973 ) ;
#580 = DIRECTION ( 'NONE',  ( -0.000000000000000000, 1.000000000000000000, -0.000000000000000000 ) ) ;
#581 = ORIENTED_EDGE ( 'NONE', *, *, #1847, .F. ) ;
#582 = UNCERTAINTY_MEASURE_WITH_UNIT (LENGTH_MEASURE( 1.000000000000000082E-05 ), #885, 'distance_accuracy_value', 'NONE');
#583 = EDGE_CURVE ( 'NONE', #2349, #2798, #1363, .T. ) ;
#584 = DIRECTION ( 'NONE',  ( -1.000000000000000000, 0.000000000000000000, 0.000000000000000000 ) ) ;
#585 = CARTESIAN_POINT ( 'NONE',  ( 4.861446006755875793, 1.700815945198842050, -2.350000000000000089 ) ) ;
#586 = DIRECTION ( 'NONE',  ( 0.000000000000000000, -1.000000000000000000, 0.000000000000000000 ) ) ;
#587 = CARTESIAN_POINT ( 'NONE',  ( 0.000000000000000000, 2.949999999999999734, 1.050000000000004041 ) ) ;
#588 = ORIENTED_EDGE ( 'NONE', *, *, #1409, .T. ) ;
#589 = ORIENTED_EDGE ( 'NONE', *, *, #2381, .T. ) ;
#590 = CARTESIAN_POINT ( 'NONE',  ( -4.979959839195493565, 5.049999999999999822, -1.100000000000004086 ) ) ;
#591 = CARTESIAN_POINT ( 'NONE',  ( 0.000000000000000000, 2.000000000000000000, 0.000000000000000000 ) ) ;
#592 = ORIENTED_EDGE ( 'NONE', *, *, #243, .F. ) ;
#593 = FACE_OUTER_BOUND ( 'NONE', #2172, .T. ) ;
#594 = DIRECTION ( 'NONE',  ( 0.000000000000000000, -0.000000000000000000, -1.000000000000000000 ) ) ;
#595 = VERTEX_POINT ( 'NONE', #265 ) ;
#596 = AXIS2_PLACEMENT_3D ( 'NONE', #367, #1249, #1038 ) ;
#597 = FACE_OUTER_BOUND ( 'NONE', #545, .T. ) ;
#598 = DIRECTION ( 'NONE',  ( -0.000000000000000000, 1.000000000000000000, -0.000000000000000000 ) ) ;
#599 = FACE_OUTER_BOUND ( 'NONE', #2405, .T. ) ;
#600 = DIRECTION ( 'NONE',  ( 0.000000000000000000, 1.000000000000000000, 0.000000000000000000 ) ) ;
#601 = FACE_OUTER_BOUND ( 'NONE', #2254, .T. ) ;
#602 = VERTEX_POINT ( 'NONE', #2676 ) ;
#603 = ORIENTED_EDGE ( 'NONE', *, *, #408, .T. ) ;
#604 = AXIS2_PLACEMENT_3D ( 'NONE', #2064, #2297, #2704 ) ;
#605 = FILL_AREA_STYLE ('',( #2830 ) ) ;
#606 = ADVANCED_FACE ( 'NONE', ( #655 ), #1772, .F. ) ;
#607 = FACE_OUTER_BOUND ( 'NONE', #1583, .T. ) ;
#608 = EDGE_CURVE ( 'NONE', #670, #2245, #1790, .T. ) ;
#609 = VECTOR ( 'NONE', #1019, 1000.000000000000000 ) ;
#610 = VERTEX_POINT ( 'NONE', #1115 ) ;
#611 = CARTESIAN_POINT ( 'NONE',  ( 2.500000000000000000, -8.031370849898477715, -2.500000000000000000 ) ) ;
#612 = DIRECTION ( 'NONE',  ( 1.000000000000000000, 0.000000000000000000, -0.000000000000000000 ) ) ;
#613 = ORIENTED_EDGE ( 'NONE', *, *, #1848, .T. ) ;
#614 = CIRCLE ( 'NONE', #845, 6.000000000000000888 ) ;
#615 = EDGE_CURVE ( 'NONE', #253, #2011, #921, .T. ) ;
#616 = EDGE_CURVE ( 'NONE', #345, #224, #1106, .T. ) ;
#617 = CARTESIAN_POINT ( 'NONE',  ( 0.000000000000000000, 0.000000000000000000, 3.649999999999999911 ) ) ;
#618 = ADVANCED_FACE ( 'NONE', ( #2046 ), #2664, .T. ) ;
#619 = EDGE_CURVE ( 'NONE', #1183, #2169, #667, .T. ) ;
#620 = PLANE ( 'NONE',  #1837 ) ;
#621 = PLANE ( 'NONE',  #149 ) ;
#622 = CIRCLE ( 'NONE', #2387, 5.099999999999999645 ) ;
#623 = DIRECTION ( 'NONE',  ( -0.000000000000000000, -1.000000000000000000, -0.000000000000000000 ) ) ;
#624 = ORIENTED_EDGE ( 'NONE', *, *, #724, .F. ) ;
#625 = CARTESIAN_POINT ( 'NONE',  ( 0.000000000000000000, 1.550000000000000044, 0.000000000000000000 ) ) ;
#626 = CARTESIAN_POINT ( 'NONE',  ( 0.000000000000000000, 7.349999999999999645, 0.000000000000000000 ) ) ;
#627 = DIRECTION ( 'NONE',  ( 0.000000000000000000, 0.000000000000000000, -1.000000000000000000 ) ) ;
#628 = CARTESIAN_POINT ( 'NONE',  ( 0.000000000000000000, 5.049999999999999822, 0.000000000000000000 ) ) ;
#629 = PLANE ( 'NONE',  #2415 ) ;
#630 = ORIENTED_EDGE ( 'NONE', *, *, #2069, .F. ) ;
#631 = MECHANICAL_DESIGN_GEOMETRIC_PRESENTATION_REPRESENTATION (  '', ( #1867 ), #1694 ) ;
#632 = DIRECTION ( 'NONE',  ( 0.000000000000000000, 0.000000000000000000, 1.000000000000000000 ) ) ;
#633 = FACE_BOUND ( 'NONE', #1817, .T. ) ;
#634 = FACE_OUTER_BOUND ( 'NONE', #1165, .T. ) ;
#635 = CARTESIAN_POINT ( 'NONE',  ( 5.898304841223452222, 2.850000000000000089, 1.100000000000000089 ) ) ;
#636 = ORIENTED_EDGE ( 'NONE', *, *, #71, .T. ) ;
#637 = SURFACE_SIDE_STYLE ('',( #2647 ) ) ;
#638 = PLANE ( 'NONE',  #503 ) ;
#639 = CYLINDRICAL_SURFACE ( 'NONE', #1993, 0.4000000000000001887 ) ;
#640 = LINE ( 'NONE', #1525, #733 ) ;
#641 = ADVANCED_FACE ( 'NONE', ( #2446 ), #1804, .F. ) ;
#642 = LINE ( 'NONE', #1527, #1153 ) ;
#643 = ORIENTED_EDGE ( 'NONE', *, *, #2753, .T. ) ;
#644 = VECTOR ( 'NONE', #1978, 1000.000000000000000 ) ;
#645 = DIRECTION ( 'NONE',  ( 0.000000000000000000, 0.000000000000000000, 1.000000000000000000 ) ) ;
#646 = VECTOR ( 'NONE', #2795, 1000.000000000000000 ) ;
#647 = FACE_OUTER_BOUND ( 'NONE', #2748, .T. ) ;
#648 = CARTESIAN_POINT ( 'NONE',  ( -4.526311964502669483, 5.049999999999999822, 2.350000000000000089 ) ) ;
#649 = ORIENTED_EDGE ( 'NONE', *, *, #1240, .T. ) ;
#650 = LINE ( 'NONE', #1537, #2654 ) ;
#651 = CIRCLE ( 'NONE', #1294, 0.7000000000000000666 ) ;
#652 = LINE ( 'NONE', #1103, #2111 ) ;
#653 = DIRECTION ( 'NONE',  ( -0.000000000000000000, -1.000000000000000000, -0.000000000000000000 ) ) ;
#654 = EDGE_CURVE ( 'NONE', #938, #1117, #1127, .T. ) ;
#655 = FACE_OUTER_BOUND ( 'NONE', #1651, .T. ) ;
#656 = EDGE_CURVE ( 'NONE', #2524, #2174, #451, .T. ) ;
#657 = CARTESIAN_POINT ( 'NONE',  ( 2.500000000000000000, -8.031370849898477715, 2.900000000000000355 ) ) ;
#658 = CIRCLE ( 'NONE', #1306, 6.000000000000000888 ) ;
#659 = ORIENTED_EDGE ( 'NONE', *, *, #2484, .F. ) ;
#660 = B_SPLINE_CURVE_WITH_KNOTS ( 'NONE', 3,
 ( #1549, #895, #1778, #2671, #676, #1562 ),
 .UNSPECIFIED., .F., .F.,
 ( 4, 2, 4 ),
 ( 0.000000000000000000, 0.0001974555831183301240, 0.0003949111662366602479 ),
 .UNSPECIFIED. ) ;
#661 = DIRECTION ( 'NONE',  ( 0.000000000000000000, -1.000000000000000000, 0.000000000000000000 ) ) ;
#662 = ORIENTED_EDGE ( 'NONE', *, *, #1847, .T. ) ;
#663 = CARTESIAN_POINT ( 'NONE',  ( 4.307261310856357994, 1.550000000000000044, -3.500000000000000000 ) ) ;
#664 = DIRECTION ( 'NONE',  ( 0.000000000000000000, 0.000000000000000000, -1.000000000000000000 ) ) ;
#665 = AXIS2_PLACEMENT_3D ( 'NONE', #2028, #231, #1341 ) ;
#666 = FACE_OUTER_BOUND ( 'NONE', #1198, .T. ) ;
#667 = LINE ( 'NONE', #440, #1861 ) ;
#668 = EDGE_CURVE ( 'NONE', #2678, #2293, #622, .T. ) ;
#669 = ORIENTED_EDGE ( 'NONE', *, *, #1200, .F. ) ;
#670 = VERTEX_POINT ( 'NONE', #1577 ) ;
#671 = AXIS2_PLACEMENT_3D ( 'NONE', #2375, #846, #861 ) ;
#672 = AXIS2_PLACEMENT_3D ( 'NONE', #918, #225, #2707 ) ;
#673 = EDGE_CURVE ( 'NONE', #160, #1800, #1497, .T. ) ;
#674 = CARTESIAN_POINT ( 'NONE',  ( 0.000000000000000000, -3.449999999999999734, 3.649999999999999911 ) ) ;
#675 = ORIENTED_EDGE ( 'NONE', *, *, #297, .F. ) ;
#676 = CARTESIAN_POINT ( 'NONE',  ( 5.898304841224119244, 7.166796258360332850, -1.099999999999458522 ) ) ;
#677 = DIRECTION ( 'NONE',  ( 0.000000000000000000, 0.000000000000000000, -1.000000000000000000 ) ) ;
#678 = CARTESIAN_POINT ( 'NONE',  ( 0.000000000000000000, 17.28805540108471916, -4.450000000000360778 ) ) ;
#679 = CARTESIAN_POINT ( 'NONE',  ( 0.000000000000000000, 7.349999999999999645, 0.000000000000000000 ) ) ;
#680 = DIRECTION ( 'NONE',  ( 0.000000000000000000, -1.000000000000000000, 0.000000000000000000 ) ) ;
#681 = ORIENTED_EDGE ( 'NONE', *, *, #2285, .T. ) ;
#682 = CIRCLE ( 'NONE', #1655, 5.100000000000001421 ) ;
#683 = MECHANICAL_DESIGN_GEOMETRIC_PRESENTATION_REPRESENTATION (  '', ( #1187 ), #2079 ) ;
#684 = CARTESIAN_POINT ( 'NONE',  ( 5.898304841223452222, 7.099999999999999645, 1.100000000000000089 ) ) ;
#685 = CIRCLE ( 'NONE', #414, 6.000000000000000888 ) ;
#686 = ORIENTED_EDGE ( 'NONE', *, *, #1463, .T. ) ;
#687 = FACE_OUTER_BOUND ( 'NONE', #2473, .T. ) ;
#688 = CARTESIAN_POINT ( 'NONE',  ( -5.898304841223452222, 7.166770806810892402, -1.100000000000000089 ) ) ;
#689 = CARTESIAN_POINT ( 'NONE',  ( 0.000000000000000000, 7.349999999999999645, 0.000000000000000000 ) ) ;
#690 = EDGE_CURVE ( 'NONE', #1416, #1995, #1123, .T. ) ;
#691 = CARTESIAN_POINT ( 'NONE',  ( 0.000000000000000000, 0.000000000000000000, -3.049999999999999822 ) ) ;
#692 = EDGE_CURVE ( 'NONE', #279, #1866, #752, .T. ) ;
#693 = CARTESIAN_POINT ( 'NONE',  ( 0.000000000000000000, 1.550000000000000044, 5.049999999999999822 ) ) ;
#694 = VERTEX_POINT ( 'NONE', #26 ) ;
#695 = VECTOR ( 'NONE', #535, 1000.000000000000000 ) ;
#696 = CIRCLE ( 'NONE', #1072, 4.450000000000360778 ) ;
#697 = VERTEX_POINT ( 'NONE', #909 ) ;
#698 = TOROIDAL_SURFACE ( 'NONE', #46, 4.132140229723552771, 0.2500000000000000000 ) ;
#699 = ADVANCED_FACE ( 'NONE', ( #2687 ), #1775, .F. ) ;
#700 = EDGE_CURVE ( 'NONE', #2528, #532, #923, .T. ) ;
#701 = AXIS2_PLACEMENT_3D ( 'NONE', #961, #261, #1403 ) ;
#702 = DIRECTION ( 'NONE',  ( -0.000000000000000000, -1.000000000000000000, -0.000000000000000000 ) ) ;
#703 = EDGE_LOOP ( 'NONE', ( #1284, #142, #2298, #1620, #1808 ) ) ;
#704 = ORIENTED_EDGE ( 'NONE', *, *, #1989, .T. ) ;
#705 = DIRECTION ( 'NONE',  ( -0.000000000000000000, 1.000000000000000000, -0.000000000000000000 ) ) ;
#706 = CARTESIAN_POINT ( 'NONE',  ( -5.898304841223452222, 2.850000000000000089, -1.100000000000000089 ) ) ;
#707 = ORIENTED_EDGE ( 'NONE', *, *, #2096, .T. ) ;
#708 = CARTESIAN_POINT ( 'NONE',  ( 0.000000000000000000, 2.850000000000000089, 0.000000000000000000 ) ) ;
#709 = CARTESIAN_POINT ( 'NONE',  ( -2.397915761656367106, 14.34999999999999787, 5.499999999999998224 ) ) ;
#710 = VERTEX_POINT ( 'NONE', #82 ) ;
#711 = EDGE_CURVE ( 'NONE', #2086, #2798, #2284, .T. ) ;
#712 = EDGE_LOOP ( 'NONE', ( #2558, #1894, #2766, #901 ) ) ;
#713 =( LENGTH_UNIT ( ) NAMED_UNIT ( * ) SI_UNIT ( .MILLI., .METRE. ) );
#714 = ORIENTED_EDGE ( 'NONE', *, *, #2436, .T. ) ;
#715 = CIRCLE ( 'NONE', #480, 5.100000000000001421 ) ;
#716 = CARTESIAN_POINT ( 'NONE',  ( 4.979959839195494453, 7.167071543749736762, -1.100000000000000089 ) ) ;
#717 = LINE ( 'NONE', #742, #2189 ) ;
#718 = LINE ( 'NONE', #1190, #278 ) ;
#719 = VERTEX_POINT ( 'NONE', #749 ) ;
#720 = DIRECTION ( 'NONE',  ( -0.000000000000000000, 1.000000000000000000, -0.000000000000000000 ) ) ;
#721 = FACE_OUTER_BOUND ( 'NONE', #867, .T. ) ;
#722 = ORIENTED_EDGE ( 'NONE', *, *, #519, .F. ) ;
#723 = ORIENTED_EDGE ( 'NONE', *, *, #2669, .F. ) ;
#724 = EDGE_CURVE ( 'NONE', #2053, #1230, #154, .T. ) ;
#725 = VECTOR ( 'NONE', #573, 1000.000000000000000 ) ;
#726 = CARTESIAN_POINT ( 'NONE',  ( 0.000000000000000000, 1.550000000000000044, 0.000000000000000000 ) ) ;
#727 = FACE_OUTER_BOUND ( 'NONE', #348, .T. ) ;
#728 = CARTESIAN_POINT ( 'NONE',  ( -2.049390153192705011, 5.049999999999999822, 3.949999999999998845 ) ) ;
#729 = DIRECTION ( 'NONE',  ( -0.000000000000000000, 1.000000000000000000, 0.000000000000000000 ) ) ;
#730 = LINE ( 'NONE', #2275, #232 ) ;
#731 = EDGE_LOOP ( 'NONE', ( #1480, #2742, #1405 ) ) ;
#732 = FACE_OUTER_BOUND ( 'NONE', #2139, .T. ) ;
#733 = VECTOR ( 'NONE', #873, 1000.000000000000000 ) ;
#734 = CARTESIAN_POINT ( 'NONE',  ( 5.898304841223452222, 2.850000000000000089, -1.100000000000000089 ) ) ;
#735 = AXIS2_PLACEMENT_3D ( 'NONE', #2585, #321, #2144 ) ;
#736 = ORIENTED_EDGE ( 'NONE', *, *, #2249, .T. ) ;
#737 = EDGE_CURVE ( 'NONE', #819, #1186, #2741, .T. ) ;
#738 = ORIENTED_EDGE ( 'NONE', *, *, #483, .F. ) ;
#739 = VECTOR ( 'NONE', #1968, 1000.000000000000000 ) ;
#740 = PRESENTATION_STYLE_ASSIGNMENT (( #957 ) ) ;
#741 = DIRECTION ( 'NONE',  ( 0.000000000000000000, 0.000000000000000000, -1.000000000000000000 ) ) ;
#742 = CARTESIAN_POINT ( 'NONE',  ( -7.530337257590308475, 4.450000000000000178, -3.500000000000000000 ) ) ;
#743 = CARTESIAN_POINT ( 'NONE',  ( 5.027922035990616934, 1.550000000000000044, -2.350000000000000089 ) ) ;
#744 = DIRECTION ( 'NONE',  ( 0.000000000000000000, 0.000000000000000000, 1.000000000000000000 ) ) ;
#745 = CIRCLE ( 'NONE', #331, 5.100000000000001421 ) ;
#746 = CONICAL_SURFACE ( 'NONE', #1728, 5.100000000000001421, 0.7853981633974502774 ) ;
#747 = EDGE_LOOP ( 'NONE', ( #315, #1041, #334, #1851 ) ) ;
#748 = DIRECTION ( 'NONE',  ( 0.000000000000000000, -1.000000000000000000, 0.000000000000000000 ) ) ;
#749 = CARTESIAN_POINT ( 'NONE',  ( -2.202271554554530386, 2.000000000000000000, 4.599999999999997868 ) ) ;
#750 = ORIENTED_EDGE ( 'NONE', *, *, #1731, .T. ) ;
#751 = ORIENTED_EDGE ( 'NONE', *, *, #910, .T. ) ;
#752 = CIRCLE ( 'NONE', #665, 5.099999999999999645 ) ;
#753 = VERTEX_POINT ( 'NONE', #1633 ) ;
#754 = APPLICATION_PROTOCOL_DEFINITION ( 'draft international standard', 'automotive_design', 1998, #1376 ) ;
#755 = EDGE_LOOP ( 'NONE', ( #2693, #52, #1051, #141 ) ) ;
#756 = DIRECTION ( 'NONE',  ( 0.000000000000000000, 0.000000000000000000, -1.000000000000000000 ) ) ;
#757 = EDGE_CURVE ( 'NONE', #1397, #2108, #18, .T. ) ;
#758 = CARTESIAN_POINT ( 'NONE',  ( 4.873397172404484223, 1.550000000000000044, 3.500000000000000000 ) ) ;
#759 = CARTESIAN_POINT ( 'NONE',  ( 0.000000000000000000, 2.949999999999999734, 0.000000000000000000 ) ) ;
#760 = DIRECTION ( 'NONE',  ( 0.000000000000000000, 0.000000000000000000, -1.000000000000000000 ) ) ;
#761 = AXIS2_PLACEMENT_3D ( 'NONE', #436, #202, #2366 ) ;
#762 = VERTEX_POINT ( 'NONE', #2726 ) ;
#763 = ORIENTED_EDGE ( 'NONE', *, *, #869, .F. ) ;
#764 = CARTESIAN_POINT ( 'NONE',  ( 7.347880794884117764E-17, 1.550000000000000044, -4.250000000000000000 ) ) ;
#765 = DIRECTION ( 'NONE',  ( 0.000000000000000000, 0.000000000000000000, 1.000000000000000000 ) ) ;
#766 = VERTEX_POINT ( 'NONE', #1816 ) ;
#767 = ORIENTED_EDGE ( 'NONE', *, *, #1328, .T. ) ;
#768 = VERTEX_POINT ( 'NONE', #2089 ) ;
#769 = CARTESIAN_POINT ( 'NONE',  ( 7.347880794884117764E-17, 1.550000000000000044, 3.049999999999999822 ) ) ;
#770 = ORIENTED_EDGE ( 'NONE', *, *, #1465, .T. ) ;
#771 = CARTESIAN_POINT ( 'NONE',  ( -5.520643078482796895, 7.349999999999999645, 2.350000000000000089 ) ) ;
#772 = CARTESIAN_POINT ( 'NONE',  ( 4.307261310856357994, 1.550000000000000044, 3.500000000000000000 ) ) ;
#773 = AXIS2_PLACEMENT_3D ( 'NONE', #2800, #2590, #2413 ) ;
#774 = DIRECTION ( 'NONE',  ( 0.000000000000000000, -1.000000000000000000, 0.000000000000000000 ) ) ;
#775 = CARTESIAN_POINT ( 'NONE',  ( 0.000000000000000000, 7.349999999999999645, 0.000000000000000000 ) ) ;
#776 = ORIENTED_EDGE ( 'NONE', *, *, #99, .F. ) ;
#777 = ORIENTED_EDGE ( 'NONE', *, *, #518, .T. ) ;
#778 = CARTESIAN_POINT ( 'NONE',  ( -5.438718985999540742E-16, 14.10436310160931761, -4.382102153512651199 ) ) ;
#779 = CARTESIAN_POINT ( 'NONE',  ( 5.541606198059444210, 2.949999999999999734, -1.050000000000004041 ) ) ;
#780 = ADVANCED_FACE ( 'NONE', ( #2338 ), #2714, .T. ) ;
#781 = ORIENTED_EDGE ( 'NONE', *, *, #2456, .F. ) ;
#782 = AXIS2_PLACEMENT_3D ( 'NONE', #173, #207, #824 ) ;
#783 = ORIENTED_EDGE ( 'NONE', *, *, #2460, .F. ) ;
#784 = DIRECTION ( 'NONE',  ( 0.000000000000000000, -1.000000000000000000, 0.000000000000000000 ) ) ;
#785 = EDGE_CURVE ( 'NONE', #2197, #1183, #1221, .T. ) ;
#786 = DIRECTION ( 'NONE',  ( 1.000000000000000000, 0.000000000000000000, 0.000000000000000000 ) ) ;
#787 = VECTOR ( 'NONE', #1544, 1000.000000000000000 ) ;
#788 = AXIS2_PLACEMENT_3D ( 'NONE', #2178, #2572, #2347 ) ;
#789 = LINE ( 'NONE', #368, #2004 ) ;
#790 = CARTESIAN_POINT ( 'NONE',  ( 2.500000000000000000, -8.031370849898477715, -2.900000000000000355 ) ) ;
#791 = AXIS2_PLACEMENT_3D ( 'NONE', #2316, #2302, #760 ) ;
#792 = ORIENTED_EDGE ( 'NONE', *, *, #1558, .T. ) ;
#793 = ORIENTED_EDGE ( 'NONE', *, *, #2597, .F. ) ;
#794 = DIRECTION ( 'NONE',  ( -0.000000000000000000, -1.000000000000000000, -0.000000000000000000 ) ) ;
#795 = PRESENTATION_STYLE_ASSIGNMENT (( #2847 ) ) ;
#796 = CIRCLE ( 'NONE', #2095, 4.450000000000360778 ) ;
#797 = ORIENTED_EDGE ( 'NONE', *, *, #519, .T. ) ;
#798 = ORIENTED_EDGE ( 'NONE', *, *, #1170, .F. ) ;
#799 = VERTEX_POINT ( 'NONE', #1650 ) ;
#800 = CARTESIAN_POINT ( 'NONE',  ( 0.000000000000000000, 7.349999999999999645, 4.500000000000000000 ) ) ;
#801 = CARTESIAN_POINT ( 'NONE',  ( -4.861409353754857499, 1.700849150321635195, -2.350000000000000089 ) ) ;
#802 = FACE_OUTER_BOUND ( 'NONE', #404, .T. ) ;
#803 = CARTESIAN_POINT ( 'NONE',  ( -3.799999999999999822, 0.000000000000000000, 0.7000000000000000666 ) ) ;
#804 = ORIENTED_EDGE ( 'NONE', *, *, #2168, .F. ) ;
#805 = ORIENTED_EDGE ( 'NONE', *, *, #563, .T. ) ;
#806 = CARTESIAN_POINT ( 'NONE',  ( 0.000000000000000000, 1.550000000000000044, -3.649999999999999911 ) ) ;
#807 = ORIENTED_EDGE ( 'NONE', *, *, #16, .F. ) ;
#808 = CLOSED_SHELL ( 'NONE', ( #2369, #1509, #832, #2679 ) ) ;
#809 = AXIS2_PLACEMENT_3D ( 'NONE', #2113, #2718, #2584 ) ;
#810 = DIRECTION ( 'NONE',  ( 0.000000000000000000, 0.000000000000000000, 1.000000000000000000 ) ) ;
#811 = EDGE_LOOP ( 'NONE', ( #1637, #1241 ) ) ;
#812 = DIRECTION ( 'NONE',  ( -1.000000000000000000, 0.000000000000000000, 0.000000000000000000 ) ) ;
#813 = EDGE_CURVE ( 'NONE', #2789, #1217, #1852, .T. ) ;
#814 = ADVANCED_FACE ( 'NONE', ( #721 ), #746, .F. ) ;
#815 = DIRECTION ( 'NONE',  ( -1.000000000000000000, -0.000000000000000000, -0.000000000000000000 ) ) ;
#816 = CARTESIAN_POINT ( 'NONE',  ( -4.837354648979129479, 2.949999999999999734, -1.050000000000004041 ) ) ;
#817 = DIRECTION ( 'NONE',  ( 0.000000000000000000, 0.000000000000000000, -1.000000000000000000 ) ) ;
#818 = CARTESIAN_POINT ( 'NONE',  ( 5.898304841223452222, 7.099999999999999645, -1.350000000000000089 ) ) ;
#819 = VERTEX_POINT ( 'NONE', #1604 ) ;
#820 = EDGE_LOOP ( 'NONE', ( #1460, #2536, #1108, #273, #332 ) ) ;
#821 = DIRECTION ( 'NONE',  ( 0.000000000000000000, 0.000000000000000000, 1.000000000000000000 ) ) ;
#822 = CIRCLE ( 'NONE', #1930, 5.100000000000001421 ) ;
#823 = ORIENTED_EDGE ( 'NONE', *, *, #310, .F. ) ;
#824 = DIRECTION ( 'NONE',  ( 0.000000000000000000, 0.000000000000000000, -1.000000000000000000 ) ) ;
#825 = EDGE_CURVE ( 'NONE', #2518, #160, #2074, .T. ) ;
#826 = CONICAL_SURFACE ( 'NONE', #1834, 5.100000000000001421, 0.7853981633974502774 ) ;
#827 = DIRECTION ( 'NONE',  ( 3.552713678800500929E-15, 0.000000000000000000, 1.000000000000000000 ) ) ;
#828 = VERTEX_POINT ( 'NONE', #734 ) ;
#829 = CIRCLE ( 'NONE', #2266, 0.7000000000000000666 ) ;
#830 = ADVANCED_FACE ( 'NONE', ( #529, #500 ), #2494, .T. ) ;
#831 = EDGE_CURVE ( 'NONE', #244, #1416, #953, .T. ) ;
#832 = ADVANCED_FACE ( 'NONE', ( #1863 ), #1396, .F. ) ;
#833 = LINE ( 'NONE', #2600, #2444 ) ;
#834 = CARTESIAN_POINT ( 'NONE',  ( 0.000000000000000000, 4.450000000000000178, 0.000000000000000000 ) ) ;
#835 = CARTESIAN_POINT ( 'NONE',  ( 0.000000000000000000, 7.349999999999999645, 0.000000000000000000 ) ) ;
#836 = FACE_OUTER_BOUND ( 'NONE', #1695, .T. ) ;
#837 = ORIENTED_EDGE ( 'NONE', *, *, #1771, .T. ) ;
#838 = AXIS2_PLACEMENT_3D ( 'NONE', #2474, #2463, #1345 ) ;
#839 = CARTESIAN_POINT ( 'NONE',  ( 4.694273478337017025, 1.850932115756050989, 2.350000000000000089 ) ) ;
#840 = DIRECTION ( 'NONE',  ( -0.000000000000000000, -1.000000000000000000, -0.000000000000000000 ) ) ;
#841 = AXIS2_PLACEMENT_3D ( 'NONE', #775, #2556, #1008 ) ;
#842 = FACE_BOUND ( 'NONE', #1615, .T. ) ;
#843 = CONICAL_SURFACE ( 'NONE', #2469, 4.500000000000000000, 0.01745329251994333364 ) ;
#844 = CARTESIAN_POINT ( 'NONE',  ( 5.846152580971524237, 7.349999999999999645, 1.350000000000000089 ) ) ;
#845 = AXIS2_PLACEMENT_3D ( 'NONE', #2774, #1683, #1059 ) ;
#846 = DIRECTION ( 'NONE',  ( -0.000000000000000000, 1.000000000000000000, -0.000000000000000000 ) ) ;
#847 = CARTESIAN_POINT ( 'NONE',  ( -4.526311964502675700, 2.000000000000000888, 2.350000000000000089 ) ) ;
#848 = DIRECTION ( 'NONE',  ( -0.000000000000000000, 1.000000000000000000, -0.000000000000000000 ) ) ;
#849 = CARTESIAN_POINT ( 'NONE',  ( -2.500000000000000000, -8.031370849898477715, -2.100000000000000089 ) ) ;
#850 = CARTESIAN_POINT ( 'NONE',  ( 4.873397172404483335, 4.450000000000000178, 3.500000000000000000 ) ) ;
#851 = ORIENTED_EDGE ( 'NONE', *, *, #2045, .T. ) ;
#852 = ADVANCED_FACE ( 'NONE', ( #292 ), #1179, .F. ) ;
#853 = SURFACE_STYLE_USAGE ( .BOTH. , #637 ) ;
#854 = DIRECTION ( 'NONE',  ( -0.000000000000000000, 1.000000000000000000, -0.000000000000000000 ) ) ;
#855 = ORIENTED_EDGE ( 'NONE', *, *, #2436, .F. ) ;
#856 = DIRECTION ( 'NONE',  ( 0.000000000000000000, 0.000000000000000000, 1.000000000000000000 ) ) ;
#857 = DIRECTION ( 'NONE',  ( 0.000000000000000000, 1.000000000000000000, 0.000000000000000000 ) ) ;
#858 = ORIENTED_EDGE ( 'NONE', *, *, #2803, .T. ) ;
#859 = AXIS2_PLACEMENT_3D ( 'NONE', #2734, #2065, #741 ) ;
#860 = COLOUR_RGB ( '',0.2509803921568627416, 0.2509803921568627416, 0.2509803921568627416 ) ;
#861 = DIRECTION ( 'NONE',  ( 0.000000000000000000, 0.000000000000000000, 1.000000000000000000 ) ) ;
#862 = CARTESIAN_POINT ( 'NONE',  ( 0.000000000000000000, 1.550000000000000044, 0.000000000000000000 ) ) ;
#863 = LINE ( 'NONE', #2839, #1109 ) ;
#864 = CARTESIAN_POINT ( 'NONE',  ( -2.302172886644400229, 1.550000000000000044, 5.049999999999942979 ) ) ;
#865 = B_SPLINE_CURVE_WITH_KNOTS ( 'NONE', 3,
 ( #1439, #2114, #2409, #199 ),
 .UNSPECIFIED., .F., .F.,
 ( 4, 4 ),
 ( 0.01892883108503879211, 0.01968140787627122371 ),
 .UNSPECIFIED. ) ;
#866 = EDGE_CURVE ( 'NONE', #1889, #345, #2788, .T. ) ;
#867 = EDGE_LOOP ( 'NONE', ( #2466, #118, #1255, #370 ) ) ;
#868 = CARTESIAN_POINT ( 'NONE',  ( 0.000000000000000000, 5.049999999999999822, 0.000000000000000000 ) ) ;
#869 = EDGE_CURVE ( 'NONE', #299, #513, #614, .T. ) ;
#870 = DIRECTION ( 'NONE',  ( -1.000000000000000000, 0.000000000000000000, -0.000000000000000000 ) ) ;
#871 = FILL_AREA_STYLE ('',( #898 ) ) ;
#872 = FACE_OUTER_BOUND ( 'NONE', #2515, .T. ) ;
#873 = DIRECTION ( 'NONE',  ( -0.000000000000000000, -1.000000000000000000, -0.000000000000000000 ) ) ;
#874 = EDGE_CURVE ( 'NONE', #828, #2104, #1028, .T. ) ;
#875 = B_SPLINE_CURVE_WITH_KNOTS ( 'NONE', 3,
 ( #2778, #120, #2519, #523, #2531, #1838 ),
 .UNSPECIFIED., .F., .F.,
 ( 4, 2, 4 ),
 ( 0.000000000000000000, 0.0001983379321846252894, 0.0003966758643692505789 ),
 .UNSPECIFIED. ) ;
#876 = EDGE_LOOP ( 'NONE', ( #2633, #2728, #2239, #2565 ) ) ;
#877 = AXIS2_PLACEMENT_3D ( 'NONE', #189, #2864, #1091 ) ;
#878 = CIRCLE ( 'NONE', #365, 0.4000000000000001887 ) ;
#879 = CARTESIAN_POINT ( 'NONE',  ( 0.000000000000000000, 5.049999999999999822, 0.000000000000000000 ) ) ;
#880 = ADVANCED_FACE ( 'NONE', ( #607 ), #1920, .T. ) ;
#881 = ORIENTED_EDGE ( 'NONE', *, *, #2029, .F. ) ;
#882 = DIRECTION ( 'NONE',  ( 0.000000000000000000, 0.000000000000000000, -1.000000000000000000 ) ) ;
#883 = CARTESIAN_POINT ( 'NONE',  ( 0.000000000000000000, 2.000000000000000000, -5.100000000000001421 ) ) ;
#884 = CIRCLE ( 'NONE', #1149, 5.100000000000001421 ) ;
#885 =( LENGTH_UNIT ( ) NAMED_UNIT ( * ) SI_UNIT ( .MILLI., .METRE. ) );
#886 = DIRECTION ( 'NONE',  ( -0.000000000000000000, -1.000000000000000000, -0.000000000000000000 ) ) ;
#887 = DIRECTION ( 'NONE',  ( -1.000000000000000000, 0.000000000000000000, -0.000000000000000000 ) ) ;
#888 = VECTOR ( 'NONE', #2429, 1000.000000000000000 ) ;
#889 = ORIENTED_EDGE ( 'NONE', *, *, #993, .F. ) ;
#890 = EDGE_CURVE ( 'NONE', #187, #1425, #1713, .T. ) ;
#891 = ORIENTED_EDGE ( 'NONE', *, *, #2377, .T. ) ;
#892 = CIRCLE ( 'NONE', #1897, 0.4000000000000001887 ) ;
#893 = CARTESIAN_POINT ( 'NONE',  ( -5.520643078482796895, 4.450000000000000178, 2.350000000000000089 ) ) ;
#894 = ORIENTED_EDGE ( 'NONE', *, *, #1784, .F. ) ;
#895 = CARTESIAN_POINT ( 'NONE',  ( 5.861171769748014349, 7.349999999999999645, -1.284959652422386522 ) ) ;
#896 = DIRECTION ( 'NONE',  ( 0.000000000000000000, -0.7071067811865461294, -0.7071067811865489050 ) ) ;
#897 = AXIS2_PLACEMENT_3D ( 'NONE', #2512, #2539, #935 ) ;
#898 = FILL_AREA_STYLE_COLOUR ( '', #1934 ) ;
#899 = DIRECTION ( 'NONE',  ( 1.000000000000000000, -0.000000000000000000, 0.000000000000000000 ) ) ;
#900 = DIRECTION ( 'NONE',  ( -0.000000000000000000, -1.000000000000000000, 0.000000000000000000 ) ) ;
#901 = ORIENTED_EDGE ( 'NONE', *, *, #349, .F. ) ;
#903 = EDGE_CURVE ( 'NONE', #2061, #1924, #2368, .T. ) ;
#902 = DIRECTION ( 'NONE',  ( 0.000000000000000000, -1.000000000000000000, 0.000000000000000000 ) ) ;
#904 = EDGE_CURVE ( 'NONE', #2352, #564, #2616, .T. ) ;
#905 = VERTEX_POINT ( 'NONE', #2786 ) ;
#906 = SURFACE_STYLE_FILL_AREA ( #1796 ) ;
#907 = CARTESIAN_POINT ( 'NONE',  ( -4.979959839195491789, 2.850000000000000089, -1.100000000000003864 ) ) ;
#908 = CYLINDRICAL_SURFACE ( 'NONE', #1526, 0.4000000000000001887 ) ;
#909 = CARTESIAN_POINT ( 'NONE',  ( 3.799999999999999822, 1.550000000000000044, 0.7000000000000000666 ) ) ;
#910 = EDGE_CURVE ( 'NONE', #2550, #1806, #1938, .T. ) ;
#911 = EDGE_CURVE ( 'NONE', #214, #1876, #2097, .T. ) ;
#912 = ORIENTED_EDGE ( 'NONE', *, *, #1983, .F. ) ;
#913 = EDGE_CURVE ( 'NONE', #279, #1795, #1697, .T. ) ;
#914 = ADVANCED_FACE ( 'NONE', ( #2623 ), #2591, .T. ) ;
#915 = CARTESIAN_POINT ( 'NONE',  ( 0.000000000000000000, 2.000000000000000000, -5.100000000000001421 ) ) ;
#916 = VECTOR ( 'NONE', #1062, 1000.000000000000000 ) ;
#917 = ORIENTED_EDGE ( 'NONE', *, *, #2168, .T. ) ;
#918 = CARTESIAN_POINT ( 'NONE',  ( 0.000000000000000000, 0.000000000000000000, 3.649999999999999911 ) ) ;
#919 = FACE_OUTER_BOUND ( 'NONE', #319, .T. ) ;
#920 = ORIENTED_EDGE ( 'NONE', *, *, #2732, .T. ) ;
#921 = CIRCLE ( 'NONE', #2420, 4.132140229723552771 ) ;
#922 = DIRECTION ( 'NONE',  ( 0.000000000000000000, 0.000000000000000000, 1.000000000000000000 ) ) ;
#923 = LINE ( 'NONE', #709, #2665 ) ;
#924 = ORIENTED_EDGE ( 'NONE', *, *, #668, .F. ) ;
#925 = VECTOR ( 'NONE', #1787, 1000.000000000000000 ) ;
#926 = AXIS2_PLACEMENT_3D ( 'NONE', #386, #1708, #182 ) ;
#927 = ORIENTED_EDGE ( 'NONE', *, *, #2520, .T. ) ;
#928 = VECTOR ( 'NONE', #815, 1000.000000000000000 ) ;
#929 = AXIS2_PLACEMENT_3D ( 'NONE', #2593, #393, #1289 ) ;
#930 = EDGE_LOOP ( 'NONE', ( #466, #940, #2123, #805 ) ) ;
#931 = PLANE ( 'NONE',  #1432 ) ;
#932 = CARTESIAN_POINT ( 'NONE',  ( -2.500000000000000000, -3.449999999999999734, 2.100000000000000089 ) ) ;
#933 = ORIENTED_EDGE ( 'NONE', *, *, #1334, .T. ) ;
#934 = CARTESIAN_POINT ( 'NONE',  ( 0.000000000000000000, 2.850000000000000089, 0.000000000000000000 ) ) ;
#935 = DIRECTION ( 'NONE',  ( 0.000000000000000000, 0.000000000000000000, 1.000000000000000000 ) ) ;
#936 = EDGE_LOOP ( 'NONE', ( #736, #543, #967, #2829 ) ) ;
#937 = EDGE_CURVE ( 'NONE', #1724, #2759, #1975, .T. ) ;
#938 = VERTEX_POINT ( 'NONE', #390 ) ;
#939 = PLANE ( 'NONE',  #604 ) ;
#940 = ORIENTED_EDGE ( 'NONE', *, *, #2116, .F. ) ;
#941 = MECHANICAL_DESIGN_GEOMETRIC_PRESENTATION_REPRESENTATION (  '', ( #1319 ), #1301 ) ;
#942 = AXIS2_PLACEMENT_3D ( 'NONE', #457, #2452, #468 ) ;
#943 =( GEOMETRIC_REPRESENTATION_CONTEXT ( 3 ) GLOBAL_UNCERTAINTY_ASSIGNED_CONTEXT ( ( #1309 ) ) GLOBAL_UNIT_ASSIGNED_CONTEXT ( ( #1523, #2697, #227 ) ) REPRESENTATION_CONTEXT ( 'NONE', 'WORKASPACE' ) );
#944 = CARTESIAN_POINT ( 'NONE',  ( 4.979959839195492677, 7.099999999999999645, 1.100000000000000533 ) ) ;
#945 = CYLINDRICAL_SURFACE ( 'NONE', #2041, 0.4000000000000001887 ) ;
#946 = DIRECTION ( 'NONE',  ( -2.137303368083795934E-18, -0.9998476951563911586, -0.01745240643728354635 ) ) ;
#947 = EDGE_CURVE ( 'NONE', #2798, #2392, #1596, .T. ) ;
#948 = FACE_OUTER_BOUND ( 'NONE', #2745, .T. ) ;
#949 = EDGE_LOOP ( 'NONE', ( #258, #2391, #980, #912, #767 ) ) ;
#950 = EDGE_CURVE ( 'NONE', #1795, #1921, #715, .T. ) ;
#951 = CARTESIAN_POINT ( 'NONE',  ( -6.319265539723246228, -3.449999999999999289, -1.050000000000004041 ) ) ;
#952 = EDGE_CURVE ( 'NONE', #1217, #2789, #212, .T. ) ;
#953 = LINE ( 'NONE', #2305, #104 ) ;
#954 = ORIENTED_EDGE ( 'NONE', *, *, #1946, .F. ) ;
#955 = ORIENTED_EDGE ( 'NONE', *, *, #1508, .T. ) ;
#956 = CIRCLE ( 'NONE', #453, 0.4000000000000001887 ) ;
#957 = SURFACE_STYLE_USAGE ( .BOTH. , #2283 ) ;
#958 = AXIS2_PLACEMENT_3D ( 'NONE', #1375, #525, #2273 ) ;
#959 = DIRECTION ( 'NONE',  ( 0.000000000000000000, -1.000000000000000000, 0.000000000000000000 ) ) ;
#960 = DIRECTION ( 'NONE',  ( 0.000000000000000000, 1.000000000000000000, 0.000000000000000000 ) ) ;
#961 = CARTESIAN_POINT ( 'NONE',  ( 0.000000000000000000, 7.349999999999999645, 0.000000000000000000 ) ) ;
#962 = DIRECTION ( 'NONE',  ( -0.000000000000000000, 1.000000000000000000, -0.000000000000000000 ) ) ;
#963 = ORIENTED_EDGE ( 'NONE', *, *, #711, .T. ) ;
#964 = CARTESIAN_POINT ( 'NONE',  ( 0.000000000000000000, 4.450000000000000178, 0.000000000000000000 ) ) ;
#965 = DIRECTION ( 'NONE',  ( 0.000000000000000000, -1.000000000000000000, 0.000000000000000000 ) ) ;
#966 = ORIENTED_EDGE ( 'NONE', *, *, #903, .F. ) ;
#967 = ORIENTED_EDGE ( 'NONE', *, *, #952, .T. ) ;
#968 = B_SPLINE_CURVE_WITH_KNOTS ( 'NONE', 3,
 ( #1521, #839, #1937, #1971 ),
 .UNSPECIFIED., .F., .F.,
 ( 4, 4 ),
 ( 0.02087744726200445669, 0.02153457031862994822 ),
 .UNSPECIFIED. ) ;
#969 = ORIENTED_EDGE ( 'NONE', *, *, #17, .F. ) ;
#970 = EDGE_CURVE ( 'NONE', #799, #2806, #2135, .T. ) ;
#971 = AXIS2_PLACEMENT_3D ( 'NONE', #7, #2439, #1313 ) ;
#972 = VECTOR ( 'NONE', #1734, 1000.000000000000114 ) ;
#973 = MANIFOLD_SOLID_BREP ( 'Body-Move/Copy1[1]', #1820 ) ;
#974 = FILL_AREA_STYLE_COLOUR ( '', #2070 ) ;
#975 = ORIENTED_EDGE ( 'NONE', *, *, #737, .F. ) ;
#976 = LINE ( 'NONE', #567, #1595 ) ;
#977 = DIRECTION ( 'NONE',  ( 0.000000000000000000, -1.000000000000000000, 0.000000000000000000 ) ) ;
#978 = CARTESIAN_POINT ( 'NONE',  ( -5.510910596163088569E-16, 7.349999999999999645, -4.500000000000000000 ) ) ;
#979 = DIRECTION ( 'NONE',  ( -0.000000000000000000, 1.000000000000000000, -0.000000000000000000 ) ) ;
#980 = ORIENTED_EDGE ( 'NONE', *, *, #1638, .F. ) ;
#981 = AXIS2_PLACEMENT_3D ( 'NONE', #1381, #2060, #68 ) ;
#982 = ORIENTED_EDGE ( 'NONE', *, *, #2328, .F. ) ;
#983 = LINE ( 'NONE', #1649, #725 ) ;
#984 = CARTESIAN_POINT ( 'NONE',  ( -7.530337257590308475, 4.450000000000000178, -2.350000000000000089 ) ) ;
#985 = ORIENTED_EDGE ( 'NONE', *, *, #2116, .T. ) ;
#986 = EDGE_LOOP ( 'NONE', ( #522, #2817 ) ) ;
#987 = ORIENTED_EDGE ( 'NONE', *, *, #2161, .T. ) ;
#988 = ORIENTED_EDGE ( 'NONE', *, *, #407, .T. ) ;
#989 = CARTESIAN_POINT ( 'NONE',  ( 4.873397172404483335, 7.349999999999999645, 3.500000000000000000 ) ) ;
#990 = LINE ( 'NONE', #2159, #646 ) ;
#991 = CARTESIAN_POINT ( 'NONE',  ( -4.837354648979129479, 4.049999999999999822, 1.050000000000003597 ) ) ;
#992 = EDGE_CURVE ( 'NONE', #2164, #710, #2166, .T. ) ;
#993 = EDGE_CURVE ( 'NONE', #2322, #1580, #1788, .T. ) ;
#994 = CARTESIAN_POINT ( 'NONE',  ( -4.837354648979129479, 2.949999999999999734, 1.050000000000004041 ) ) ;
#995 = AXIS2_PLACEMENT_3D ( 'NONE', #2100, #2749, #1188 ) ;
#996 = ORIENTED_EDGE ( 'NONE', *, *, #1732, .T. ) ;
#997 = ORIENTED_EDGE ( 'NONE', *, *, #2282, .F. ) ;
#998 = FACE_OUTER_BOUND ( 'NONE', #1346, .T. ) ;
#999 = DIRECTION ( 'NONE',  ( 0.000000000000000000, 0.000000000000000000, -1.000000000000000000 ) ) ;
#1000 = ORIENTED_EDGE ( 'NONE', *, *, #2620, .F. ) ;
#1001 = EDGE_CURVE ( 'NONE', #819, #279, #204, .T. ) ;
#1002 = EDGE_CURVE ( 'NONE', #1426, #2772, #652, .T. ) ;
#1003 = ORIENTED_EDGE ( 'NONE', *, *, #2851, .F. ) ;
#1004 = MANIFOLD_SOLID_BREP ( 'Body-Move/Copy1[6]', #2580 ) ;
#1005 = CARTESIAN_POINT ( 'NONE',  ( -6.319265539723246228, -3.449999999999999289, 1.050000000000004041 ) ) ;
#1006 = DIRECTION ( 'NONE',  ( 0.000000000000000000, -0.000000000000000000, 1.000000000000000000 ) ) ;
#1007 = FACE_OUTER_BOUND ( 'NONE', #1009, .T. ) ;
#1008 = DIRECTION ( 'NONE',  ( 0.000000000000000000, 0.000000000000000000, -1.000000000000000000 ) ) ;
#1009 = EDGE_LOOP ( 'NONE', ( #1365, #2450, #2499, #73 ) ) ;
#1010 = ORIENTED_EDGE ( 'NONE', *, *, #1927, .F. ) ;
#1011 = CARTESIAN_POINT ( 'NONE',  ( -4.979959839195491789, 2.850000000000000089, -1.100000000000003864 ) ) ;
#1012 = DIRECTION ( 'NONE',  ( 0.000000000000000000, 0.000000000000000000, 1.000000000000000000 ) ) ;
#1013 = ADVANCED_FACE ( 'NONE', ( #1780 ), #826, .F. ) ;
#1014 = EDGE_LOOP ( 'NONE', ( #2290, #966, #855 ) ) ;
#1015 = CIRCLE ( 'NONE', #1370, 6.000000000000000888 ) ;
#1016 = CIRCLE ( 'NONE', #132, 0.2500000000000002220 ) ;
#1017 = EDGE_LOOP ( 'NONE', ( #985, #2703 ) ) ;
#1018 = VECTOR ( 'NONE', #1316, 1000.000000000000000 ) ;
#1019 = DIRECTION ( 'NONE',  ( -0.000000000000000000, -1.000000000000000000, -0.000000000000000000 ) ) ;
#1020 = CARTESIAN_POINT ( 'NONE',  ( -4.526311964502752971, 1.999999999999953149, -2.350000000000000089 ) ) ;
#1021 = AXIS2_PLACEMENT_3D ( 'NONE', #2268, #1185, #1368 ) ;
#1022 = CARTESIAN_POINT ( 'NONE',  ( 0.000000000000000000, 1.550000000000000044, 0.000000000000000000 ) ) ;
#1023 = DIRECTION ( 'NONE',  ( 0.000000000000000000, 0.000000000000000000, 1.000000000000000000 ) ) ;
#1024 = VERTEX_POINT ( 'NONE', #2002 ) ;
#1025 = ORIENTED_EDGE ( 'NONE', *, *, #2752, .F. ) ;
#1026 = MANIFOLD_SOLID_BREP ( 'Body-Move/Copy1[2]', #69 ) ;
#1027 = CARTESIAN_POINT ( 'NONE',  ( -4.110304271098520701, 1.702855033738738921, -3.500000000000000000 ) ) ;
#1028 = LINE ( 'NONE', #2607, #10 ) ;
#1029 = VECTOR ( 'NONE', #1175, 1000.000000000000000 ) ;
#1030 = ORIENTED_EDGE ( 'NONE', *, *, #2250, .F. ) ;
#1031 = FACE_OUTER_BOUND ( 'NONE', #2058, .T. ) ;
#1032 = ORIENTED_EDGE ( 'NONE', *, *, #1989, .F. ) ;
#1033 = EDGE_CURVE ( 'NONE', #1981, #2257, #83, .T. ) ;
#1034 = EDGE_CURVE ( 'NONE', #694, #2518, #2200, .T. ) ;
#1035 = AXIS2_PLACEMENT_3D ( 'NONE', #541, #2560, #1830 ) ;
#1036 = CARTESIAN_POINT ( 'NONE',  ( 4.526311964502669483, 5.049999999999999822, 2.350000000000000089 ) ) ;
#1037 = DIRECTION ( 'NONE',  ( 0.000000000000000000, 1.000000000000000000, 0.000000000000000000 ) ) ;
#1038 = DIRECTION ( 'NONE',  ( 0.000000000000000000, 0.000000000000000000, 1.000000000000000000 ) ) ;
#1039 = CARTESIAN_POINT ( 'NONE',  ( -7.530337257590308475, 4.450000000000000178, 2.350000000000000089 ) ) ;
#1040 = LINE ( 'NONE', #803, #1250 ) ;
#1041 = ORIENTED_EDGE ( 'NONE', *, *, #1893, .T. ) ;
#1042 = ORIENTED_EDGE ( 'NONE', *, *, #874, .T. ) ;
#1043 = DIRECTION ( 'NONE',  ( 0.000000000000000000, 0.000000000000000000, -1.000000000000000000 ) ) ;
#1044 = DIRECTION ( 'NONE',  ( -0.000000000000000000, 1.000000000000000000, -0.000000000000000000 ) ) ;
#1045 = EDGE_CURVE ( 'NONE', #2806, #473, #1061, .T. ) ;
#1046 = EDGE_CURVE ( 'NONE', #1783, #1217, #1360, .T. ) ;
#1047 = ORIENTED_EDGE ( 'NONE', *, *, #911, .T. ) ;
#1048 = DIRECTION ( 'NONE',  ( 0.000000000000000000, 0.000000000000000000, 1.000000000000000000 ) ) ;
#1049 = CLOSED_SHELL ( 'NONE', ( #780, #134, #491, #880 ) ) ;
#1050 = CARTESIAN_POINT ( 'NONE',  ( -7.530337257590308475, 4.450000000000000178, -3.500000000000000000 ) ) ;
#1051 = ORIENTED_EDGE ( 'NONE', *, *, #1970, .T. ) ;
#1052 = CARTESIAN_POINT ( 'NONE',  ( 2.202271554554530830, 5.049999999999999822, 4.599999999999997868 ) ) ;
#1053 = CYLINDRICAL_SURFACE ( 'NONE', #1672, 0.4000000000000001887 ) ;
#1054 = CARTESIAN_POINT ( 'NONE',  ( 4.979959839195492677, 7.099999999999999645, -1.100000000000000089 ) ) ;
#1055 = DIRECTION ( 'NONE',  ( -0.000000000000000000, 1.000000000000000000, -0.000000000000000000 ) ) ;
#1056 = CARTESIAN_POINT ( 'NONE',  ( 0.000000000000000000, 4.049999999999999822, 0.000000000000000000 ) ) ;
#1057 = ORIENTED_EDGE ( 'NONE', *, *, #757, .F. ) ;
#1058 = CARTESIAN_POINT ( 'NONE',  ( -3.911299762569066196, 1.853184171012672410, -3.500000000000000000 ) ) ;
#1059 = DIRECTION ( 'NONE',  ( 0.000000000000000000, 0.000000000000000000, 1.000000000000000000 ) ) ;
#1060 = CARTESIAN_POINT ( 'NONE',  ( 0.000000000000000000, 2.949999999999999734, 0.000000000000000000 ) ) ;
#1061 = CIRCLE ( 'NONE', #958, 0.6000000000000003109 ) ;
#1062 = DIRECTION ( 'NONE',  ( 1.000000000000000000, 0.000000000000000000, 0.000000000000000000 ) ) ;
#1063 = AXIS2_PLACEMENT_3D ( 'NONE', #1060, #653, #1048 ) ;
#1064 = CARTESIAN_POINT ( 'NONE',  ( 2.269578140109551612, 1.700077483439255355, 4.899922516560743624 ) ) ;
#1065 = EDGE_CURVE ( 'NONE', #1144, #100, #2599, .T. ) ;
#1066 = CARTESIAN_POINT ( 'NONE',  ( 0.000000000000000000, 5.049999999999999822, -5.100000000000001421 ) ) ;
#1067 = DIRECTION ( 'NONE',  ( -1.000000000000000000, 0.000000000000000000, 0.000000000000000000 ) ) ;
#1068 = PLANE ( 'NONE',  #2659 ) ;
#1069 = CARTESIAN_POINT ( 'NONE',  ( -2.397915761656367106, 1.550000000000000044, 5.499999999999998224 ) ) ;
#1070 = ORIENTED_EDGE ( 'NONE', *, *, #575, .F. ) ;
#1071 = AXIS2_PLACEMENT_3D ( 'NONE', #2287, #2708, #1189 ) ;
#1072 = AXIS2_PLACEMENT_3D ( 'NONE', #1056, #140, #2828 ) ;
#1073 = DIRECTION ( 'NONE',  ( 0.000000000000000000, 0.000000000000000000, -1.000000000000000000 ) ) ;
#1074 = CARTESIAN_POINT ( 'NONE',  ( -3.799999999999999822, 1.550000000000000044, 0.000000000000000000 ) ) ;
#1075 = SURFACE_STYLE_FILL_AREA ( #1287 ) ;
#1076 = CIRCLE ( 'NONE', #1952, 4.382102153512651199 ) ;
#1077 = DIRECTION ( 'NONE',  ( 0.000000000000000000, 0.000000000000000000, 1.000000000000000000 ) ) ;
#1078 = AXIS2_PLACEMENT_3D ( 'NONE', #1251, #339, #2812 ) ;
#1079 = DIRECTION ( 'NONE',  ( 0.000000000000000000, -0.000000000000000000, 1.000000000000000000 ) ) ;
#1080 = CARTESIAN_POINT ( 'NONE',  ( 2.302172886644400673, 1.550000000000000044, 5.049999999999942979 ) ) ;
#1081 = EDGE_CURVE ( 'NONE', #1995, #2478, #2507, .T. ) ;
#1082 = ORIENTED_EDGE ( 'NONE', *, *, #335, .T. ) ;
#1083 = LINE ( 'NONE', #179, #928 ) ;
#1084 = LINE ( 'NONE', #2856, #2731 ) ;
#1085 = CARTESIAN_POINT ( 'NONE',  ( -5.893232792909426365, 7.231994450799353658, 1.127854760811092927 ) ) ;
#1086 = ORIENTED_EDGE ( 'NONE', *, *, #1529, .T. ) ;
#1087 = DIRECTION ( 'NONE',  ( 0.000000000000000000, 0.000000000000000000, -1.000000000000000000 ) ) ;
#1088 = CARTESIAN_POINT ( 'NONE',  ( -4.973894792558409605, 7.232484875191212303, -1.128126955091848904 ) ) ;
#1089 = EDGE_CURVE ( 'NONE', #2245, #532, #51, .T. ) ;
#1090 = SURFACE_STYLE_USAGE ( .BOTH. , #1538 ) ;
#1091 = DIRECTION ( 'NONE',  ( 0.000000000000000000, 0.000000000000000000, -1.000000000000000000 ) ) ;
#1092 = PLANE ( 'NONE',  #1143 ) ;
#1093 = CIRCLE ( 'NONE', #1454, 5.100000000000001421 ) ;
#1094 = AXIS2_PLACEMENT_3D ( 'NONE', #2872, #11, #882 ) ;
#1095 = AXIS2_PLACEMENT_3D ( 'NONE', #373, #1505, #1012 ) ;
#1096 = FACE_OUTER_BOUND ( 'NONE', #2608, .T. ) ;
#1097 = EDGE_CURVE ( 'NONE', #224, #1889, #495, .T. ) ;
#1098 = ORIENTED_EDGE ( 'NONE', *, *, #970, .T. ) ;
#1099 = DIRECTION ( 'NONE',  ( 0.000000000000000000, 0.000000000000000000, 1.000000000000000000 ) ) ;
#1100 = VERTEX_POINT ( 'NONE', #508 ) ;
#1101 = CARTESIAN_POINT ( 'NONE',  ( 5.541606198059444210, 2.949999999999999734, 1.050000000000004041 ) ) ;
#1102 = PLANE ( 'NONE',  #2781 ) ;
#1103 = CARTESIAN_POINT ( 'NONE',  ( 4.979959839195492677, 7.349999999999999645, 1.350000000000000089 ) ) ;
#1104 = ADVANCED_FACE ( 'NONE', ( #2315 ), #2049, .T. ) ;
#1105 = DIRECTION ( 'NONE',  ( 0.000000000000000000, 0.000000000000000000, 1.000000000000000000 ) ) ;
#1106 = LINE ( 'NONE', #2435, #2242 ) ;
#1107 = VECTOR ( 'NONE', #946, 1000.000000000000114 ) ;
#1108 = ORIENTED_EDGE ( 'NONE', *, *, #2378, .F. ) ;
#1109 = VECTOR ( 'NONE', #2176, 1000.000000000000000 ) ;
#1110 = CARTESIAN_POINT ( 'NONE',  ( 2.167948338867885738, 4.049999999999999822, 4.449999999999998401 ) ) ;
#1111 = EDGE_LOOP ( 'NONE', ( #549, #837, #197, #1300 ) ) ;
#1112 = LINE ( 'NONE', #2221, #479 ) ;
#1113 = CARTESIAN_POINT ( 'NONE',  ( -3.799999999999999822, 1.550000000000000044, 0.7000000000000000666 ) ) ;
#1114 = CARTESIAN_POINT ( 'NONE',  ( -2.500000000000000000, -8.031370849898477715, -2.500000000000000000 ) ) ;
#1115 = CARTESIAN_POINT ( 'NONE',  ( 2.202271554554530830, 2.000000000000000000, 4.599999999999997868 ) ) ;
#1116 = ADVANCED_FACE ( 'NONE', ( #2709 ), #64, .F. ) ;
#1117 = VERTEX_POINT ( 'NONE', #743 ) ;
#1118 = CIRCLE ( 'NONE', #1541, 4.950000000000001066 ) ;
#1119 = AXIS2_PLACEMENT_3D ( 'NONE', #2801, #2182, #2831 ) ;
#1120 = CARTESIAN_POINT ( 'NONE',  ( 4.918078893226500270, 7.349999999999999645, 1.350000000000000089 ) ) ;
#1121 = ORIENTED_EDGE ( 'NONE', *, *, #59, .F. ) ;
#1122 = DIRECTION ( 'NONE',  ( -0.000000000000000000, -1.000000000000000000, -0.000000000000000000 ) ) ;
#1123 = CIRCLE ( 'NONE', #1394, 4.950000000000001066 ) ;
#1124 = ADVANCED_FACE ( 'NONE', ( #109 ), #1622, .T. ) ;
#1125 = EDGE_CURVE ( 'NONE', #1786, #1385, #892, .T. ) ;
#1126 = CARTESIAN_POINT ( 'NONE',  ( 2.500000000000000000, -8.031370849898477715, 2.100000000000000089 ) ) ;
#1127 = LINE ( 'NONE', #36, #385 ) ;
#1128 = ADVANCED_FACE ( 'NONE', ( #288 ), #2522, .F. ) ;
#1129 = EDGE_CURVE ( 'NONE', #224, #1924, #1118, .T. ) ;
#1130 = ORIENTED_EDGE ( 'NONE', *, *, #1628, .T. ) ;
#1131 = AXIS2_PLACEMENT_3D ( 'NONE', #1748, #1296, #632 ) ;
#1132 = CARTESIAN_POINT ( 'NONE',  ( -5.072547031520658223, 3.607467409067208752, -1.050000000000004041 ) ) ;
#1133 = EDGE_LOOP ( 'NONE', ( #917, #1237, #44, #2087 ) ) ;
#1134 = DIRECTION ( 'NONE',  ( 1.000000000000000000, -0.000000000000000000, 0.000000000000000000 ) ) ;
#1135 = CARTESIAN_POINT ( 'NONE',  ( -5.898304841223452222, 7.099999999999999645, -1.100000000000000089 ) ) ;
#1136 = CARTESIAN_POINT ( 'NONE',  ( 2.167948338867885738, 4.049999999999999822, 4.449999999999998401 ) ) ;
#1137 = CARTESIAN_POINT ( 'NONE',  ( -5.541606198059444210, 2.949999999999999734, -1.050000000000004041 ) ) ;
#1138 = DIRECTION ( 'NONE',  ( 0.000000000000000000, 0.000000000000000000, -1.000000000000000000 ) ) ;
#1139 = CIRCLE ( 'NONE', #1832, 0.4000000000000001887 ) ;
#1140 = ORIENTED_EDGE ( 'NONE', *, *, #2620, .T. ) ;
#1141 = EDGE_CURVE ( 'NONE', #1648, #1530, #1807, .T. ) ;
#1142 = CARTESIAN_POINT ( 'NONE',  ( -5.307245209507681416, 3.278851176900285935, -1.050000000000004041 ) ) ;
#1143 = AXIS2_PLACEMENT_3D ( 'NONE', #2171, #410, #1495 ) ;
#1144 = VERTEX_POINT ( 'NONE', #932 ) ;
#1145 = CARTESIAN_POINT ( 'NONE',  ( 0.000000000000000000, 1.550000000000000044, 0.000000000000000000 ) ) ;
#1146 = CARTESIAN_POINT ( 'NONE',  ( -5.874719881950397848, 7.323640879860004560, -1.220616172262289689 ) ) ;
#1147 = PLANE ( 'NONE',  #430 ) ;
#1148 = ORIENTED_EDGE ( 'NONE', *, *, #2464, .F. ) ;
#1149 = AXIS2_PLACEMENT_3D ( 'NONE', #2234, #1550, #12 ) ;
#1150 = FACE_OUTER_BOUND ( 'NONE', #2081, .T. ) ;
#1151 = CARTESIAN_POINT ( 'NONE',  ( -7.530337257590308475, 1.550000000000000044, 3.500000000000000000 ) ) ;
#1152 = ORIENTED_EDGE ( 'NONE', *, *, #1882, .F. ) ;
#1153 = VECTOR ( 'NONE', #1980, 1000.000000000000000 ) ;
#1154 = AXIS2_PLACEMENT_3D ( 'NONE', #2102, #1827, #2754 ) ;
#1155 = EDGE_LOOP ( 'NONE', ( #1699, #1140 ) ) ;
#1156 = CIRCLE ( 'NONE', #1154, 6.000000000000000888 ) ;
#1157 = EDGE_CURVE ( 'NONE', #2169, #2528, #2280, .T. ) ;
#1158 = AXIS2_PLACEMENT_3D ( 'NONE', #2554, #77, #2260 ) ;
#1159 = EDGE_CURVE ( 'NONE', #1230, #37, #8, .T. ) ;
#1160 = EDGE_LOOP ( 'NONE', ( #1630, #2688, #1215, #72, #2270, #478 ) ) ;
#1161 = CARTESIAN_POINT ( 'NONE',  ( -4.979959839195492677, 7.099999999999999645, 1.100000000000000089 ) ) ;
#1162 = DIRECTION ( 'NONE',  ( 0.000000000000000000, -0.000000000000000000, -1.000000000000000000 ) ) ;
#1163 = CARTESIAN_POINT ( 'NONE',  ( 0.000000000000000000, 1.550000000000000044, 0.000000000000000000 ) ) ;
#1164 = FACE_OUTER_BOUND ( 'NONE', #1774, .T. ) ;
#1165 = EDGE_LOOP ( 'NONE', ( #2459, #1554 ) ) ;
#1166 = DIRECTION ( 'NONE',  ( 0.000000000000000000, -1.000000000000000000, 0.000000000000000000 ) ) ;
#1167 = CARTESIAN_POINT ( 'NONE',  ( 0.000000000000000000, 2.000000000000000000, 0.000000000000000000 ) ) ;
#1168 = EDGE_LOOP ( 'NONE', ( #1594, #360, #1436, #27, #2485, #2341, #881, #2711 ) ) ;
#1169 = ORIENTED_EDGE ( 'NONE', *, *, #869, .T. ) ;
#1170 = EDGE_CURVE ( 'NONE', #938, #1100, #718, .T. ) ;
#1171 = CIRCLE ( 'NONE', #2807, 0.4000000000000001887 ) ;
#1172 = CIRCLE ( 'NONE', #1131, 0.7000000000000000666 ) ;
#1173 = PLANE ( 'NONE',  #1821 ) ;
#1174 = DIRECTION ( 'NONE',  ( -1.000000000000000000, 0.000000000000000000, -0.000000000000000000 ) ) ;
#1175 = DIRECTION ( 'NONE',  ( 1.000000000000000000, -0.000000000000000000, 0.000000000000000000 ) ) ;
#1176 = CARTESIAN_POINT ( 'NONE',  ( 0.000000000000000000, 0.000000000000000000, -3.649999999999999911 ) ) ;
#1177 = EDGE_LOOP ( 'NONE', ( #388, #2513 ) ) ;
#1178 = DIRECTION ( 'NONE',  ( 0.000000000000000000, 0.000000000000000000, -1.000000000000000000 ) ) ;
#1179 = PLANE ( 'NONE',  #2840 ) ;
#1180 = ADVANCED_FACE ( 'NONE', ( #2533 ), #1147, .F. ) ;
#1181 = ORIENTED_EDGE ( 'NONE', *, *, #2249, .F. ) ;
#1182 = ORIENTED_EDGE ( 'NONE', *, *, #3, .T. ) ;
#1183 = VERTEX_POINT ( 'NONE', #2115 ) ;
#1184 = VECTOR ( 'NONE', #1238, 1000.000000000000000 ) ;
#1185 = DIRECTION ( 'NONE',  ( 0.000000000000000000, -1.000000000000000000, 0.000000000000000000 ) ) ;
#1186 = VERTEX_POINT ( 'NONE', #400 ) ;
#1187 = STYLED_ITEM ( 'NONE', ( #470 ), #1026 ) ;
#1188 = DIRECTION ( 'NONE',  ( 0.000000000000000000, 0.000000000000000000, -1.000000000000000000 ) ) ;
#1189 = DIRECTION ( 'NONE',  ( 0.000000000000000000, -0.000000000000000000, -1.000000000000000000 ) ) ;
#1190 = CARTESIAN_POINT ( 'NONE',  ( 5.520643078482796895, 7.349999999999999645, -2.350000000000000089 ) ) ;
#1191 = CARTESIAN_POINT ( 'NONE',  ( 5.541606198059444210, 2.949999999999999734, 1.050000000000004041 ) ) ;
#1192 = CIRCLE ( 'NONE', #782, 4.450000000000360778 ) ;
#1193 = ORIENTED_EDGE ( 'NONE', *, *, #1423, .T. ) ;
#1194 = DIRECTION ( 'NONE',  ( -1.000000000000000000, 0.000000000000000000, -0.000000000000000000 ) ) ;
#1195 = CARTESIAN_POINT ( 'NONE',  ( 2.500000000000000000, 1.550000000000000044, -2.500000000000000000 ) ) ;
#1196 = ORIENTED_EDGE ( 'NONE', *, *, #1033, .F. ) ;
#1197 = EDGE_LOOP ( 'NONE', ( #1082, #387, #1311, #85, #1314 ) ) ;
#1198 = EDGE_LOOP ( 'NONE', ( #1879, #2303, #851, #1502, #2279, #1400 ) ) ;
#1199 = VECTOR ( 'NONE', #1692, 1000.000000000000000 ) ;
#1200 = EDGE_CURVE ( 'NONE', #1580, #1425, #796, .T. ) ;
#1201 = AXIS2_PLACEMENT_3D ( 'NONE', #1231, #598, #2408 ) ;
#1202 = VERTEX_POINT ( 'NONE', #569 ) ;
#1203 = DIRECTION ( 'NONE',  ( 0.000000000000000000, 0.000000000000000000, -1.000000000000000000 ) ) ;
#1204 = DIRECTION ( 'NONE',  ( 0.000000000000000000, 0.000000000000000000, 1.000000000000000000 ) ) ;
#1205 = DIRECTION ( 'NONE',  ( 0.000000000000000000, 0.000000000000000000, 1.000000000000000000 ) ) ;
#1206 = CARTESIAN_POINT ( 'NONE',  ( 5.307245209507681416, 3.278851176900285935, 1.050000000000004041 ) ) ;
#1207 = ORIENTED_EDGE ( 'NONE', *, *, #1240, .F. ) ;
#1208 = AXIS2_PLACEMENT_3D ( 'NONE', #806, #1257, #2386 ) ;
#1209 = ORIENTED_EDGE ( 'NONE', *, *, #2188, .F. ) ;
#1210 = B_SPLINE_CURVE_WITH_KNOTS ( 'NONE', 3,
 ( #2236, #2044, #14, #1802 ),
 .UNSPECIFIED., .F., .F.,
 ( 4, 4 ),
 ( 0.008328011382463470363, 0.009539457011047317025 ),
 .UNSPECIFIED. ) ;
#1211 = DIRECTION ( 'NONE',  ( 0.000000000000000000, -1.000000000000000000, 0.000000000000000000 ) ) ;
#1212 = ADVANCED_FACE ( 'NONE', ( #2780 ), #621, .T. ) ;
#1213 = DIRECTION ( 'NONE',  ( 0.000000000000000000, 0.000000000000000000, 1.000000000000000000 ) ) ;
#1214 = EDGE_CURVE ( 'NONE', #2666, #2869, #379, .T. ) ;
#1215 = ORIENTED_EDGE ( 'NONE', *, *, #724, .T. ) ;
#1216 = EDGE_LOOP ( 'NONE', ( #492, #1904, #1709, #1121 ) ) ;
#1217 = VERTEX_POINT ( 'NONE', #1500 ) ;
#1218 = ORIENTED_EDGE ( 'NONE', *, *, #1946, .T. ) ;
#1219 = CARTESIAN_POINT ( 'NONE',  ( 5.898304841223452222, 7.099999999999999645, -1.100000000000000089 ) ) ;
#1220 = DIRECTION ( 'NONE',  ( 0.000000000000000000, 0.000000000000000000, 1.000000000000000000 ) ) ;
#1221 = B_SPLINE_CURVE_WITH_KNOTS ( 'NONE', 3,
 ( #1228, #344, #2758, #1407, #2121, #1428 ),
 .UNSPECIFIED., .F., .F.,
 ( 4, 2, 4 ),
 ( 0.000000000000000000, 0.0001983354759168695300, 0.0003966709518337390599 ),
 .UNSPECIFIED. ) ;
#1222 = CARTESIAN_POINT ( 'NONE',  ( -5.027922035990616934, 1.550000000000000044, 2.350000000000000089 ) ) ;
#1223 = DIRECTION ( 'NONE',  ( 1.000000000000000000, 0.000000000000000000, 0.000000000000000000 ) ) ;
#1224 = VECTOR ( 'NONE', #2621, 1000.000000000000000 ) ;
#1225 = VERTEX_POINT ( 'NONE', #1914 ) ;
#1226 = ORIENTED_EDGE ( 'NONE', *, *, #350, .T. ) ;
#1227 = CYLINDRICAL_SURFACE ( 'NONE', #2723, 0.7000000000000000666 ) ;
#1228 = CARTESIAN_POINT ( 'NONE',  ( -4.979959839195492677, 7.099999999999999645, 1.100000000000000089 ) ) ;
#1229 = ORIENTED_EDGE ( 'NONE', *, *, #2541, .F. ) ;
#1230 = VERTEX_POINT ( 'NONE', #1691 ) ;
#1231 = CARTESIAN_POINT ( 'NONE',  ( 0.000000000000000000, 2.850000000000000089, 0.000000000000000000 ) ) ;
#1232 = CARTESIAN_POINT ( 'NONE',  ( 5.027922035990616934, 1.550000000000000044, -2.350000000000000089 ) ) ;
#1233 = VECTOR ( 'NONE', #1340, 1000.000000000000000 ) ;
#1234 = DIRECTION ( 'NONE',  ( 1.000000000000000000, -0.000000000000000000, 1.224646799147353207E-16 ) ) ;
#1235 = CARTESIAN_POINT ( 'NONE',  ( -5.846152580971524237, 7.349999999999999645, 1.350000000000000089 ) ) ;
#1236 = ORIENTED_EDGE ( 'NONE', *, *, #175, .T. ) ;
#1237 = ORIENTED_EDGE ( 'NONE', *, *, #700, .T. ) ;
#1238 = DIRECTION ( 'NONE',  ( 0.000000000000000000, -1.000000000000000000, 0.000000000000000000 ) ) ;
#1239 = DIRECTION ( 'NONE',  ( -0.000000000000000000, -1.000000000000000000, -0.000000000000000000 ) ) ;
#1240 = EDGE_CURVE ( 'NONE', #2871, #1810, #658, .T. ) ;
#1241 = ORIENTED_EDGE ( 'NONE', *, *, #2062, .F. ) ;
#1242 = AXIS2_PLACEMENT_3D ( 'NONE', #1114, #720, #2262 ) ;
#1243 = CIRCLE ( 'NONE', #2876, 0.6000000000000003109 ) ;
#1244 = DIRECTION ( 'NONE',  ( 0.000000000000000000, -1.000000000000000000, 0.000000000000000000 ) ) ;
#1245 = VERTEX_POINT ( 'NONE', #2571 ) ;
#1246 = LINE ( 'NONE', #657, #787 ) ;
#1247 = ADVANCED_FACE ( 'NONE', ( #1707 ), #1068, .F. ) ;
#1248 = CARTESIAN_POINT ( 'NONE',  ( -7.530337257590308475, 1.550000000000000044, 2.350000000000000089 ) ) ;
#1249 = DIRECTION ( 'NONE',  ( 0.000000000000000000, 1.000000000000000000, 0.000000000000000000 ) ) ;
#1250 = VECTOR ( 'NONE', #2587, 1000.000000000000000 ) ;
#1251 = CARTESIAN_POINT ( 'NONE',  ( 0.000000000000000000, 5.049999999999999822, 0.000000000000000000 ) ) ;
#1252 = EDGE_CURVE ( 'NONE', #1786, #2261, #353, .T. ) ;
#1253 = CYLINDRICAL_SURFACE ( 'NONE', #2374, 0.2500000000000000000 ) ;
#1254 = ORIENTED_EDGE ( 'NONE', *, *, #1415, .F. ) ;
#1255 = ORIENTED_EDGE ( 'NONE', *, *, #306, .F. ) ;
#1256 = PRESENTATION_STYLE_ASSIGNMENT (( #853 ) ) ;
#1257 = DIRECTION ( 'NONE',  ( 0.000000000000000000, -1.000000000000000000, 0.000000000000000000 ) ) ;
#1258 = AXIS2_PLACEMENT_3D ( 'NONE', #1163, #2056, #2288 ) ;
#1259 = VERTEX_POINT ( 'NONE', #2796 ) ;
#1260 = CARTESIAN_POINT ( 'NONE',  ( 0.000000000000000000, 4.049999999999999822, -4.450000000000360778 ) ) ;
#1261 = CARTESIAN_POINT ( 'NONE',  ( 0.000000000000000000, 2.850000000000000089, 0.000000000000000000 ) ) ;
#1262 = ORIENTED_EDGE ( 'NONE', *, *, #566, .F. ) ;
#1263 = AXIS2_PLACEMENT_3D ( 'NONE', #560, #2320, #515 ) ;
#1264 = FACE_OUTER_BOUND ( 'NONE', #2336, .T. ) ;
#1265 = APPLICATION_PROTOCOL_DEFINITION ( 'draft international standard', 'automotive_design', 1998, #50 ) ;
#1266 = DIRECTION ( 'NONE',  ( 0.000000000000000000, 0.000000000000000000, 1.000000000000000000 ) ) ;
#1267 = CARTESIAN_POINT ( 'NONE',  ( 4.694314081311942388, 1.850896080122435228, -2.350000000000000089 ) ) ;
#1268 = CARTESIAN_POINT ( 'NONE',  ( 0.000000000000000000, 5.049999999999999822, 0.000000000000000000 ) ) ;
#1269 = CARTESIAN_POINT ( 'NONE',  ( -2.500000000000000000, 1.550000000000000044, 2.100000000000000089 ) ) ;
#1270 = ORIENTED_EDGE ( 'NONE', *, *, #904, .T. ) ;
#1271 = CARTESIAN_POINT ( 'NONE',  ( -4.110386105754703756, 1.702791523243471161, 3.500000000000000000 ) ) ;
#1272 = DIRECTION ( 'NONE',  ( 0.000000000000000000, -1.000000000000000000, 0.000000000000000000 ) ) ;
#1273 = ORIENTED_EDGE ( 'NONE', *, *, #1383, .F. ) ;
#1274 = DIRECTION ( 'NONE',  ( -1.000000000000000000, -0.000000000000000000, -0.000000000000000000 ) ) ;
#1275 = CARTESIAN_POINT ( 'NONE',  ( 4.979959839195492677, 2.850000000000000089, 1.100000000000000533 ) ) ;
#1276 = EDGE_CURVE ( 'NONE', #564, #2032, #789, .T. ) ;
#1277 = VERTEX_POINT ( 'NONE', #1953 ) ;
#1278 = CARTESIAN_POINT ( 'NONE',  ( -4.307261310856357994, 1.550000000000000044, -3.500000000000000000 ) ) ;
#1279 = ORIENTED_EDGE ( 'NONE', *, *, #2404, .F. ) ;
#1280 = CARTESIAN_POINT ( 'NONE',  ( -2.500000000000000000, 1.550000000000000044, -2.100000000000000089 ) ) ;
#1281 = DIRECTION ( 'NONE',  ( 0.000000000000000000, 0.000000000000000000, -1.000000000000000000 ) ) ;
#1282 = DIRECTION ( 'NONE',  ( 0.000000000000000000, 0.000000000000000000, 1.000000000000000000 ) ) ;
#1283 = LINE ( 'NONE', #2813, #1433 ) ;
#1284 = ORIENTED_EDGE ( 'NONE', *, *, #395, .F. ) ;
#1285 = FACE_OUTER_BOUND ( 'NONE', #1751, .T. ) ;
#1286 = DIRECTION ( 'NONE',  ( 0.000000000000000000, -1.000000000000000000, 0.000000000000000000 ) ) ;
#1287 = FILL_AREA_STYLE ('',( #406 ) ) ;
#1288 = DIRECTION ( 'NONE',  ( 0.000000000000000000, 0.000000000000000000, 1.000000000000000000 ) ) ;
#1289 = DIRECTION ( 'NONE',  ( 0.000000000000000000, -0.000000000000000000, 1.000000000000000000 ) ) ;
#1290 = AXIS2_PLACEMENT_3D ( 'NONE', #2638, #857, #1745 ) ;
#1291 = EDGE_LOOP ( 'NONE', ( #722, #2191, #336, #2018 ) ) ;
#1292 = FILL_AREA_STYLE ('',( #1733 ) ) ;
#1293 = EDGE_CURVE ( 'NONE', #2592, #1663, #745, .T. ) ;
#1294 = AXIS2_PLACEMENT_3D ( 'NONE', #1074, #2845, #2013 ) ;
#1295 = VERTEX_POINT ( 'NONE', #2160 ) ;
#1296 = DIRECTION ( 'NONE',  ( 0.000000000000000000, -1.000000000000000000, 0.000000000000000000 ) ) ;
#1297 = DIRECTION ( 'NONE',  ( 0.000000000000000000, 0.000000000000000000, 1.000000000000000000 ) ) ;
#1298 = DIRECTION ( 'NONE',  ( 0.000000000000000000, 0.000000000000000000, 1.000000000000000000 ) ) ;
#1299 = CARTESIAN_POINT ( 'NONE',  ( -5.861171769748014349, 7.349999999999999645, 1.284959652422386522 ) ) ;
#1300 = ORIENTED_EDGE ( 'NONE', *, *, #2377, .F. ) ;
#1301 =( GEOMETRIC_REPRESENTATION_CONTEXT ( 3 ) GLOBAL_UNCERTAINTY_ASSIGNED_CONTEXT ( ( #1413 ) ) GLOBAL_UNIT_ASSIGNED_CONTEXT ( ( #195, #1964, #2640 ) ) REPRESENTATION_CONTEXT ( 'NONE', 'WORKASPACE' ) );
#1302 = VECTOR ( 'NONE', #1932, 1000.000000000000000 ) ;
#1303 = FACE_OUTER_BOUND ( 'NONE', #1216, .T. ) ;
#1304 = AXIS2_PLACEMENT_3D ( 'NONE', #2825, #135, #2158 ) ;
#1305 = CARTESIAN_POINT ( 'NONE',  ( 0.000000000000000000, 4.049999999999999822, 0.000000000000000000 ) ) ;
#1306 = AXIS2_PLACEMENT_3D ( 'NONE', #1022, #2396, #1282 ) ;
#1307 = FACE_OUTER_BOUND ( 'NONE', #2706, .T. ) ;
#1308 = ADVANCED_FACE ( 'NONE', ( #1931 ), #843, .T. ) ;
#1309 = UNCERTAINTY_MEASURE_WITH_UNIT (LENGTH_MEASURE( 1.000000000000000082E-05 ), #1523, 'distance_accuracy_value', 'NONE');
#1310 = CARTESIAN_POINT ( 'NONE',  ( 2.500000000000000000, 1.550000000000000044, -2.500000000000000000 ) ) ;
#1311 = ORIENTED_EDGE ( 'NONE', *, *, #2732, .F. ) ;
#1312 = LINE ( 'NONE', #1377, #2612 ) ;
#1313 = DIRECTION ( 'NONE',  ( 1.000000000000000000, 0.000000000000000000, 0.000000000000000000 ) ) ;
#1314 = ORIENTED_EDGE ( 'NONE', *, *, #2096, .F. ) ;
#1315 = CYLINDRICAL_SURFACE ( 'NONE', #761, 0.6000000000000003109 ) ;
#1316 = DIRECTION ( 'NONE',  ( 1.000000000000000000, -0.000000000000000000, 0.000000000000000000 ) ) ;
#1317 = PLANE ( 'NONE',  #178 ) ;
#1318 = DIRECTION ( 'NONE',  ( -1.000000000000000000, -0.000000000000000000, -0.000000000000000000 ) ) ;
#1319 = STYLED_ITEM ( 'NONE', ( #1925 ), #58 ) ;
#1320 = CIRCLE ( 'NONE', #1094, 0.7000000000000000666 ) ;
#1321 = VECTOR ( 'NONE', #217, 1000.000000000000000 ) ;
#1322 = ORIENTED_EDGE ( 'NONE', *, *, #1081, .T. ) ;
#1323 = FACE_OUTER_BOUND ( 'NONE', #876, .T. ) ;
#1324 = ORIENTED_EDGE ( 'NONE', *, *, #2753, .F. ) ;
#1325 = DIRECTION ( 'NONE',  ( -1.000000000000000000, 0.000000000000000000, -0.000000000000000000 ) ) ;
#1326 = ADVANCED_FACE ( 'NONE', ( #1007 ), #1736, .T. ) ;
#1327 = CARTESIAN_POINT ( 'NONE',  ( -4.979959839195491789, 7.349999999999999645, -1.350000000000000089 ) ) ;
#1328 = EDGE_CURVE ( 'NONE', #1866, #1921, #2128, .T. ) ;
#1329 = CARTESIAN_POINT ( 'NONE',  ( 0.000000000000000000, 1.550000000000000044, 0.000000000000000000 ) ) ;
#1330 = CONICAL_SURFACE ( 'NONE', #2821, 5.100000000000001421, 0.7853981633974502774 ) ;
#1331 = EDGE_LOOP ( 'NONE', ( #2496, #797, #624, #170 ) ) ;
#1332 = CARTESIAN_POINT ( 'NONE',  ( 2.500000000000000000, -3.449999999999999734, 2.100000000000000089 ) ) ;
#1333 = EDGE_CURVE ( 'NONE', #1385, #2294, #1678, .T. ) ;
#1334 = EDGE_CURVE ( 'NONE', #1783, #2011, #1956, .T. ) ;
#1335 = ORIENTED_EDGE ( 'NONE', *, *, #2677, .T. ) ;
#1336 = FACE_OUTER_BOUND ( 'NONE', #1533, .T. ) ;
#1337 = DIRECTION ( 'NONE',  ( -0.000000000000000000, 1.000000000000000000, 0.000000000000000000 ) ) ;
#1338 = ADVANCED_FACE ( 'NONE', ( #802 ), #137, .F. ) ;
#1339 = CONICAL_SURFACE ( 'NONE', #1021, 5.100000000000001421, 0.7853981633974502774 ) ;
#1340 = DIRECTION ( 'NONE',  ( -0.000000000000000000, 1.000000000000000000, -0.000000000000000000 ) ) ;
#1341 = DIRECTION ( 'NONE',  ( 0.000000000000000000, 0.000000000000000000, 1.000000000000000000 ) ) ;
#1342 = AXIS2_PLACEMENT_3D ( 'NONE', #862, #166, #2627 ) ;
#1343 = ORIENTED_EDGE ( 'NONE', *, *, #1515, .T. ) ;
#1344 = AXIS2_PLACEMENT_3D ( 'NONE', #2816, #186, #2576 ) ;
#1345 = DIRECTION ( 'NONE',  ( -1.000000000000000000, 0.000000000000000000, -0.000000000000000000 ) ) ;
#1346 = EDGE_LOOP ( 'NONE', ( #681, #328, #1696, #2103, #1209 ) ) ;
#1347 = ORIENTED_EDGE ( 'NONE', *, *, #2167, .T. ) ;
#1348 = CARTESIAN_POINT ( 'NONE',  ( -4.837354648979130367, 3.935713225380016222, 1.050000000000004041 ) ) ;
#1349 = CARTESIAN_POINT ( 'NONE',  ( 2.500000000000000000, 1.550000000000000044, -2.100000000000000089 ) ) ;
#1350 = DIRECTION ( 'NONE',  ( -0.000000000000000000, -1.000000000000000000, -0.000000000000000000 ) ) ;
#1351 = CARTESIAN_POINT ( 'NONE',  ( -2.236308528085539038, 1.850082682779069509, 4.749917317220929469 ) ) ;
#1352 = VERTEX_POINT ( 'NONE', #1222 ) ;
#1353 = ADVANCED_FACE ( 'NONE', ( #2827 ), #1722, .T. ) ;
#1354 = ORIENTED_EDGE ( 'NONE', *, *, #2465, .T. ) ;
#1355 = VECTOR ( 'NONE', #447, 1000.000000000000000 ) ;
#1356 = PRESENTATION_LAYER_ASSIGNMENT (  '', '', ( #579 ) ) ;
#1357 = DIRECTION ( 'NONE',  ( 0.000000000000000000, -0.000000000000000000, -1.000000000000000000 ) ) ;
#1358 = VERTEX_POINT ( 'NONE', #2631 ) ;
#1359 = PLANE ( 'NONE',  #1071 ) ;
#1360 = LINE ( 'NONE', #978, #1107 ) ;
#1361 = ORIENTED_EDGE ( 'NONE', *, *, #1463, .F. ) ;
#1362 = DIRECTION ( 'NONE',  ( -0.000000000000000000, 0.000000000000000000, 1.000000000000000000 ) ) ;
#1363 = LINE ( 'NONE', #15, #2269 ) ;
#1364 = ADVANCED_FACE ( 'NONE', ( #634 ), #1514, .T. ) ;
#1365 = ORIENTED_EDGE ( 'NONE', *, *, #2124, .F. ) ;
#1366 = ADVANCED_FACE ( 'NONE', ( #1307 ), #2372, .F. ) ;
#1367 = ORIENTED_EDGE ( 'NONE', *, *, #28, .F. ) ;
#1369 = EDGE_CURVE ( 'NONE', #2592, #2094, #2153, .T. ) ;
#1368 = DIRECTION ( 'NONE',  ( 0.000000000000000000, 0.000000000000000000, -1.000000000000000000 ) ) ;
#1370 = AXIS2_PLACEMENT_3D ( 'NONE', #2213, #1961, #2184 ) ;
#1372 = ORIENTED_EDGE ( 'NONE', *, *, #2551, .F. ) ;
#1371 = CIRCLE ( 'NONE', #735, 5.100000000000001421 ) ;
#1373 = CARTESIAN_POINT ( 'NONE',  ( 4.918078893226500270, 7.349999999999999645, -1.350000000000000089 ) ) ;
#1374 = DIRECTION ( 'NONE',  ( 0.000000000000000000, 0.000000000000000000, 1.000000000000000000 ) ) ;
#1375 = CARTESIAN_POINT ( 'NONE',  ( 0.000000000000000000, 1.550000000000000044, 3.649999999999999911 ) ) ;
#1376 = APPLICATION_CONTEXT ( 'automotive_design' ) ;
#1377 = CARTESIAN_POINT ( 'NONE',  ( -4.979959839195492677, 2.850000000000000089, 1.100000000000000089 ) ) ;
#1378 = EDGE_LOOP ( 'NONE', ( #1605, #2276 ) ) ;
#1379 = VECTOR ( 'NONE', #185, 1000.000000000000000 ) ;
#1380 = DIRECTION ( 'NONE',  ( 0.000000000000000000, 0.000000000000000000, 1.000000000000000000 ) ) ;
#1381 = CARTESIAN_POINT ( 'NONE',  ( 0.000000000000000000, 4.049999999999999822, 0.000000000000000000 ) ) ;
#1382 = ORIENTED_EDGE ( 'NONE', *, *, #1508, .F. ) ;
#1383 = EDGE_CURVE ( 'NONE', #125, #819, #1758, .T. ) ;
#1384 = VECTOR ( 'NONE', #2503, 1000.000000000000000 ) ;
#1385 = VERTEX_POINT ( 'NONE', #174 ) ;
#1386 = AXIS2_PLACEMENT_3D ( 'NONE', #2736, #1391, #1205 ) ;
#1387 = DIRECTION ( 'NONE',  ( 0.000000000000000000, 0.000000000000000000, 1.000000000000000000 ) ) ;
#1388 = CARTESIAN_POINT ( 'NONE',  ( 2.500000000000000000, 1.550000000000000044, 2.500000000000000000 ) ) ;
#1389 = ADVANCED_FACE ( 'NONE', ( #1700 ), #629, .T. ) ;
#1390 = DIRECTION ( 'NONE',  ( 0.000000000000000000, 0.000000000000000000, 1.000000000000000000 ) ) ;
#1391 = DIRECTION ( 'NONE',  ( -0.000000000000000000, -1.000000000000000000, -0.000000000000000000 ) ) ;
#1392 = CARTESIAN_POINT ( 'NONE',  ( -2.167948338867885294, 4.049999999999999822, 4.449999999999998401 ) ) ;
#1393 = ORIENTED_EDGE ( 'NONE', *, *, #1089, .T. ) ;
#1394 = AXIS2_PLACEMENT_3D ( 'NONE', #252, #1566, #2015 ) ;
#1395 = FACE_OUTER_BOUND ( 'NONE', #327, .T. ) ;
#1396 = PLANE ( 'NONE',  #237 ) ;
#1397 = VERTEX_POINT ( 'NONE', #1943 ) ;
#1398 = ORIENTED_EDGE ( 'NONE', *, *, #831, .T. ) ;
#1399 = CARTESIAN_POINT ( 'NONE',  ( -3.799999999999999822, 0.000000000000000000, 0.000000000000000000 ) ) ;
#1400 = ORIENTED_EDGE ( 'NONE', *, *, #1369, .F. ) ;
#1401 = FACE_BOUND ( 'NONE', #755, .T. ) ;
#1402 = CARTESIAN_POINT ( 'NONE',  ( 2.500000000000000000, -8.031370849898477715, 2.500000000000000000 ) ) ;
#1403 = DIRECTION ( 'NONE',  ( 0.000000000000000000, 0.000000000000000000, 1.000000000000000000 ) ) ;
#1404 = DIRECTION ( 'NONE',  ( 0.000000000000000000, -1.000000000000000000, 0.000000000000000000 ) ) ;
#1405 = ORIENTED_EDGE ( 'NONE', *, *, #2567, .F. ) ;
#1406 = DIRECTION ( 'NONE',  ( 0.000000000000000000, 0.000000000000000000, -1.000000000000000000 ) ) ;
#1407 = CARTESIAN_POINT ( 'NONE',  ( -4.951872200528443457, 7.323962640740814933, 1.221165843921037997 ) ) ;
#1408 = ORIENTED_EDGE ( 'NONE', *, *, #615, .F. ) ;
#1409 = EDGE_CURVE ( 'NONE', #2032, #2092, #314, .T. ) ;
#1410 = ORIENTED_EDGE ( 'NONE', *, *, #1986, .T. ) ;
#1411 = STYLED_ITEM ( 'NONE', ( #740 ), #2540 ) ;
#1412 = ORIENTED_EDGE ( 'NONE', *, *, #1529, .F. ) ;
#1413 = UNCERTAINTY_MEASURE_WITH_UNIT (LENGTH_MEASURE( 1.000000000000000082E-05 ), #195, 'distance_accuracy_value', 'NONE');
#1414 = B_SPLINE_CURVE_WITH_KNOTS ( 'NONE', 3,
 ( #684, #1559, #1785, #235, #2658, #2681 ),
 .UNSPECIFIED., .F., .F.,
 ( 4, 2, 4 ),
 ( 0.000000000000000000, 0.0001974528489169078587, 0.0003949056978338157174 ),
 .UNSPECIFIED. ) ;
#1415 = EDGE_CURVE ( 'NONE', #1476, #2530, #1479, .T. ) ;
#1416 = VERTEX_POINT ( 'NONE', #2185 ) ;
#1417 = ADVANCED_FACE ( 'NONE', ( #1730 ), #1092, .T. ) ;
#1418 = CYLINDRICAL_SURFACE ( 'NONE', #2395, 4.950000000000001066 ) ;
#1419 = CARTESIAN_POINT ( 'NONE',  ( 0.000000000000000000, 4.450000000000000178, 0.000000000000000000 ) ) ;
#1420 = CARTESIAN_POINT ( 'NONE',  ( 0.000000000000000000, 1.550000000000000044, 0.000000000000000000 ) ) ;
#1421 = DIRECTION ( 'NONE',  ( 1.000000000000000000, 0.000000000000000000, 0.000000000000000000 ) ) ;
#1422 = VECTOR ( 'NONE', #230, 1000.000000000000000 ) ;
#1423 = EDGE_CURVE ( 'NONE', #610, #719, #1923, .T. ) ;
#1424 = EDGE_CURVE ( 'NONE', #1860, #697, #829, .T. ) ;
#1425 = VERTEX_POINT ( 'NONE', #2390 ) ;
#1426 = VERTEX_POINT ( 'NONE', #844 ) ;
#1427 = CARTESIAN_POINT ( 'NONE',  ( 0.000000000000000000, 1.550000000000000044, -4.950000000000001066 ) ) ;
#1428 = CARTESIAN_POINT ( 'NONE',  ( -4.918078893226500270, 7.349999999999999645, 1.350000000000000089 ) ) ;
#1429 = EDGE_LOOP ( 'NONE', ( #362, #103 ) ) ;
#1430 = ORIENTED_EDGE ( 'NONE', *, *, #1065, .T. ) ;
#1431 = VERTEX_POINT ( 'NONE', #2610 ) ;
#1432 = AXIS2_PLACEMENT_3D ( 'NONE', #2477, #76, #2379 ) ;
#1433 = VECTOR ( 'NONE', #2603, 1000.000000000000000 ) ;
#1434 = VECTOR ( 'NONE', #1719, 1000.000000000000000 ) ;
#1435 = CARTESIAN_POINT ( 'NONE',  ( -2.500000000000000000, 1.550000000000000044, 2.900000000000000355 ) ) ;
#1436 = ORIENTED_EDGE ( 'NONE', *, *, #2851, .T. ) ;
#1437 = AXIS2_PLACEMENT_3D ( 'NONE', #377, #2202, #191 ) ;
#1438 = DIRECTION ( 'NONE',  ( 0.000000000000000000, 1.000000000000000000, 0.000000000000000000 ) ) ;
#1439 = CARTESIAN_POINT ( 'NONE',  ( 3.709447398198282730, 2.000000000000000000, -3.500000000000000888 ) ) ;
#1440 = DIRECTION ( 'NONE',  ( 0.000000000000000000, 0.000000000000000000, 1.000000000000000000 ) ) ;
#1441 = CARTESIAN_POINT ( 'NONE',  ( 5.072547031520658223, 3.607467409067208752, 1.050000000000004041 ) ) ;
#1442 = ORIENTED_EDGE ( 'NONE', *, *, #690, .F. ) ;
#1443 = ORIENTED_EDGE ( 'NONE', *, *, #1423, .F. ) ;
#1444 = CARTESIAN_POINT ( 'NONE',  ( 3.799999999999999822, 1.550000000000000044, -0.7000000000000000666 ) ) ;
#1445 = DIRECTION ( 'NONE',  ( -0.000000000000000000, 1.000000000000000000, -0.000000000000000000 ) ) ;
#1446 = ORIENTED_EDGE ( 'NONE', *, *, #2710, .F. ) ;
#1447 = ORIENTED_EDGE ( 'NONE', *, *, #673, .F. ) ;
#1448 = DIRECTION ( 'NONE',  ( 1.000000000000000000, 0.000000000000000000, 0.000000000000000000 ) ) ;
#1449 = ADVANCED_FACE ( 'NONE', ( #1031 ), #2138, .F. ) ;
#1450 = CARTESIAN_POINT ( 'NONE',  ( -5.846152580971524237, 7.349999999999999645, -1.350000000000000089 ) ) ;
#1451 = CARTESIAN_POINT ( 'NONE',  ( 4.110304271098519813, 1.702855033738740032, 3.500000000000000000 ) ) ;
#1452 = DIRECTION ( 'NONE',  ( -0.000000000000000000, -1.000000000000000000, -0.000000000000000000 ) ) ;
#1453 = LINE ( 'NONE', #587, #739 ) ;
#1454 = AXIS2_PLACEMENT_3D ( 'NONE', #2626, #2173, #2187 ) ;
#1455 = VECTOR ( 'NONE', #1438, 1000.000000000000000 ) ;
#1456 = EDGE_LOOP ( 'NONE', ( #630, #2370, #2483, #1657 ) ) ;
#1457 = ORIENTED_EDGE ( 'NONE', *, *, #257, .T. ) ;
#1458 = FACE_OUTER_BOUND ( 'NONE', #1777, .T. ) ;
#1459 = DIRECTION ( 'NONE',  ( 0.000000000000000000, -1.000000000000000000, 0.000000000000000000 ) ) ;
#1460 = ORIENTED_EDGE ( 'NONE', *, *, #737, .T. ) ;
#1461 = CARTESIAN_POINT ( 'NONE',  ( 3.709447398198283175, 4.450000000000000178, -3.500000000000000000 ) ) ;
#1462 = VERTEX_POINT ( 'NONE', #2625 ) ;
#1463 = EDGE_CURVE ( 'NONE', #2759, #1876, #2418, .T. ) ;
#1464 = ADVANCED_FACE ( 'NONE', ( #2850 ), #1962, .F. ) ;
#1465 = EDGE_CURVE ( 'NONE', #1462, #2245, #640, .T. ) ;
#1466 = FACE_OUTER_BOUND ( 'NONE', #2557, .T. ) ;
#1467 = LINE ( 'NONE', #2314, #1948 ) ;
#1468 = VECTOR ( 'NONE', #899, 1000.000000000000000 ) ;
#1469 = CARTESIAN_POINT ( 'NONE',  ( 5.898304841223452222, 7.099999999999999645, 1.350000000000000089 ) ) ;
#1470 = CARTESIAN_POINT ( 'NONE',  ( 4.979959839195494453, 5.049999999999999822, 1.100000000000000755 ) ) ;
#1471 = VERTEX_POINT ( 'NONE', #2578 ) ;
#1472 = MECHANICAL_DESIGN_GEOMETRIC_PRESENTATION_REPRESENTATION (  '', ( #2482 ), #454 ) ;
#1473 = EDGE_LOOP ( 'NONE', ( #210, #933, #1408, #675 ) ) ;
#1474 = CARTESIAN_POINT ( 'NONE',  ( 0.000000000000000000, 3.935713225380015334, 0.000000000000000000 ) ) ;
#1475 = CARTESIAN_POINT ( 'NONE',  ( 0.000000000000000000, 5.049999999999999822, 0.000000000000000000 ) ) ;
#1476 = VERTEX_POINT ( 'NONE', #1461 ) ;
#1477 = DIRECTION ( 'NONE',  ( 0.000000000000000000, -1.000000000000000000, 0.000000000000000000 ) ) ;
#1478 = CIRCLE ( 'NONE', #229, 4.450000000000360778 ) ;
#1479 = LINE ( 'NONE', #1050, #916 ) ;
#1480 = ORIENTED_EDGE ( 'NONE', *, *, #1081, .F. ) ;
#1481 = DIRECTION ( 'NONE',  ( 0.000000000000000000, -1.000000000000000000, 0.000000000000000000 ) ) ;
#1482 = DIRECTION ( 'NONE',  ( 0.000000000000000000, -1.000000000000000000, 0.000000000000000000 ) ) ;
#1483 = CARTESIAN_POINT ( 'NONE',  ( 4.837354648979129479, 2.949999999999999734, -1.050000000000003597 ) ) ;
#1484 = CIRCLE ( 'NONE', #1799, 5.100000000000001421 ) ;
#1485 = DIRECTION ( 'NONE',  ( 0.000000000000000000, 0.000000000000000000, -1.000000000000000000 ) ) ;
#1486 = LINE ( 'NONE', #635, #2562 ) ;
#1487 = ORIENTED_EDGE ( 'NONE', *, *, #1424, .F. ) ;
#1488 = ORIENTED_EDGE ( 'NONE', *, *, #993, .T. ) ;
#1489 = EDGE_CURVE ( 'NONE', #355, #2398, #1992, .T. ) ;
#1490 = LINE ( 'NONE', #2210, #1224 ) ;
#1491 = CARTESIAN_POINT ( 'NONE',  ( 0.000000000000000000, 2.949999999999999734, 1.050000000000004041 ) ) ;
#1492 = VECTOR ( 'NONE', #840, 1000.000000000000000 ) ;
#1493 = EDGE_LOOP ( 'NONE', ( #1010, #1701, #2724, #2148, #502, #1917, #2388, #2308, #738, #920, #22, #2131, #476, #783, #924, #254 ) ) ;
#1494 = FACE_OUTER_BOUND ( 'NONE', #1571, .T. ) ;
#1495 = DIRECTION ( 'NONE',  ( 0.000000000000000000, -0.000000000000000000, -1.000000000000000000 ) ) ;
#1496 = ORIENTED_EDGE ( 'NONE', *, *, #1573, .T. ) ;
#1497 = CIRCLE ( 'NONE', #242, 4.950000000000001066 ) ;
#1498 = LINE ( 'NONE', #1912, #464 ) ;
#1499 = DIRECTION ( 'NONE',  ( 0.000000000000000000, -1.000000000000000000, 0.000000000000000000 ) ) ;
#1500 = CARTESIAN_POINT ( 'NONE',  ( -5.510910596163088569E-16, 7.349999999999999645, -4.500000000000000000 ) ) ;
#1501 = DIRECTION ( 'NONE',  ( 0.000000000000000000, 1.000000000000000000, -0.000000000000000000 ) ) ;
#1502 = ORIENTED_EDGE ( 'NONE', *, *, #2461, .T. ) ;
#1503 = CARTESIAN_POINT ( 'NONE',  ( 4.837354648979129479, 2.949999999999999734, 1.050000000000004041 ) ) ;
#1504 = FACE_OUTER_BOUND ( 'NONE', #246, .T. ) ;
#1505 = DIRECTION ( 'NONE',  ( 0.000000000000000000, 1.000000000000000000, 0.000000000000000000 ) ) ;
#1506 = PLANE ( 'NONE',  #1888 ) ;
#1507 = CARTESIAN_POINT ( 'NONE',  ( 2.202271554554530830, 2.000000000000000000, 4.599999999999997868 ) ) ;
#1508 = EDGE_CURVE ( 'NONE', #2530, #371, #2201, .T. ) ;
#1509 = ADVANCED_FACE ( 'NONE', ( #1494 ), #639, .T. ) ;
#1510 = ORIENTED_EDGE ( 'NONE', *, *, #444, .T. ) ;
#1511 = DIRECTION ( 'NONE',  ( 0.000000000000000000, -0.000000000000000000, 1.000000000000000000 ) ) ;
#1512 = LINE ( 'NONE', #2838, #609 ) ;
#1513 = FACE_BOUND ( 'NONE', #811, .T. ) ;
#1514 = PLANE ( 'NONE',  #929 ) ;
#1515 = EDGE_CURVE ( 'NONE', #1717, #2657, #1015, .T. ) ;
#1516 = ADVANCED_FACE ( 'NONE', ( #1524 ), #1317, .F. ) ;
#1517 = PLANE ( 'NONE',  #427 ) ;
#1518 = ADVANCED_FACE ( 'NONE', ( #593 ), #1990, .T. ) ;
#1519 = ORIENTED_EDGE ( 'NONE', *, *, #1926, .F. ) ;
#1520 = STYLED_ITEM ( 'NONE', ( #1256 ), #1954 ) ;
#1521 = CARTESIAN_POINT ( 'NONE',  ( 4.526311964502668594, 2.000000000000000000, 2.350000000000000977 ) ) ;
#1522 = CARTESIAN_POINT ( 'NONE',  ( -5.520643078482796895, 4.450000000000000178, -2.350000000000000089 ) ) ;
#1523 =( LENGTH_UNIT ( ) NAMED_UNIT ( * ) SI_UNIT ( .MILLI., .METRE. ) );
#1524 = FACE_OUTER_BOUND ( 'NONE', #262, .T. ) ;
#1525 = CARTESIAN_POINT ( 'NONE',  ( -4.873397172404483335, 7.349999999999999645, 3.500000000000000000 ) ) ;
#1526 = AXIS2_PLACEMENT_3D ( 'NONE', #2251, #1552, #1380 ) ;
#1527 = CARTESIAN_POINT ( 'NONE',  ( -4.979959839195492677, 7.099999999999999645, 1.100000000000000089 ) ) ;
#1528 = AXIS2_PLACEMENT_3D ( 'NONE', #2181, #1325, #2001 ) ;
#1529 = EDGE_CURVE ( 'NONE', #1462, #2716, #2362, .T. ) ;
#1530 = VERTEX_POINT ( 'NONE', #2877 ) ;
#1531 = CARTESIAN_POINT ( 'NONE',  ( -2.500000000000000000, -8.031370849898477715, 2.900000000000000355 ) ) ;
#1532 = LINE ( 'NONE', #1776, #1949 ) ;
#1533 = EDGE_LOOP ( 'NONE', ( #581, #643, #1130, #126 ) ) ;
#1534 = AXIS2_PLACEMENT_3D ( 'NONE', #2613, #482, #507 ) ;
#1535 = CIRCLE ( 'NONE', #271, 4.950000000000001066 ) ;
#1536 =( NAMED_UNIT ( * ) SI_UNIT ( $, .STERADIAN. ) SOLID_ANGLE_UNIT ( ) );
#1537 = CARTESIAN_POINT ( 'NONE',  ( -7.530337257590308475, 1.550000000000000044, -3.500000000000000000 ) ) ;
#1538 = SURFACE_SIDE_STYLE ('',( #2235 ) ) ;
#1539 = CIRCLE ( 'NONE', #791, 0.4000000000000001887 ) ;
#1540 = FACE_OUTER_BOUND ( 'NONE', #2577, .T. ) ;
#1541 = AXIS2_PLACEMENT_3D ( 'NONE', #1826, #2720, #2490 ) ;
#1542 = DIRECTION ( 'NONE',  ( -1.000000000000000000, -0.000000000000000000, -0.000000000000000000 ) ) ;
#1543 = VERTEX_POINT ( 'NONE', #2416 ) ;
#1544 = DIRECTION ( 'NONE',  ( -0.000000000000000000, 1.000000000000000000, -0.000000000000000000 ) ) ;
#1545 = ORIENTED_EDGE ( 'NONE', *, *, #890, .F. ) ;
#1546 = DIRECTION ( 'NONE',  ( 0.000000000000000000, -0.000000000000000000, 1.000000000000000000 ) ) ;
#1547 = EDGE_CURVE ( 'NONE', #2322, #375, #1192, .T. ) ;
#1548 = ORIENTED_EDGE ( 'NONE', *, *, #1465, .F. ) ;
#1549 = CARTESIAN_POINT ( 'NONE',  ( 5.846152580971524237, 7.349999999999999645, -1.350000000000000089 ) ) ;
#1550 = DIRECTION ( 'NONE',  ( -0.000000000000000000, 1.000000000000000000, -0.000000000000000000 ) ) ;
#1551 =( NAMED_UNIT ( * ) SI_UNIT ( $, .STERADIAN. ) SOLID_ANGLE_UNIT ( ) );
#1552 = DIRECTION ( 'NONE',  ( -0.000000000000000000, 1.000000000000000000, -0.000000000000000000 ) ) ;
#1553 = DIRECTION ( 'NONE',  ( -1.000000000000000000, 0.000000000000000000, -0.000000000000000000 ) ) ;
#1554 = ORIENTED_EDGE ( 'NONE', *, *, #1926, .T. ) ;
#1555 = VECTOR ( 'NONE', #320, 1000.000000000000000 ) ;
#1556 = VERTEX_POINT ( 'NONE', #424 ) ;
#1557 = ADVANCED_FACE ( 'NONE', ( #1540 ), #1506, .F. ) ;
#1558 = EDGE_CURVE ( 'NONE', #2261, #2294, #499, .T. ) ;
#1559 = CARTESIAN_POINT ( 'NONE',  ( 5.898304841223452222, 7.166770806810892402, 1.100000000000000089 ) ) ;
#1560 = EDGE_LOOP ( 'NONE', ( #1984, #446 ) ) ;
#1561 =( GEOMETRIC_REPRESENTATION_CONTEXT ( 3 ) GLOBAL_UNCERTAINTY_ASSIGNED_CONTEXT ( ( #1621 ) ) GLOBAL_UNIT_ASSIGNED_CONTEXT ( ( #1624, #1656, #2098 ) ) REPRESENTATION_CONTEXT ( 'NONE', 'WORKASPACE' ) );
#1562 = CARTESIAN_POINT ( 'NONE',  ( 5.898304841223452222, 7.099999999999999645, -1.100000000000000089 ) ) ;
#1563 = PLANE ( 'NONE',  #422 ) ;
#1564 =( NAMED_UNIT ( * ) PLANE_ANGLE_UNIT ( ) SI_UNIT ( $, .RADIAN. ) );
#1565 = DIRECTION ( 'NONE',  ( 0.000000000000000000, 0.000000000000000000, -1.000000000000000000 ) ) ;
#1566 = DIRECTION ( 'NONE',  ( 0.000000000000000000, 1.000000000000000000, 0.000000000000000000 ) ) ;
#1567 = VECTOR ( 'NONE', #2785, 1000.000000000000000 ) ;
#1568 = ORIENTED_EDGE ( 'NONE', *, *, #1909, .F. ) ;
#1569 = AXIS2_PLACEMENT_3D ( 'NONE', #1261, #162, #147 ) ;
#1570 = FACE_OUTER_BOUND ( 'NONE', #2330, .T. ) ;
#1571 = EDGE_LOOP ( 'NONE', ( #1738, #1279, #342, #2776 ) ) ;
#1572 = CARTESIAN_POINT ( 'NONE',  ( -5.861167184015116050, 7.350000000002183675, -1.284979510863025309 ) ) ;
#1573 = EDGE_CURVE ( 'NONE', #2657, #2244, #2389, .T. ) ;
#1574 = VECTOR ( 'NONE', #2521, 1000.000000000000000 ) ;
#1575 = VECTOR ( 'NONE', #65, 1000.000000000000000 ) ;
#1576 = FACE_OUTER_BOUND ( 'NONE', #378, .T. ) ;
#1577 = CARTESIAN_POINT ( 'NONE',  ( -4.307261310856357994, 1.550000000000000044, 3.500000000000000000 ) ) ;
#1578 = ORIENTED_EDGE ( 'NONE', *, *, #692, .F. ) ;
#1579 = VECTOR ( 'NONE', #2586, 1000.000000000000000 ) ;
#1580 = VERTEX_POINT ( 'NONE', #1260 ) ;
#1581 = VECTOR ( 'NONE', #1726, 1000.000000000000000 ) ;
#1582 = CARTESIAN_POINT ( 'NONE',  ( 2.049390153192705011, 17.28805540108471916, 3.949999999999998845 ) ) ;
#1583 = EDGE_LOOP ( 'NONE', ( #1963, #1226 ) ) ;
#1584 = LINE ( 'NONE', #2476, #1742 ) ;
#1585 = CARTESIAN_POINT ( 'NONE',  ( 0.000000000000000000, 1.550000000000000044, -3.049999999999999822 ) ) ;
#1586 =( NAMED_UNIT ( * ) SI_UNIT ( $, .STERADIAN. ) SOLID_ANGLE_UNIT ( ) );
#1587 = ORIENTED_EDGE ( 'NONE', *, *, #1129, .F. ) ;
#1588 = EDGE_CURVE ( 'NONE', #1543, #1981, #685, .T. ) ;
#1589 = CARTESIAN_POINT ( 'NONE',  ( -5.898304841223452222, 2.850000000000000089, -1.100000000000000089 ) ) ;
#1590 = DIRECTION ( 'NONE',  ( -0.000000000000000000, -1.000000000000000000, -0.000000000000000000 ) ) ;
#1591 = PRODUCT_DEFINITION_SHAPE ( 'NONE', 'NONE',  #2155 ) ;
#1592 = ORIENTED_EDGE ( 'NONE', *, *, #2188, .T. ) ;
#1593 = ADVANCED_FACE ( 'NONE', ( #872, #842 ), #2832, .F. ) ;
#1594 = ORIENTED_EDGE ( 'NONE', *, *, #1089, .F. ) ;
#1595 = VECTOR ( 'NONE', #2271, 1000.000000000000000 ) ;
#1596 = CIRCLE ( 'NONE', #347, 5.100000000000001421 ) ;
#1597 = ORIENTED_EDGE ( 'NONE', *, *, #2419, .F. ) ;
#1598 = LINE ( 'NONE', #2038, #1974 ) ;
#1599 = CARTESIAN_POINT ( 'NONE',  ( -5.898304841223452222, 2.850000000000000089, -1.100000000000000089 ) ) ;
#1600 = DIRECTION ( 'NONE',  ( 0.000000000000000000, 1.000000000000000000, 0.000000000000000000 ) ) ;
#1601 = ADVANCED_FACE ( 'NONE', ( #161 ), #2824, .T. ) ;
#1602 = ORIENTED_EDGE ( 'NONE', *, *, #890, .T. ) ;
#1603 = DIRECTION ( 'NONE',  ( 0.000000000000000000, -0.000000000000000000, -1.000000000000000000 ) ) ;
#1604 = CARTESIAN_POINT ( 'NONE',  ( -5.898304841223452222, 2.850000000000000089, 1.100000000000000089 ) ) ;
#1605 = ORIENTED_EDGE ( 'NONE', *, *, #1125, .T. ) ;
#1606 = AXIS2_PLACEMENT_3D ( 'NONE', #2319, #1877, #291 ) ;
#1607 = ORIENTED_EDGE ( 'NONE', *, *, #1200, .T. ) ;
#1608 = ADVANCED_FACE ( 'NONE', ( #1922 ), #2818, .T. ) ;
#1609 = DIRECTION ( 'NONE',  ( 0.000000000000000000, 1.000000000000000000, 0.000000000000000000 ) ) ;
#1610 = VECTOR ( 'NONE', #2615, 1000.000000000000000 ) ;
#1611 = DIRECTION ( 'NONE',  ( 0.000000000000000000, 0.000000000000000000, -1.000000000000000000 ) ) ;
#1612 = DIRECTION ( 'NONE',  ( 0.000000000000000000, 0.000000000000000000, -1.000000000000000000 ) ) ;
#1613 = CARTESIAN_POINT ( 'NONE',  ( -2.500000000000000000, -3.449999999999999734, 2.500000000000000000 ) ) ;
#1614 = CYLINDRICAL_SURFACE ( 'NONE', #374, 0.7000000000000000666 ) ;
#1615 = EDGE_LOOP ( 'NONE', ( #793, #1032, #669 ) ) ;
#1616 = DIRECTION ( 'NONE',  ( 0.000000000000000000, 0.000000000000000000, 1.000000000000000000 ) ) ;
#1617 = CARTESIAN_POINT ( 'NONE',  ( -2.167948338867885294, 4.049999999999999822, 4.449999999999998401 ) ) ;
#1618 = EDGE_LOOP ( 'NONE', ( #164, #807, #435, #57 ) ) ;
#1619 = AXIS2_PLACEMENT_3D ( 'NONE', #2162, #418, #1023 ) ;
#1620 = ORIENTED_EDGE ( 'NONE', *, *, #2327, .T. ) ;
#1621 = UNCERTAINTY_MEASURE_WITH_UNIT (LENGTH_MEASURE( 1.000000000000000082E-05 ), #1624, 'distance_accuracy_value', 'NONE');
#1622 = TOROIDAL_SURFACE ( 'NONE', #2566, 4.132140229723552771, 0.2500000000000000000 ) ;
#1623 = AXIS2_PLACEMENT_3D ( 'NONE', #1844, #2278, #1213 ) ;
#1624 =( LENGTH_UNIT ( ) NAMED_UNIT ( * ) SI_UNIT ( .MILLI., .METRE. ) );
#1625 = DIRECTION ( 'NONE',  ( 0.000000000000000000, 0.000000000000000000, -1.000000000000000000 ) ) ;
#1626 = CARTESIAN_POINT ( 'NONE',  ( -3.709447398198283175, 5.049999999999999822, 3.500000000000000000 ) ) ;
#1627 = DIRECTION ( 'NONE',  ( 0.000000000000000000, 0.000000000000000000, 1.000000000000000000 ) ) ;
#1628 = EDGE_CURVE ( 'NONE', #694, #2384, #1744, .T. ) ;
#1629 = DIRECTION ( 'NONE',  ( -0.000000000000000000, 1.000000000000000000, -0.000000000000000000 ) ) ;
#1630 = ORIENTED_EDGE ( 'NONE', *, *, #2520, .F. ) ;
#1631 = AXIS2_PLACEMENT_3D ( 'NONE', #2471, #2252, #1138 ) ;
#1632 = DIRECTION ( 'NONE',  ( 0.000000000000000000, 0.000000000000000000, -1.000000000000000000 ) ) ;
#1633 = CARTESIAN_POINT ( 'NONE',  ( -3.709447398198282730, 1.999999999999999556, 3.500000000000000000 ) ) ;
#1634 = ORIENTED_EDGE ( 'NONE', *, *, #1836, .T. ) ;
#1635 = ORIENTED_EDGE ( 'NONE', *, *, #2346, .F. ) ;
#1636 = ADVANCED_FACE ( 'NONE', ( #2675 ), #498, .T. ) ;
#1637 = ORIENTED_EDGE ( 'NONE', *, *, #563, .F. ) ;
#1638 = EDGE_CURVE ( 'NONE', #125, #1225, #67, .T. ) ;
#1639 = ADVANCED_FACE ( 'NONE', ( #251 ), #908, .T. ) ;
#1640 = EDGE_CURVE ( 'NONE', #431, #1543, #34, .T. ) ;
#1641 = SURFACE_STYLE_FILL_AREA ( #1853 ) ;
#1642 = ORIENTED_EDGE ( 'NONE', *, *, #2461, .F. ) ;
#1643 = LINE ( 'NONE', #989, #1555 ) ;
#1644 = DIRECTION ( 'NONE',  ( 0.000000000000000000, -1.000000000000000000, 0.000000000000000000 ) ) ;
#1645 = DIRECTION ( 'NONE',  ( 0.000000000000000000, 0.000000000000000000, 1.000000000000000000 ) ) ;
#1646 = CARTESIAN_POINT ( 'NONE',  ( 0.000000000000000000, 0.000000000000000000, 4.250000000000000000 ) ) ;
#1647 = EDGE_LOOP ( 'NONE', ( #1568, #1864, #1842, #1969 ) ) ;
#1648 = VERTEX_POINT ( 'NONE', #1137 ) ;
#1649 = CARTESIAN_POINT ( 'NONE',  ( 3.709447398198283175, 5.049999999999999822, -3.500000000000000000 ) ) ;
#1650 = CARTESIAN_POINT ( 'NONE',  ( 7.347880794884117764E-17, 0.000000000000000000, 3.049999999999999822 ) ) ;
#1651 = EDGE_LOOP ( 'NONE', ( #2099, #2689, #823, #2440, #88 ) ) ;
#1652 = ORIENTED_EDGE ( 'NONE', *, *, #1588, .F. ) ;
#1653 = AXIS2_PLACEMENT_3D ( 'NONE', #133, #381, #1448 ) ;
#1654 = VERTEX_POINT ( 'NONE', #54 ) ;
#1655 = AXIS2_PLACEMENT_3D ( 'NONE', #868, #2399, #1073 ) ;
#1656 =( NAMED_UNIT ( * ) PLANE_ANGLE_UNIT ( ) SI_UNIT ( $, .RADIAN. ) );
#1657 = ORIENTED_EDGE ( 'NONE', *, *, #403, .F. ) ;
#1658 = CARTESIAN_POINT ( 'NONE',  ( 2.500000000000000000, -3.449999999999999734, -2.100000000000000089 ) ) ;
#1659 = CARTESIAN_POINT ( 'NONE',  ( 2.202271554554530830, 5.049999999999999822, 4.599999999999997868 ) ) ;
#1660 = DIRECTION ( 'NONE',  ( 0.000000000000000000, 0.000000000000000000, -1.000000000000000000 ) ) ;
#1661 = DIRECTION ( 'NONE',  ( -0.000000000000000000, 1.000000000000000000, -0.000000000000000000 ) ) ;
#1662 = ORIENTED_EDGE ( 'NONE', *, *, #2282, .T. ) ;
#1663 = VERTEX_POINT ( 'NONE', #461 ) ;
#1664 = DIRECTION ( 'NONE',  ( -0.000000000000000000, -1.000000000000000000, -0.000000000000000000 ) ) ;
#1665 = CARTESIAN_POINT ( 'NONE',  ( 5.307246184655795673, 3.278849808589769488, -1.050000000000004041 ) ) ;
#1666 = ADVANCED_FACE ( 'NONE', ( #280 ), #2224, .F. ) ;
#1667 = VECTOR ( 'NONE', #1542, 1000.000000000000000 ) ;
#1668 = EDGE_LOOP ( 'NONE', ( #1935, #2076, #1070, #1003 ) ) ;
#1669 = ORIENTED_EDGE ( 'NONE', *, *, #1157, .T. ) ;
#1670 = AXIS2_PLACEMENT_3D ( 'NONE', #1812, #2467, #1162 ) ;
#1671 = CIRCLE ( 'NONE', #2787, 4.950000000000001066 ) ;
#1672 = AXIS2_PLACEMENT_3D ( 'NONE', #351, #2207, #645 ) ;
#1673 = PRODUCT_CONTEXT ( 'NONE', #1376, 'mechanical' ) ;
#1674 = ORIENTED_EDGE ( 'NONE', *, *, #1489, .T. ) ;
#1675 = AXIS2_PLACEMENT_3D ( 'NONE', #1469, #554, #1440 ) ;
#1676 = CYLINDRICAL_SURFACE ( 'NONE', #995, 5.100000000000001421 ) ;
#1677 = CARTESIAN_POINT ( 'NONE',  ( 3.709447398198282730, 2.000000000000000000, 3.500000000000000000 ) ) ;
#1678 = LINE ( 'NONE', #168, #2837 ) ;
#1679 = CARTESIAN_POINT ( 'NONE',  ( 0.000000000000000000, 1.550000000000000044, 0.000000000000000000 ) ) ;
#1680 = ORIENTED_EDGE ( 'NONE', *, *, #228, .T. ) ;
#1681 = EDGE_LOOP ( 'NONE', ( #1343, #1496, #2755, #1680 ) ) ;
#1682 = DIRECTION ( 'NONE',  ( 0.000000000000000000, -1.000000000000000000, 0.000000000000000000 ) ) ;
#1683 = DIRECTION ( 'NONE',  ( 0.000000000000000000, 1.000000000000000000, 0.000000000000000000 ) ) ;
#1684 = EDGE_CURVE ( 'NONE', #2384, #160, #1815, .T. ) ;
#1685 = EDGE_CURVE ( 'NONE', #602, #2592, #2311, .T. ) ;
#1686 = ORIENTED_EDGE ( 'NONE', *, *, #1698, .F. ) ;
#1687 = EDGE_LOOP ( 'NONE', ( #290, #530, #776, #1152, #798 ) ) ;
#1688 = UNCERTAINTY_MEASURE_WITH_UNIT (LENGTH_MEASURE( 1.000000000000000082E-05 ), #2863, 'distance_accuracy_value', 'NONE');
#1689 = DIRECTION ( 'NONE',  ( -1.000000000000000000, 0.000000000000000000, 0.000000000000000000 ) ) ;
#1690 = LINE ( 'NONE', #136, #1759 ) ;
#1691 = CARTESIAN_POINT ( 'NONE',  ( 0.000000000000000000, 1.550000000000000044, -5.550000000000002487 ) ) ;
#1692 = DIRECTION ( 'NONE',  ( -1.000000000000000000, -0.000000000000000000, -0.000000000000000000 ) ) ;
#1693 = CIRCLE ( 'NONE', #2715, 0.6000000000000003109 ) ;
#1694 =( GEOMETRIC_REPRESENTATION_CONTEXT ( 3 ) GLOBAL_UNCERTAINTY_ASSIGNED_CONTEXT ( ( #317 ) ) GLOBAL_UNIT_ASSIGNED_CONTEXT ( ( #2246, #2012, #2233 ) ) REPRESENTATION_CONTEXT ( 'NONE', 'WORKASPACE' ) );
#1695 = EDGE_LOOP ( 'NONE', ( #954, #2147 ) ) ;
#1696 = ORIENTED_EDGE ( 'NONE', *, *, #2803, .F. ) ;
#1697 = LINE ( 'NONE', #1892, #1581 ) ;
#1698 = EDGE_CURVE ( 'NONE', #473, #2806, #544, .T. ) ;
#1699 = ORIENTED_EDGE ( 'NONE', *, *, #2216, .T. ) ;
#1700 = FACE_OUTER_BOUND ( 'NONE', #1681, .T. ) ;
#1701 = ORIENTED_EDGE ( 'NONE', *, *, #583, .T. ) ;
#1702 = CARTESIAN_POINT ( 'NONE',  ( -4.873397172404483335, 7.349999999999999645, -3.500000000000000000 ) ) ;
#1703 = ADVANCED_FACE ( 'NONE', ( #1150 ), #2059, .F. ) ;
#1704 = CARTESIAN_POINT ( 'NONE',  ( -4.873397172404483335, 1.550000000000000044, 3.500000000000000000 ) ) ;
#1705 = CARTESIAN_POINT ( 'NONE',  ( -2.202271554554530386, 5.049999999999999822, 4.599999999999997868 ) ) ;
#1706 = AXIS2_PLACEMENT_3D ( 'NONE', #2105, #794, #1087 ) ;
#1707 = FACE_OUTER_BOUND ( 'NONE', #146, .T. ) ;
#1708 = DIRECTION ( 'NONE',  ( 0.000000000000000000, -1.000000000000000000, 0.000000000000000000 ) ) ;
#1709 = ORIENTED_EDGE ( 'NONE', *, *, #785, .F. ) ;
#1710 = AXIS2_PLACEMENT_3D ( 'NONE', #1613, #324, #536 ) ;
#1711 = ORIENTED_EDGE ( 'NONE', *, *, #575, .T. ) ;
#1712 = DIRECTION ( 'NONE',  ( 0.000000000000000000, 0.000000000000000000, 1.000000000000000000 ) ) ;
#1713 = LINE ( 'NONE', #2636, #1492 ) ;
#1714 = ORIENTED_EDGE ( 'NONE', *, *, #825, .F. ) ;
#1715 = CARTESIAN_POINT ( 'NONE',  ( 0.000000000000000000, 0.000000000000000000, 3.649999999999999911 ) ) ;
#1716 = CARTESIAN_POINT ( 'NONE',  ( 3.799999999999999822, 1.550000000000000044, 0.000000000000000000 ) ) ;
#1717 = VERTEX_POINT ( 'NONE', #2663 ) ;
#1718 = PLANE ( 'NONE',  #1534 ) ;
#1719 = DIRECTION ( 'NONE',  ( 1.000000000000000000, 0.000000000000000000, 0.000000000000000000 ) ) ;
#1720 = FACE_BOUND ( 'NONE', #1429, .T. ) ;
#1721 = AXIS2_PLACEMENT_3D ( 'NONE', #1176, #1404, #496 ) ;
#1722 = CYLINDRICAL_SURFACE ( 'NONE', #196, 0.4000000000000001887 ) ;
#1723 = FACE_OUTER_BOUND ( 'NONE', #1456, .T. ) ;
#1724 = VERTEX_POINT ( 'NONE', #691 ) ;
#1725 = DIRECTION ( 'NONE',  ( -2.664535259100375697E-15, 0.000000000000000000, -1.000000000000000000 ) ) ;
#1726 = DIRECTION ( 'NONE',  ( -0.000000000000000000, 1.000000000000000000, -0.000000000000000000 ) ) ;
#1727 = ADVANCED_FACE ( 'NONE', ( #666 ), #2027, .T. ) ;
#1728 = AXIS2_PLACEMENT_3D ( 'NONE', #1167, #2526, #999 ) ;
#1729 = DIRECTION ( 'NONE',  ( -0.000000000000000000, 1.000000000000000000, -0.000000000000000000 ) ) ;
#1730 = FACE_OUTER_BOUND ( 'NONE', #2118, .T. ) ;
#1731 = EDGE_CURVE ( 'NONE', #1530, #1995, #1210, .T. ) ;
#1732 = EDGE_CURVE ( 'NONE', #2257, #355, #2713, .T. ) ;
#1733 = FILL_AREA_STYLE_COLOUR ( '', #211 ) ;
#1734 = DIRECTION ( 'NONE',  ( 0.000000000000000000, -0.9998476951563911586, 0.01745240643728354635 ) ) ;
#1735 = DIRECTION ( 'NONE',  ( 0.000000000000000000, -1.000000000000000000, 0.000000000000000000 ) ) ;
#1736 = CYLINDRICAL_SURFACE ( 'NONE', #1675, 0.2500000000000000000 ) ;
#1737 = CARTESIAN_POINT ( 'NONE',  ( 4.873397172404483335, 4.450000000000000178, -3.500000000000000000 ) ) ;
#1738 = ORIENTED_EDGE ( 'NONE', *, *, #2381, .F. ) ;
#1739 =( NAMED_UNIT ( * ) PLANE_ANGLE_UNIT ( ) SI_UNIT ( $, .RADIAN. ) );
#1740 = PLANE ( 'NONE',  #38 ) ;
#1741 = DIRECTION ( 'NONE',  ( -0.000000000000000000, 1.000000000000000000, -0.000000000000000000 ) ) ;
#1742 = VECTOR ( 'NONE', #2661, 1000.000000000000000 ) ;
#1743 = VECTOR ( 'NONE', #13, 1000.000000000000000 ) ;
#1744 = LINE ( 'NONE', #2637, #2875 ) ;
#1745 = DIRECTION ( 'NONE',  ( 0.000000000000000000, -0.000000000000000000, 1.000000000000000000 ) ) ;
#1746 = ORIENTED_EDGE ( 'NONE', *, *, #1547, .T. ) ;
#1747 = SURFACE_STYLE_USAGE ( .BOTH. , #165 ) ;
#1748 = CARTESIAN_POINT ( 'NONE',  ( 3.799999999999999822, 0.000000000000000000, 0.000000000000000000 ) ) ;
#1749 = CARTESIAN_POINT ( 'NONE',  ( 0.000000000000000000, 5.049999999999999822, 0.000000000000000000 ) ) ;
#1750 = DIRECTION ( 'NONE',  ( 1.000000000000000000, 0.000000000000000000, -0.000000000000000000 ) ) ;
#1751 = EDGE_LOOP ( 'NONE', ( #781, #686, #2255, #2605 ) ) ;
#1752 = AXIS2_PLACEMENT_3D ( 'NONE', #951, #1362, #2700 ) ;
#1753 = CARTESIAN_POINT ( 'NONE',  ( -4.694314081311942388, 1.850896080122435228, 2.350000000000000089 ) ) ;
#1754 = FACE_OUTER_BOUND ( 'NONE', #1133, .T. ) ;
#1755 = CARTESIAN_POINT ( 'NONE',  ( -5.898304841223452222, 2.850000000000000089, 1.100000000000000089 ) ) ;
#1756 = DIRECTION ( 'NONE',  ( 0.000000000000000000, -1.000000000000000000, 0.000000000000000000 ) ) ;
#1757 = DIRECTION ( 'NONE',  ( -0.000000000000000000, 0.000000000000000000, 1.000000000000000000 ) ) ;
#1758 = CIRCLE ( 'NONE', #1569, 6.000000000000000888 ) ;
#1759 = VECTOR ( 'NONE', #2359, 1000.000000000000000 ) ;
#1760 = ADVANCED_FACE ( 'NONE', ( #1576 ), #1781, .T. ) ;
#1761 = AXIS2_PLACEMENT_3D ( 'NONE', #1779, #1286, #664 ) ;
#1762 = EDGE_LOOP ( 'NONE', ( #282, #1488, #1607, #1545 ) ) ;
#1763 = CARTESIAN_POINT ( 'NONE',  ( 0.000000000000000000, 1.550000000000000044, 0.000000000000000000 ) ) ;
#1764 = B_SPLINE_CURVE_WITH_KNOTS ( 'NONE', 3,
 ( #1020, #1900, #801, #2779 ),
 .UNSPECIFIED., .F., .F.,
 ( 4, 4 ),
 ( 0.02087744726200455037, 0.02153457031862995169 ),
 .UNSPECIFIED. ) ;
#1765 = EDGE_LOOP ( 'NONE', ( #1229, #2760, #777, #308 ) ) ;
#1766 = AXIS2_PLACEMENT_3D ( 'NONE', #2289, #289, #1841 ) ;
#1767 = FILL_AREA_STYLE_COLOUR ( '', #70 ) ;
#1768 = CYLINDRICAL_SURFACE ( 'NONE', #1528, 0.2500000000000000000 ) ;
#1769 = SURFACE_SIDE_STYLE ('',( #2649 ) ) ;
#1770 = DIRECTION ( 'NONE',  ( 1.000000000000000000, 0.000000000000000000, -0.000000000000000000 ) ) ;
#1771 = EDGE_CURVE ( 'NONE', #1144, #2666, #471, .T. ) ;
#1772 = PLANE ( 'NONE',  #139 ) ;
#1773 = EDGE_CURVE ( 'NONE', #2682, #1471, #240, .T. ) ;
#1774 = EDGE_LOOP ( 'NONE', ( #236, #1030, #891, #1218 ) ) ;
#1775 = CONICAL_SURFACE ( 'NONE', #1631, 5.100000000000001421, 0.7853981633974502774 ) ;
#1776 = CARTESIAN_POINT ( 'NONE',  ( 3.709447398198283175, 5.049999999999999822, 3.500000000000000000 ) ) ;
#1777 = EDGE_LOOP ( 'NONE', ( #1361, #2063, #1791, #1047 ) ) ;
#1778 = CARTESIAN_POINT ( 'NONE',  ( 5.874668155294989091, 7.323822352252203238, -1.220869844852527475 ) ) ;
#1779 = CARTESIAN_POINT ( 'NONE',  ( 2.500000000000000000, -3.449999999999999734, -2.500000000000000000 ) ) ;
#1780 = FACE_OUTER_BOUND ( 'NONE', #61, .T. ) ;
#1781 = CYLINDRICAL_SURFACE ( 'NONE', #307, 6.000000000000000888 ) ;
#1782 = DIRECTION ( 'NONE',  ( 0.000000000000000000, 0.000000000000000000, -1.000000000000000000 ) ) ;
#1783 = VERTEX_POINT ( 'NONE', #778 ) ;
#1784 = EDGE_CURVE ( 'NONE', #2392, #1476, #983, .T. ) ;
#1785 = CARTESIAN_POINT ( 'NONE',  ( 5.893234547059337913, 7.231911171278366801, 1.127840460667141054 ) ) ;
#1786 = VERTEX_POINT ( 'NONE', #2538 ) ;
#1787 = DIRECTION ( 'NONE',  ( -0.000000000000000000, -1.000000000000000000, -0.000000000000000000 ) ) ;
#1788 = LINE ( 'NONE', #678, #1321 ) ;
#1789 = CARTESIAN_POINT ( 'NONE',  ( 0.000000000000000000, 1.550000000000000044, 3.649999999999999911 ) ) ;
#1790 = LINE ( 'NONE', #1151, #1667 ) ;
#1791 = ORIENTED_EDGE ( 'NONE', *, *, #2497, .T. ) ;
#1792 = ORIENTED_EDGE ( 'NONE', *, *, #2848, .F. ) ;
#1793 = AXIS2_PLACEMENT_3D ( 'NONE', #2003, #2470, #2445 ) ;
#1794 = LINE ( 'NONE', #1582, #193 ) ;
#1795 = VERTEX_POINT ( 'NONE', #2575 ) ;
#1796 = FILL_AREA_STYLE ('',( #1767 ) ) ;
#1797 = FACE_OUTER_BOUND ( 'NONE', #1895, .T. ) ;
#1798 = CARTESIAN_POINT ( 'NONE',  ( 5.898304841223452222, 2.850000000000000089, 1.100000000000000089 ) ) ;
#1799 = AXIS2_PLACEMENT_3D ( 'NONE', #879, #902, #2230 ) ;
#1800 = VERTEX_POINT ( 'NONE', #1427 ) ;
#1801 = ADVANCED_FACE ( 'NONE', ( #732 ), #2220, .T. ) ;
#1802 = CARTESIAN_POINT ( 'NONE',  ( -4.837354648979130367, 3.935713225380016222, 1.050000000000004041 ) ) ;
#1803 = ADVANCED_FACE ( 'NONE', ( #1458 ), #2337, .T. ) ;
#1804 = PLANE ( 'NONE',  #2009 ) ;
#1805 = AXIS2_PLACEMENT_3D ( 'NONE', #304, #1858, #744 ) ;
#1806 = VERTEX_POINT ( 'NONE', #2725 ) ;
#1807 = CIRCLE ( 'NONE', #2514, 5.640203830924097161 ) ;
#1808 = ORIENTED_EDGE ( 'NONE', *, *, #407, .F. ) ;
#1809 = ADVANCED_FACE ( 'NONE', ( #540 ), #2072, .F. ) ;
#1810 = VERTEX_POINT ( 'NONE', #2773 ) ;
#1811 = PLANE ( 'NONE',  #942 ) ;
#1812 = CARTESIAN_POINT ( 'NONE',  ( -3.799999999999999822, 0.000000000000000000, 0.000000000000000000 ) ) ;
#1813 = DIRECTION ( 'NONE',  ( 0.000000000000000000, 1.000000000000000000, 0.000000000000000000 ) ) ;
#1814 = ORIENTED_EDGE ( 'NONE', *, *, #1157, .F. ) ;
#1815 = LINE ( 'NONE', #263, #1422 ) ;
#1816 = CARTESIAN_POINT ( 'NONE',  ( 4.979959839195492677, 7.099999999999999645, -1.100000000000000089 ) ) ;
#1817 = EDGE_LOOP ( 'NONE', ( #1597, #1487 ) ) ;
#1818 = ADVANCED_FACE ( 'NONE', ( #2510 ), #1227, .T. ) ;
#1819 = ORIENTED_EDGE ( 'NONE', *, *, #1034, .F. ) ;
#1820 = CLOSED_SHELL ( 'NONE', ( #1353, #1636, #2866, #2853 ) ) ;
#1821 = AXIS2_PLACEMENT_3D ( 'NONE', #1005, #1625, #2082 ) ;
#1822 = VECTOR ( 'NONE', #1044, 1000.000000000000000 ) ;
#1823 = EDGE_LOOP ( 'NONE', ( #997, #1652, #266, #2022, #2611, #531, #129, #1148, #751, #2487, #707, #1875, #2472, #2814, #2154, #2843, #955, #927 ) ) ;
#1824 = CARTESIAN_POINT ( 'NONE',  ( -3.799999999999999822, 0.000000000000000000, 0.7000000000000000666 ) ) ;
#1825 = LINE ( 'NONE', #2024, #2321 ) ;
#1826 = CARTESIAN_POINT ( 'NONE',  ( 0.000000000000000000, 2.949999999999999734, 0.000000000000000000 ) ) ;
#1827 = DIRECTION ( 'NONE',  ( 0.000000000000000000, 1.000000000000000000, 0.000000000000000000 ) ) ;
#1828 = VERTEX_POINT ( 'NONE', #2120 ) ;
#1829 = DIRECTION ( 'NONE',  ( -0.000000000000000000, 1.000000000000000000, -0.000000000000000000 ) ) ;
#1830 = DIRECTION ( 'NONE',  ( 1.776356839400250070E-15, 0.000000000000000000, 1.000000000000000000 ) ) ;
#1831 = ORIENTED_EDGE ( 'NONE', *, *, #403, .T. ) ;
#1832 = AXIS2_PLACEMENT_3D ( 'NONE', #1891, #1211, #2350 ) ;
#1833 = ORIENTED_EDGE ( 'NONE', *, *, #1848, .F. ) ;
#1834 = AXIS2_PLACEMENT_3D ( 'NONE', #438, #2874, #449 ) ;
#1835 = ADVANCED_FACE ( 'NONE', ( #1395 ), #81, .T. ) ;
#1836 = EDGE_CURVE ( 'NONE', #1277, #177, #1139, .T. ) ;
#1837 = AXIS2_PLACEMENT_3D ( 'NONE', #416, #1499, #1951 ) ;
#1838 = CARTESIAN_POINT ( 'NONE',  ( 4.979959839195492677, 7.099999999999999645, 1.100000000000000533 ) ) ;
#1839 = DIRECTION ( 'NONE',  ( -0.000000000000000000, -1.000000000000000000, -0.000000000000000000 ) ) ;
#1840 = CARTESIAN_POINT ( 'NONE',  ( -2.049390153192705011, 17.28805540108471916, 3.949999999999998845 ) ) ;
#1841 = DIRECTION ( 'NONE',  ( 0.000000000000000000, 0.000000000000000000, 1.000000000000000000 ) ) ;
#1842 = ORIENTED_EDGE ( 'NONE', *, *, #300, .F. ) ;
#1843 = DIRECTION ( 'NONE',  ( 0.000000000000000000, 0.000000000000000000, 1.000000000000000000 ) ) ;
#1844 = CARTESIAN_POINT ( 'NONE',  ( 2.500000000000000000, -8.031370849898477715, 2.500000000000000000 ) ) ;
#1845 = CIRCLE ( 'NONE', #41, 5.550000000000002487 ) ;
#1846 = ORIENTED_EDGE ( 'NONE', *, *, #434, .F. ) ;
#1847 = EDGE_CURVE ( 'NONE', #2365, #1800, #2291, .T. ) ;
#1848 = EDGE_CURVE ( 'NONE', #1358, #1471, #956, .T. ) ;
#1849 = AXIS2_PLACEMENT_3D ( 'NONE', #2052, #547, #520 ) ;
#1850 = ADVANCED_FACE ( 'NONE', ( #357 ), #1330, .F. ) ;
#1851 = ORIENTED_EDGE ( 'NONE', *, *, #813, .T. ) ;
#1852 = CIRCLE ( 'NONE', #2744, 4.500000000000000000 ) ;
#1853 = FILL_AREA_STYLE ('',( #974 ) ) ;
#1854 = ORIENTED_EDGE ( 'NONE', *, *, #2327, .F. ) ;
#1855 = CARTESIAN_POINT ( 'NONE',  ( 5.898304841223452222, 2.850000000000000089, 1.100000000000000089 ) ) ;
#1856 = CARTESIAN_POINT ( 'NONE',  ( -4.918078893226500270, 7.349999999999999645, -1.350000000000000089 ) ) ;
#1857 = DIRECTION ( 'NONE',  ( -1.000000000000000000, 0.000000000000000000, 0.000000000000000000 ) ) ;
#1858 = DIRECTION ( 'NONE',  ( -0.000000000000000000, 1.000000000000000000, -0.000000000000000000 ) ) ;
#1859 = ORIENTED_EDGE ( 'NONE', *, *, #692, .T. ) ;
#1860 = VERTEX_POINT ( 'NONE', #1444 ) ;
#1861 = VECTOR ( 'NONE', #1553, 1000.000000000000000 ) ;
#1862 = DIRECTION ( 'NONE',  ( 0.000000000000000000, 0.000000000000000000, 1.000000000000000000 ) ) ;
#1863 = FACE_OUTER_BOUND ( 'NONE', #1998, .T. ) ;
#1864 = ORIENTED_EDGE ( 'NONE', *, *, #53, .F. ) ;
#1865 = ORIENTED_EDGE ( 'NONE', *, *, #2216, .F. ) ;
#1866 = VERTEX_POINT ( 'NONE', #1011 ) ;
#1867 = STYLED_ITEM ( 'NONE', ( #47 ), #1996 ) ;
#1868 = FACE_OUTER_BOUND ( 'NONE', #1378, .T. ) ;
#1869 = ORIENTED_EDGE ( 'NONE', *, *, #2752, .T. ) ;
#1870 = CARTESIAN_POINT ( 'NONE',  ( -3.709447398198283175, 4.450000000000000178, -3.500000000000000000 ) ) ;
#1871 = EDGE_CURVE ( 'NONE', #1476, #2179, #79, .T. ) ;
#1872 = CARTESIAN_POINT ( 'NONE',  ( 4.526311964502675700, 2.000000000000000888, -2.350000000000000089 ) ) ;
#1873 = CARTESIAN_POINT ( 'NONE',  ( 0.000000000000000000, 14.09999999999999787, 0.000000000000000000 ) ) ;
#1874 = CARTESIAN_POINT ( 'NONE',  ( 4.979959839195492677, 2.850000000000000089, 1.100000000000000533 ) ) ;
#1875 = ORIENTED_EDGE ( 'NONE', *, *, #1515, .F. ) ;
#1876 = VERTEX_POINT ( 'NONE', #764 ) ;
#1877 = DIRECTION ( 'NONE',  ( 0.000000000000000000, 0.000000000000000000, 1.000000000000000000 ) ) ;
#1878 = DIRECTION ( 'NONE',  ( 1.000000000000000000, 0.000000000000000000, -0.000000000000000000 ) ) ;
#1879 = ORIENTED_EDGE ( 'NONE', *, *, #1685, .F. ) ;
#1880 = ORIENTED_EDGE ( 'NONE', *, *, #2669, .T. ) ;
#1881 = PRESENTATION_LAYER_ASSIGNMENT (  '', '', ( #1520 ) ) ;
#1882 = EDGE_CURVE ( 'NONE', #1100, #2179, #2525, .T. ) ;
#1883 = DIRECTION ( 'NONE',  ( 0.000000000000000000, -1.000000000000000000, 0.000000000000000000 ) ) ;
#1884 = CARTESIAN_POINT ( 'NONE',  ( 5.898304841223452222, 2.850000000000000089, -1.100000000000000089 ) ) ;
#1885 = DIRECTION ( 'NONE',  ( -0.000000000000000000, 1.000000000000000000, -0.000000000000000000 ) ) ;
#1886 = ADVANCED_FACE ( 'NONE', ( #998 ), #2304, .F. ) ;
#1887 = CARTESIAN_POINT ( 'NONE',  ( -7.530337257590308475, 1.550000000000000044, 2.350000000000000089 ) ) ;
#1888 = AXIS2_PLACEMENT_3D ( 'NONE', #1976, #2371, #376 ) ;
#1889 = VERTEX_POINT ( 'NONE', #2088 ) ;
#1890 = EDGE_LOOP ( 'NONE', ( #1254, #894, #2043, #2231, #1382 ) ) ;
#1891 = CARTESIAN_POINT ( 'NONE',  ( 2.500000000000000000, 1.550000000000000044, -2.500000000000000000 ) ) ;
#1892 = CARTESIAN_POINT ( 'NONE',  ( -4.979959839195492677, 2.850000000000000089, 1.100000000000000089 ) ) ;
#1893 = EDGE_CURVE ( 'NONE', #1783, #419, #2596, .T. ) ;
#1894 = ORIENTED_EDGE ( 'NONE', *, *, #1871, .F. ) ;
#1895 = EDGE_LOOP ( 'NONE', ( #2219, #969, #636, #613 ) ) ;
#1896 = CIRCLE ( 'NONE', #234, 4.950000000000001066 ) ;
#1897 = AXIS2_PLACEMENT_3D ( 'NONE', #2769, #774, #1660 ) ;
#1898 = CARTESIAN_POINT ( 'NONE',  ( 4.979959839195492677, 2.850000000000000089, 1.100000000000000533 ) ) ;
#1899 = EDGE_CURVE ( 'NONE', #37, #2086, #1979, .T. ) ;
#1900 = CARTESIAN_POINT ( 'NONE',  ( -4.694273478337064098, 1.850932115756008356, -2.350000000000000089 ) ) ;
#1901 = CARTESIAN_POINT ( 'NONE',  ( -4.979959839195491789, 2.850000000000000089, -1.100000000000003864 ) ) ;
#1902 = LINE ( 'NONE', #2797, #1199 ) ;
#1903 = EDGE_LOOP ( 'NONE', ( #1042, #1831, #504, #2537, #2563 ) ) ;
#1904 = ORIENTED_EDGE ( 'NONE', *, *, #619, .F. ) ;
#1905 = DIRECTION ( 'NONE',  ( 0.000000000000000000, 1.000000000000000000, 0.000000000000000000 ) ) ;
#1906 = CARTESIAN_POINT ( 'NONE',  ( 5.072551707323566639, 3.607460883291474296, -1.050000000000004041 ) ) ;
#1907 = ORIENTED_EDGE ( 'NONE', *, *, #1033, .T. ) ;
#1908 = CARTESIAN_POINT ( 'NONE',  ( -4.918078893226500270, 7.349999999999999645, -1.350000000000000089 ) ) ;
#1909 = EDGE_CURVE ( 'NONE', #1024, #1556, #968, .T. ) ;
#1910 = ORIENTED_EDGE ( 'NONE', *, *, #1773, .T. ) ;
#1911 = DIRECTION ( 'NONE',  ( 0.000000000000000000, 0.000000000000000000, -1.000000000000000000 ) ) ;
#1912 = CARTESIAN_POINT ( 'NONE',  ( 3.799999999999999822, 0.000000000000000000, 0.7000000000000000666 ) ) ;
#1913 = PLANE ( 'NONE',  #2651 ) ;
#1914 = CARTESIAN_POINT ( 'NONE',  ( -5.898304841223452222, 7.099999999999999645, -1.100000000000000089 ) ) ;
#1915 = CARTESIAN_POINT ( 'NONE',  ( 0.000000000000000000, 2.850000000000000089, 0.000000000000000000 ) ) ;
#1916 = AXIS2_PLACEMENT_3D ( 'NONE', #2598, #396, #2852 ) ;
#1917 = ORIENTED_EDGE ( 'NONE', *, *, #99, .T. ) ;
#1918 = ORIENTED_EDGE ( 'NONE', *, *, #1328, .F. ) ;
#1919 = CARTESIAN_POINT ( 'NONE',  ( -4.526311964502675700, 2.000000000000000888, 2.350000000000000089 ) ) ;
#1920 = PLANE ( 'NONE',  #1119 ) ;
#1921 = VERTEX_POINT ( 'NONE', #590 ) ;
#1922 = FACE_OUTER_BOUND ( 'NONE', #1618, .T. ) ;
#1923 = LINE ( 'NONE', #1507, #644 ) ;
#1924 = VERTEX_POINT ( 'NONE', #1503 ) ;
#1925 = PRESENTATION_STYLE_ASSIGNMENT (( #1747 ) ) ;
#1926 = EDGE_CURVE ( 'NONE', #2011, #253, #2491, .T. ) ;
#1927 = EDGE_CURVE ( 'NONE', #2349, #602, #822, .T. ) ;
#1928 = CARTESIAN_POINT ( 'NONE',  ( 0.000000000000000000, 14.10436310160931761, 0.000000000000000000 ) ) ;
#1929 = CARTESIAN_POINT ( 'NONE',  ( 0.000000000000000000, 1.550000000000000044, -3.649999999999999911 ) ) ;
#1930 = AXIS2_PLACEMENT_3D ( 'NONE', #420, #2432, #1043 ) ;
#1931 = FACE_OUTER_BOUND ( 'NONE', #936, .T. ) ;
#1932 = DIRECTION ( 'NONE',  ( 1.000000000000000000, 0.000000000000000000, 0.000000000000000000 ) ) ;
#1933 = B_SPLINE_CURVE_WITH_KNOTS ( 'NONE', 3,
 ( #2406, #2263, #1351, #486 ),
 .UNSPECIFIED., .F., .F.,
 ( 4, 4 ),
 ( 0.000000000000000000, 0.0006441896274804006280 ),
 .UNSPECIFIED. ) ;
#1934 = COLOUR_RGB ( '',0.7921568627450980005, 0.8196078431372548767, 0.9333333333333333481 ) ;
#1935 = ORIENTED_EDGE ( 'NONE', *, *, #1986, .F. ) ;
#1936 = B_SPLINE_CURVE_WITH_KNOTS ( 'NONE', 3,
 ( #526, #1441, #1206, #1191 ),
 .UNSPECIFIED., .F., .F.,
 ( 4, 4 ),
 ( 0.02458892489813608445, 0.02581443846394750399 ),
 .UNSPECIFIED. ) ;
#1937 = CARTESIAN_POINT ( 'NONE',  ( 4.861409353754833518, 1.700849150321657621, 2.350000000000000089 ) ) ;
#1938 = LINE ( 'NONE', #423, #467 ) ;
#1939 = VECTOR ( 'NONE', #1274, 1000.000000000000000 ) ;
#1940 = EDGE_CURVE ( 'NONE', #1921, #2349, #682, .T. ) ;
#1941 = DIRECTION ( 'NONE',  ( -0.000000000000000000, 1.000000000000000000, -0.000000000000000000 ) ) ;
#1942 = EDGE_CURVE ( 'NONE', #2174, #1654, #411, .T. ) ;
#1943 = CARTESIAN_POINT ( 'NONE',  ( -3.799999999999999822, 0.000000000000000000, -0.7000000000000000666 ) ) ;
#1944 = UNCERTAINTY_MEASURE_WITH_UNIT (LENGTH_MEASURE( 1.000000000000000082E-05 ), #713, 'distance_accuracy_value', 'NONE');
#1945 = EDGE_CURVE ( 'NONE', #1352, #2352, #2357, .T. ) ;
#1946 = EDGE_CURVE ( 'NONE', #2869, #2666, #2641, .T. ) ;
#1947 = DIRECTION ( 'NONE',  ( 0.000000000000000000, 1.000000000000000000, 0.000000000000000000 ) ) ;
#1948 = VECTOR ( 'NONE', #786, 1000.000000000000000 ) ;
#1949 = VECTOR ( 'NONE', #702, 1000.000000000000000 ) ;
#1950 = CYLINDRICAL_SURFACE ( 'NONE', #1201, 5.099999999999999645 ) ;
#1951 = DIRECTION ( 'NONE',  ( 0.000000000000000000, -0.000000000000000000, -1.000000000000000000 ) ) ;
#1952 = AXIS2_PLACEMENT_3D ( 'NONE', #1928, #366, #415 ) ;
#1953 = CARTESIAN_POINT ( 'NONE',  ( 2.500000000000000000, 1.550000000000000044, -2.900000000000000355 ) ) ;
#1954 = MANIFOLD_SOLID_BREP ( 'Body-Move/Copy1[5]', #808 ) ;
#1955 = LINE ( 'NONE', #1069, #1302 ) ;
#1956 = CIRCLE ( 'NONE', #2326, 0.2500000000000002220 ) ;
#1957 = ORIENTED_EDGE ( 'NONE', *, *, #1001, .T. ) ;
#1958 = DIRECTION ( 'NONE',  ( 0.000000000000000000, 0.000000000000000000, 1.000000000000000000 ) ) ;
#1959 = DIRECTION ( 'NONE',  ( 0.000000000000000000, -1.000000000000000000, 0.000000000000000000 ) ) ;
#1960 = SURFACE_SIDE_STYLE ('',( #1075 ) ) ;
#1961 = DIRECTION ( 'NONE',  ( 0.000000000000000000, -1.000000000000000000, 0.000000000000000000 ) ) ;
#1962 = PLANE ( 'NONE',  #1290 ) ;
#1963 = ORIENTED_EDGE ( 'NONE', *, *, #17, .T. ) ;
#1964 =( NAMED_UNIT ( * ) PLANE_ANGLE_UNIT ( ) SI_UNIT ( $, .RADIAN. ) );
#1965 = PRODUCT ( 'KS-01Q-01', 'KS-01Q-01', '', ( #1673 ) ) ;
#1966 = CARTESIAN_POINT ( 'NONE',  ( 0.000000000000000000, 0.000000000000000000, 3.649999999999999911 ) ) ;
#1967 = LINE ( 'NONE', #1054, #2501 ) ;
#1968 = DIRECTION ( 'NONE',  ( -1.000000000000000000, 0.000000000000000000, 0.000000000000000000 ) ) ;
#1969 = ORIENTED_EDGE ( 'NONE', *, *, #2495, .F. ) ;
#1970 = EDGE_CURVE ( 'NONE', #595, #345, #2581, .T. ) ;
#1971 = CARTESIAN_POINT ( 'NONE',  ( 5.027922035990616934, 1.550000000000000044, 2.350000000000000089 ) ) ;
#1972 = DIRECTION ( 'NONE',  ( 0.000000000000000000, -0.000000000000000000, 1.000000000000000000 ) ) ;
#1973 = DIRECTION ( 'NONE',  ( -1.000000000000000000, 0.000000000000000000, -0.000000000000000000 ) ) ;
#1974 = VECTOR ( 'NONE', #705, 1000.000000000000000 ) ;
#1975 = CIRCLE ( 'NONE', #2342, 0.6000000000000003109 ) ;
#1976 = CARTESIAN_POINT ( 'NONE',  ( 0.000000000000000000, 2.949999999999999734, 0.000000000000000000 ) ) ;
#1977 = ADVANCED_FACE ( 'NONE', ( #1285 ), #1315, .T. ) ;
#1978 = DIRECTION ( 'NONE',  ( -1.000000000000000000, 0.000000000000000000, 0.000000000000000000 ) ) ;
#1979 = B_SPLINE_CURVE_WITH_KNOTS ( 'NONE', 3,
 ( #2165, #1027, #1058, #2198 ),
 .UNSPECIFIED., .F., .F.,
 ( 4, 4 ),
 ( 0.009959990085905510299, 0.01070796434691705448 ),
 .UNSPECIFIED. ) ;
#1980 = DIRECTION ( 'NONE',  ( 1.000000000000000000, -0.000000000000000000, 0.000000000000000000 ) ) ;
#1981 = VERTEX_POINT ( 'NONE', #184 ) ;
#1982 = DIRECTION ( 'NONE',  ( 0.000000000000000000, 0.000000000000000000, -1.000000000000000000 ) ) ;
#1983 = EDGE_CURVE ( 'NONE', #1866, #125, #1490, .T. ) ;
#1984 = ORIENTED_EDGE ( 'NONE', *, *, #813, .F. ) ;
#1985 = CARTESIAN_POINT ( 'NONE',  ( -4.526311964502669483, 4.450000000000000178, -2.350000000000000089 ) ) ;
#1986 = EDGE_CURVE ( 'NONE', #753, #670, #2050, .T. ) ;
#1987 = CARTESIAN_POINT ( 'NONE',  ( 0.000000000000000000, 1.550000000000000044, 4.250000000000000000 ) ) ;
#1988 = SURFACE_STYLE_USAGE ( .BOTH. , #1769 ) ;
#1989 = EDGE_CURVE ( 'NONE', #1425, #2412, #2149, .T. ) ;
#1990 = PLANE ( 'NONE',  #131 ) ;
#1991 = CARTESIAN_POINT ( 'NONE',  ( 0.000000000000000000, 14.34999999999999787, 0.000000000000000000 ) ) ;
#1992 = B_SPLINE_CURVE_WITH_KNOTS ( 'NONE', 3,
 ( #1908, #2353, #361, #1088, #439, #2652 ),
 .UNSPECIFIED., .F., .F.,
 ( 4, 2, 4 ),
 ( 0.000000000000000000, 0.0001983379321846248558, 0.0003966758643692497115 ),
 .UNSPECIFIED. ) ;
#1993 = AXIS2_PLACEMENT_3D ( 'NONE', #611, #1729, #1077 ) ;
#1994 = CIRCLE ( 'NONE', #2130, 5.100000000000001421 ) ;
#1995 = VERTEX_POINT ( 'NONE', #1348 ) ;
#1996 = MANIFOLD_SOLID_BREP ( 'Body-Move/Copy1[3]', #2295 ) ;
#1997 = DIRECTION ( 'NONE',  ( 0.000000000000000000, 0.000000000000000000, 1.000000000000000000 ) ) ;
#1998 = EDGE_LOOP ( 'NONE', ( #1367, #2340 ) ) ;
#1999 = AXIS2_PLACEMENT_3D ( 'NONE', #1763, #2010, #213 ) ;
#2000 = CARTESIAN_POINT ( 'NONE',  ( -4.307261310856357994, 1.550000000000000044, 3.500000000000000000 ) ) ;
#2001 = DIRECTION ( 'NONE',  ( 0.000000000000000000, 0.000000000000000000, 1.000000000000000000 ) ) ;
#2002 = CARTESIAN_POINT ( 'NONE',  ( 4.526311964502668594, 2.000000000000000000, 2.350000000000000977 ) ) ;
#2003 = CARTESIAN_POINT ( 'NONE',  ( 0.000000000000000000, 5.049999999999999822, 0.000000000000000000 ) ) ;
#2004 = VECTOR ( 'NONE', #600, 1000.000000000000000 ) ;
#2005 = CARTESIAN_POINT ( 'NONE',  ( 0.000000000000000000, 2.850000000000000089, 0.000000000000000000 ) ) ;
#2006 = VECTOR ( 'NONE', #965, 1000.000000000000000 ) ;
#2007 = ADVANCED_FACE ( 'NONE', ( #493 ), #1811, .F. ) ;
#2008 = ORIENTED_EDGE ( 'NONE', *, *, #2543, .T. ) ;
#2009 = AXIS2_PLACEMENT_3D ( 'NONE', #2480, #1757, #2653 ) ;
#2010 = DIRECTION ( 'NONE',  ( 0.000000000000000000, 1.000000000000000000, 0.000000000000000000 ) ) ;
#2011 = VERTEX_POINT ( 'NONE', #259 ) ;
#2012 =( NAMED_UNIT ( * ) PLANE_ANGLE_UNIT ( ) SI_UNIT ( $, .RADIAN. ) );
#2013 = DIRECTION ( 'NONE',  ( 0.000000000000000000, 0.000000000000000000, -1.000000000000000000 ) ) ;
#2014 = DIRECTION ( 'NONE',  ( -0.000000000000000000, 1.000000000000000000, -0.000000000000000000 ) ) ;
#2015 = DIRECTION ( 'NONE',  ( 0.000000000000000000, 0.000000000000000000, -1.000000000000000000 ) ) ;
#2016 = CIRCLE ( 'NONE', #2857, 0.4000000000000001887 ) ;
#2017 = B_SPLINE_CURVE_WITH_KNOTS ( 'NONE', 3,
 ( #245, #1132, #1142, #2019 ),
 .UNSPECIFIED., .F., .F.,
 ( 4, 4 ),
 ( 0.02458892489813608445, 0.02581443846394750399 ),
 .UNSPECIFIED. ) ;
#2018 = ORIENTED_EDGE ( 'NONE', *, *, #1159, .F. ) ;
#2020 = EDGE_CURVE ( 'NONE', #2094, #710, #1112, .T. ) ;
#2019 = CARTESIAN_POINT ( 'NONE',  ( -5.541606198059444210, 2.949999999999999734, -1.050000000000004041 ) ) ;
#2021 = ADVANCED_FACE ( 'NONE', ( #687 ), #2023, .T. ) ;
#2022 = ORIENTED_EDGE ( 'NONE', *, *, #874, .F. ) ;
#2023 = CYLINDRICAL_SURFACE ( 'NONE', #672, 0.6000000000000003109 ) ;
#2024 = CARTESIAN_POINT ( 'NONE',  ( 4.526311964502669483, 5.049999999999999822, -2.350000000000000089 ) ) ;
#2025 = PRESENTATION_STYLE_ASSIGNMENT (( #1090 ) ) ;
#2026 = AXIS2_PLACEMENT_3D ( 'NONE', #625, #1905, #1958 ) ;
#2027 = CYLINDRICAL_SURFACE ( 'NONE', #2451, 5.099999999999999645 ) ;
#2028 = CARTESIAN_POINT ( 'NONE',  ( 0.000000000000000000, 2.850000000000000089, 0.000000000000000000 ) ) ;
#2029 = EDGE_CURVE ( 'NONE', #1806, #356, #2481, .T. ) ;
#2030 = EDGE_CURVE ( 'NONE', #1924, #595, #1598, .T. ) ;
#2031 = EDGE_CURVE ( 'NONE', #602, #766, #1584, .T. ) ;
#2032 = VERTEX_POINT ( 'NONE', #1985 ) ;
#2033 = EDGE_LOOP ( 'NONE', ( #206, #2784, #1642, #2588, #2447, #1907, #996, #1372, #394, #1669, #804 ) ) ;
#2034 = AXIS2_PLACEMENT_3D ( 'NONE', #1305, #1756, #2170 ) ;
#2035 = CARTESIAN_POINT ( 'NONE',  ( 0.000000000000000000, 1.550000000000000044, 0.000000000000000000 ) ) ;
#2036 = AXIS2_PLACEMENT_3D ( 'NONE', #2414, #1959, #239 ) ;
#2037 = ORIENTED_EDGE ( 'NONE', *, *, #2465, .F. ) ;
#2038 = CARTESIAN_POINT ( 'NONE',  ( 4.837354648979129479, 4.049999999999999822, 1.050000000000003597 ) ) ;
#2039 = CARTESIAN_POINT ( 'NONE',  ( 0.000000000000000000, 1.550000000000000044, 0.000000000000000000 ) ) ;
#2040 = DIRECTION ( 'NONE',  ( 0.000000000000000000, 0.000000000000000000, 1.000000000000000000 ) ) ;
#2041 = AXIS2_PLACEMENT_3D ( 'NONE', #1402, #275, #1374 ) ;
#2042 = AXIS2_PLACEMENT_3D ( 'NONE', #674, #661, #1357 ) ;
#2043 = ORIENTED_EDGE ( 'NONE', *, *, #372, .T. ) ;
#2044 = CARTESIAN_POINT ( 'NONE',  ( -5.307246184655795673, 3.278849808589769488, 1.050000000000004041 ) ) ;
#2045 = EDGE_CURVE ( 'NONE', #766, #431, #548, .T. ) ;
#2046 = FACE_OUTER_BOUND ( 'NONE', #986, .T. ) ;
#2047 = AXIS2_PLACEMENT_3D ( 'NONE', #382, #2175, #1266 ) ;
#2048 = ORIENTED_EDGE ( 'NONE', *, *, #2595, .F. ) ;
#2049 = CONICAL_SURFACE ( 'NONE', #1386, 4.500000000000000000, 0.01745329251994333364 ) ;
#2050 = B_SPLINE_CURVE_WITH_KNOTS ( 'NONE', 3,
 ( #2385, #389, #1271, #2000 ),
 .UNSPECIFIED., .F., .F.,
 ( 4, 4 ),
 ( 0.01892883108503878517, 0.01968140787627121677 ),
 .UNSPECIFIED. ) ;
#2051 = ORIENTED_EDGE ( 'NONE', *, *, #654, .F. ) ;
#2052 = CARTESIAN_POINT ( 'NONE',  ( 0.000000000000000000, -3.449999999999999734, 3.649999999999999911 ) ) ;
#2053 = VERTEX_POINT ( 'NONE', #663 ) ;
#2054 = CARTESIAN_POINT ( 'NONE',  ( 3.709447398198282730, 2.000000000000000000, 3.500000000000000000 ) ) ;
#2055 = CARTESIAN_POINT ( 'NONE',  ( -3.799999999999999822, 0.000000000000000000, -0.7000000000000000666 ) ) ;
#2056 = DIRECTION ( 'NONE',  ( 0.000000000000000000, 1.000000000000000000, 0.000000000000000000 ) ) ;
#2057 = CARTESIAN_POINT ( 'NONE',  ( 0.000000000000000000, 0.000000000000000000, -3.049999999999999822 ) ) ;
#2058 = EDGE_LOOP ( 'NONE', ( #1457, #1193, #269, #2579 ) ) ;
#2059 = PLANE ( 'NONE',  #1752 ) ;
#2060 = DIRECTION ( 'NONE',  ( 0.000000000000000000, -1.000000000000000000, 0.000000000000000000 ) ) ;
#2061 = VERTEX_POINT ( 'NONE', #1101 ) ;
#2062 = EDGE_CURVE ( 'NONE', #2544, #527, #1320, .T. ) ;
#2063 = ORIENTED_EDGE ( 'NONE', *, *, #937, .F. ) ;
#2064 = CARTESIAN_POINT ( 'NONE',  ( -2.500000000000000000, 1.550000000000000044, -2.500000000000000000 ) ) ;
#2065 = DIRECTION ( 'NONE',  ( 0.000000000000000000, -1.000000000000000000, 0.000000000000000000 ) ) ;
#2066 = FACE_OUTER_BOUND ( 'NONE', #2227, .T. ) ;
#2067 = DIRECTION ( 'NONE',  ( -1.000000000000000000, 0.000000000000000000, -0.000000000000000000 ) ) ;
#2068 = CARTESIAN_POINT ( 'NONE',  ( -4.979959839195491789, 7.099999999999999645, -1.100000000000003864 ) ) ;
#2069 = EDGE_CURVE ( 'NONE', #1543, #2104, #660, .T. ) ;
#2070 = COLOUR_RGB ( '',0.7921568627450980005, 0.8196078431372548767, 0.9333333333333333481 ) ;
#2071 = ORIENTED_EDGE ( 'NONE', *, *, #866, .T. ) ;
#2072 = PLANE ( 'NONE',  #1606 ) ;
#2073 = ADVANCED_FACE ( 'NONE', ( #1336, #1401 ), #1418, .T. ) ;
#2074 = LINE ( 'NONE', #1617, #2006 ) ;
#2075 = ORIENTED_EDGE ( 'NONE', *, *, #2378, .T. ) ;
#2076 = ORIENTED_EDGE ( 'NONE', *, *, #363, .F. ) ;
#2077 = AXIS2_PLACEMENT_3D ( 'NONE', #2861, #171, #1712 ) ;
#2078 = ORIENTED_EDGE ( 'NONE', *, *, #363, .T. ) ;
#2079 =( GEOMETRIC_REPRESENTATION_CONTEXT ( 3 ) GLOBAL_UNCERTAINTY_ASSIGNED_CONTEXT ( ( #582 ) ) GLOBAL_UNIT_ASSIGNED_CONTEXT ( ( #885, #459, #1551 ) ) REPRESENTATION_CONTEXT ( 'NONE', 'WORKASPACE' ) );
#2080 = FACE_OUTER_BOUND ( 'NONE', #1291, .T. ) ;
#2081 = EDGE_LOOP ( 'NONE', ( #2699, #156, #201 ) ) ;
#2082 = DIRECTION ( 'NONE',  ( -1.000000000000000000, 0.000000000000000000, -0.000000000000000000 ) ) ;
#2083 = CARTESIAN_POINT ( 'NONE',  ( -2.167948338867885294, 1.550000000000000044, 4.449999999999998401 ) ) ;
#2084 = CARTESIAN_POINT ( 'NONE',  ( 3.799999999999999822, 0.000000000000000000, 0.000000000000000000 ) ) ;
#2085 = LINE ( 'NONE', #1874, #326 ) ;
#2086 = VERTEX_POINT ( 'NONE', #337 ) ;
#2087 = ORIENTED_EDGE ( 'NONE', *, *, #910, .F. ) ;
#2088 = CARTESIAN_POINT ( 'NONE',  ( 5.541606198059444210, 2.949999999999999734, -1.050000000000004041 ) ) ;
#2089 = CARTESIAN_POINT ( 'NONE',  ( 3.799999999999999822, 0.000000000000000000, -0.7000000000000000666 ) ) ;
#2090 = AXIS2_PLACEMENT_3D ( 'NONE', #1915, #1501, #2632 ) ;
#2091 = ORIENTED_EDGE ( 'NONE', *, *, #1942, .F. ) ;
#2092 = VERTEX_POINT ( 'NONE', #1870 ) ;
#2093 = VECTOR ( 'NONE', #1629, 1000.000000000000000 ) ;
#2094 = VERTEX_POINT ( 'NONE', #944 ) ;
#2095 = AXIS2_PLACEMENT_3D ( 'NONE', #2345, #2617, #384 ) ;
#2096 = EDGE_CURVE ( 'NONE', #356, #2657, #1643, .T. ) ;
#2097 = CIRCLE ( 'NONE', #1208, 0.6000000000000003109 ) ;
#2098 =( NAMED_UNIT ( * ) SI_UNIT ( $, .STERADIAN. ) SOLID_ANGLE_UNIT ( ) );
#2099 = ORIENTED_EDGE ( 'NONE', *, *, #102, .T. ) ;
#2100 = CARTESIAN_POINT ( 'NONE',  ( 0.000000000000000000, 5.049999999999999822, 0.000000000000000000 ) ) ;
#2101 = CARTESIAN_POINT ( 'NONE',  ( 4.837354648979130367, 3.935713225380016222, -1.050000000000004041 ) ) ;
#2102 = CARTESIAN_POINT ( 'NONE',  ( 0.000000000000000000, 7.349999999999999645, 0.000000000000000000 ) ) ;
#2103 = ORIENTED_EDGE ( 'NONE', *, *, #2438, .F. ) ;
#2104 = VERTEX_POINT ( 'NONE', #1219 ) ;
#2105 = CARTESIAN_POINT ( 'NONE',  ( 0.000000000000000000, 14.10436310160931761, 0.000000000000000000 ) ) ;
#2106 = DIRECTION ( 'NONE',  ( 0.000000000000000000, 1.000000000000000000, 0.000000000000000000 ) ) ;
#2107 = ORIENTED_EDGE ( 'NONE', *, *, #950, .T. ) ;
#2108 = VERTEX_POINT ( 'NONE', #1824 ) ;
#2109 = ADVANCED_FACE ( 'NONE', ( #2505 ), #1173, .F. ) ;
#2110 = AXIS2_PLACEMENT_3D ( 'NONE', #75, #534, #89 ) ;
#2111 = VECTOR ( 'NONE', #1973, 1000.000000000000000 ) ;
#2112 = ORIENTED_EDGE ( 'NONE', *, *, #1252, .T. ) ;
#2113 = CARTESIAN_POINT ( 'NONE',  ( -6.319265539723246228, -3.449999999999999289, 1.050000000000004041 ) ) ;
#2114 = CARTESIAN_POINT ( 'NONE',  ( 3.911393382129818352, 1.853116077515412963, -3.500000000000000000 ) ) ;
#2115 = CARTESIAN_POINT ( 'NONE',  ( -4.918078893226500270, 7.349999999999999645, 1.350000000000000089 ) ) ;
#2116 = EDGE_CURVE ( 'NONE', #2108, #1397, #346, .T. ) ;
#2117 = CARTESIAN_POINT ( 'NONE',  ( 2.167948338867885738, 1.550000000000000044, 4.449999999999998401 ) ) ;
#2118 = EDGE_LOOP ( 'NONE', ( #1086, #2309, #603, #2717 ) ) ;
#2119 = ORIENTED_EDGE ( 'NONE', *, *, #1276, .T. ) ;
#2120 = CARTESIAN_POINT ( 'NONE',  ( 4.526311964502675700, 2.000000000000000888, -2.350000000000000089 ) ) ;
#2121 = CARTESIAN_POINT ( 'NONE',  ( -4.935818699551347777, 7.349999999999999645, 1.285373505884329193 ) ) ;
#2122 = ORIENTED_EDGE ( 'NONE', *, *, #190, .F. ) ;
#2123 = ORIENTED_EDGE ( 'NONE', *, *, #2548, .T. ) ;
#2124 = EDGE_CURVE ( 'NONE', #2772, #2094, #875, .T. ) ;
#2125 = MECHANICAL_DESIGN_GEOMETRIC_PRESENTATION_REPRESENTATION (  '', ( #1520 ), #2629 ) ;
#2126 = LINE ( 'NONE', #800, #972 ) ;
#2127 = DIRECTION ( 'NONE',  ( -0.000000000000000000, 0.000000000000000000, -1.000000000000000000 ) ) ;
#2128 = LINE ( 'NONE', #1901, #2196 ) ;
#2129 = CARTESIAN_POINT ( 'NONE',  ( 0.000000000000000000, 5.049999999999999822, 0.000000000000000000 ) ) ;
#2130 = AXIS2_PLACEMENT_3D ( 'NONE', #834, #848, #180 ) ;
#2131 = ORIENTED_EDGE ( 'NONE', *, *, #257, .F. ) ;
#2132 = ORIENTED_EDGE ( 'NONE', *, *, #4, .T. ) ;
#2133 = ADVANCED_FACE ( 'NONE', ( #2286 ), #578, .F. ) ;
#2134 = DIRECTION ( 'NONE',  ( -0.000000000000000000, 1.000000000000000000, -0.000000000000000000 ) ) ;
#2135 = LINE ( 'NONE', #2401, #1822 ) ;
#2136 = VECTOR ( 'NONE', #854, 1000.000000000000000 ) ;
#2137 = VERTEX_POINT ( 'NONE', #2054 ) ;
#2138 = PLANE ( 'NONE',  #35 ) ;
#2139 = EDGE_LOOP ( 'NONE', ( #2771, #714, #316, #2071 ) ) ;
#2140 = AXIS2_PLACEMENT_3D ( 'NONE', #726, #1609, #1387 ) ;
#2141 = LINE ( 'NONE', #1702, #2674 ) ;
#2142 = AXIS2_PLACEMENT_3D ( 'NONE', #2380, #2360, #817 ) ;
#2143 = CARTESIAN_POINT ( 'NONE',  ( -2.500000000000000000, 1.550000000000000044, -2.900000000000000355 ) ) ;
#2144 = DIRECTION ( 'NONE',  ( -3.552713678800500140E-15, 0.000000000000000000, 1.000000000000000000 ) ) ;
#2145 = DIRECTION ( 'NONE',  ( 0.000000000000000000, 0.000000000000000000, 1.000000000000000000 ) ) ;
#2146 = CYLINDRICAL_SURFACE ( 'NONE', #2229, 5.100000000000001421 ) ;
#2147 = ORIENTED_EDGE ( 'NONE', *, *, #1214, .F. ) ;
#2148 = ORIENTED_EDGE ( 'NONE', *, *, #1784, .T. ) ;
#2149 = LINE ( 'NONE', #2441, #1355 ) ;
#2150 = DIRECTION ( 'NONE',  ( 0.000000000000000000, 0.000000000000000000, 1.000000000000000000 ) ) ;
#2151 = ORIENTED_EDGE ( 'NONE', *, *, #2367, .T. ) ;
#2152 = DIRECTION ( 'NONE',  ( 0.000000000000000000, 1.000000000000000000, 0.000000000000000000 ) ) ;
#2153 = LINE ( 'NONE', #1275, #562 ) ;
#2154 = ORIENTED_EDGE ( 'NONE', *, *, #1170, .T. ) ;
#2155 = PRODUCT_DEFINITION ( 'UNKNOWN', '', #2535, #2355 ) ;
#2156 = ADVANCED_FACE ( 'NONE', ( #727 ), #301, .T. ) ;
#2157 = SURFACE_STYLE_FILL_AREA ( #1292 ) ;
#2158 = DIRECTION ( 'NONE',  ( 0.000000000000000000, 0.000000000000000000, -1.000000000000000000 ) ) ;
#2159 = CARTESIAN_POINT ( 'NONE',  ( -7.530337257590308475, 1.550000000000000044, 3.500000000000000000 ) ) ;
#2160 = CARTESIAN_POINT ( 'NONE',  ( -4.873397172404483335, 1.550000000000000044, -3.500000000000000000 ) ) ;
#2161 = EDGE_CURVE ( 'NONE', #1800, #2384, #2253, .T. ) ;
#2162 = CARTESIAN_POINT ( 'NONE',  ( 0.000000000000000000, 7.349999999999999645, 0.000000000000000000 ) ) ;
#2163 = ADVANCED_FACE ( 'NONE', ( #506 ), #1676, .F. ) ;
#2164 = VERTEX_POINT ( 'NONE', #1855 ) ;
#2165 = CARTESIAN_POINT ( 'NONE',  ( -4.307261310856357994, 1.550000000000000044, -3.500000000000000000 ) ) ;
#2166 = LINE ( 'NONE', #1798, #2582 ) ;
#2167 = EDGE_CURVE ( 'NONE', #1471, #1358, #2016, .T. ) ;
#2168 = EDGE_CURVE ( 'NONE', #2550, #2528, #976, .T. ) ;
#2169 = VERTEX_POINT ( 'NONE', #2313 ) ;
#2170 = DIRECTION ( 'NONE',  ( 0.000000000000000000, -0.000000000000000000, -1.000000000000000000 ) ) ;
#2171 = CARTESIAN_POINT ( 'NONE',  ( 0.000000000000000000, 4.450000000000000178, 0.000000000000000000 ) ) ;
#2172 = EDGE_LOOP ( 'NONE', ( #233, #2107, #2604, #2348, #2431, #2763, #1182 ) ) ;
#2173 = DIRECTION ( 'NONE',  ( 0.000000000000000000, -1.000000000000000000, 0.000000000000000000 ) ) ;
#2174 = VERTEX_POINT ( 'NONE', #107 ) ;
#2175 = DIRECTION ( 'NONE',  ( 0.000000000000000000, 1.000000000000000000, 0.000000000000000000 ) ) ;
#2176 = DIRECTION ( 'NONE',  ( -1.000000000000000000, -0.000000000000000000, -0.000000000000000000 ) ) ;
#2177 = CARTESIAN_POINT ( 'NONE',  ( 0.000000000000000000, 2.850000000000000089, 0.000000000000000000 ) ) ;
#2178 = CARTESIAN_POINT ( 'NONE',  ( 3.799999999999999822, 0.000000000000000000, 0.000000000000000000 ) ) ;
#2179 = VERTEX_POINT ( 'NONE', #2767 ) ;
#2180 = CARTESIAN_POINT ( 'NONE',  ( -4.861446006755874905, 1.700815945198842494, 2.350000000000000089 ) ) ;
#2181 = CARTESIAN_POINT ( 'NONE',  ( -5.898304841223452222, 7.099999999999999645, 1.350000000000000089 ) ) ;
#2182 = DIRECTION ( 'NONE',  ( 0.000000000000000000, -1.000000000000000000, 0.000000000000000000 ) ) ;
#2183 = AXIS2_PLACEMENT_3D ( 'NONE', #1789, #2493, #2685 ) ;
#2184 = DIRECTION ( 'NONE',  ( 0.000000000000000000, 0.000000000000000000, -1.000000000000000000 ) ) ;
#2185 = CARTESIAN_POINT ( 'NONE',  ( -4.837354648979129479, 3.935713225380016222, -1.050000000000003597 ) ) ;
#2186 = B_SPLINE_CURVE_WITH_KNOTS ( 'NONE', 3,
 ( #1232, #585, #1267, #1872 ),
 .UNSPECIFIED., .F., .F.,
 ( 4, 4 ),
 ( 0.009630573812782811452, 0.01030444923122317800 ),
 .UNSPECIFIED. ) ;
#2187 = DIRECTION ( 'NONE',  ( 1.776356839400250070E-15, 0.000000000000000000, 1.000000000000000000 ) ) ;
#2188 = EDGE_CURVE ( 'NONE', #1810, #2716, #274, .T. ) ;
#2189 = VECTOR ( 'NONE', #2696, 1000.000000000000000 ) ;
#2190 = CIRCLE ( 'NONE', #788, 0.7000000000000000666 ) ;
#2191 = ORIENTED_EDGE ( 'NONE', *, *, #711, .F. ) ;
#2192 = CARTESIAN_POINT ( 'NONE',  ( 0.000000000000000000, 14.09999999999999787, 0.000000000000000000 ) ) ;
#2193 = CARTESIAN_POINT ( 'NONE',  ( 4.918078893226500270, 7.349999999999999645, -1.350000000000000089 ) ) ;
#2194 = CIRCLE ( 'NONE', #1304, 0.4000000000000001887 ) ;
#2195 = CARTESIAN_POINT ( 'NONE',  ( -5.898304841223452222, 7.099999999999999645, 1.100000000000000089 ) ) ;
#2196 = VECTOR ( 'NONE', #1885, 1000.000000000000000 ) ;
#2197 = VERTEX_POINT ( 'NONE', #1161 ) ;
#2198 = CARTESIAN_POINT ( 'NONE',  ( -3.709447398198282730, 2.000000000000000000, -3.500000000000000000 ) ) ;
#2199 = DIRECTION ( 'NONE',  ( 0.000000000000000000, 0.000000000000000000, -1.000000000000000000 ) ) ;
#2200 = LINE ( 'NONE', #1136, #312 ) ;
#2201 = LINE ( 'NONE', #2624, #2650 ) ;
#2202 = DIRECTION ( 'NONE',  ( 0.000000000000000000, 1.000000000000000000, 0.000000000000000000 ) ) ;
#2203 = VERTEX_POINT ( 'NONE', #1658 ) ;
#2204 = ADVANCED_FACE ( 'NONE', ( #2331 ), #62, .F. ) ;
#2205 = EDGE_CURVE ( 'NONE', #375, #187, #833, .T. ) ;
#2206 = EDGE_LOOP ( 'NONE', ( #1869, #662, #1447, #1714 ) ) ;
#2207 = DIRECTION ( 'NONE',  ( -0.000000000000000000, 1.000000000000000000, -0.000000000000000000 ) ) ;
#2208 = CARTESIAN_POINT ( 'NONE',  ( 0.000000000000000000, 4.049999999999999822, 0.000000000000000000 ) ) ;
#2209 = ORIENTED_EDGE ( 'NONE', *, *, #2597, .T. ) ;
#2210 = CARTESIAN_POINT ( 'NONE',  ( -5.898304841223452222, 2.850000000000000089, -1.100000000000000089 ) ) ;
#2211 = CARTESIAN_POINT ( 'NONE',  ( -2.397915761656367106, 14.34999999999999787, 5.499999999999998224 ) ) ;
#2212 = CIRCLE ( 'NONE', #1916, 0.4000000000000001887 ) ;
#2213 = CARTESIAN_POINT ( 'NONE',  ( 0.000000000000000000, 4.450000000000000178, 0.000000000000000000 ) ) ;
#2214 = DIRECTION ( 'NONE',  ( 0.000000000000000000, -1.000000000000000000, 0.000000000000000000 ) ) ;
#2215 = ORIENTED_EDGE ( 'NONE', *, *, #1909, .T. ) ;
#2216 = EDGE_CURVE ( 'NONE', #2323, #768, #1172, .T. ) ;
#2217 = PRESENTATION_LAYER_ASSIGNMENT (  '', '', ( #1411 ) ) ;
#2218 = PLANE ( 'NONE',  #838 ) ;
#2219 = ORIENTED_EDGE ( 'NONE', *, *, #1773, .F. ) ;
#2220 = CONICAL_SURFACE ( 'NONE', #359, 5.640203830924097161, 0.6108652381980167467 ) ;
#2221 = CARTESIAN_POINT ( 'NONE',  ( 5.898304841223452222, 7.099999999999999645, 1.100000000000000089 ) ) ;
#2222 = FACE_OUTER_BOUND ( 'NONE', #1762, .T. ) ;
#2223 = EDGE_CURVE ( 'NONE', #828, #2678, #2393, .T. ) ;
#2224 = PLANE ( 'NONE',  #264 ) ;
#2225 = DIRECTION ( 'NONE',  ( 0.000000000000000000, -1.000000000000000000, 0.000000000000000000 ) ) ;
#2226 = AXIS2_PLACEMENT_3D ( 'NONE', #2750, #1644, #1204 ) ;
#2227 = EDGE_LOOP ( 'NONE', ( #2646, #2509, #1711, #1443 ) ) ;
#2228 = ORIENTED_EDGE ( 'NONE', *, *, #608, .T. ) ;
#2229 = AXIS2_PLACEMENT_3D ( 'NONE', #2129, #623, #2842 ) ;
#2230 = DIRECTION ( 'NONE',  ( 0.000000000000000000, 0.000000000000000000, -1.000000000000000000 ) ) ;
#2231 = ORIENTED_EDGE ( 'NONE', *, *, #510, .T. ) ;
#2232 = CIRCLE ( 'NONE', #1342, 6.000000000000000888 ) ;
#2233 =( NAMED_UNIT ( * ) SI_UNIT ( $, .STERADIAN. ) SOLID_ANGLE_UNIT ( ) );
#2234 = CARTESIAN_POINT ( 'NONE',  ( 0.000000000000000000, 4.450000000000000178, 0.000000000000000000 ) ) ;
#2235 = SURFACE_STYLE_FILL_AREA ( #33 ) ;
#2236 = CARTESIAN_POINT ( 'NONE',  ( -5.541606198059444210, 2.949999999999999734, 1.050000000000004041 ) ) ;
#2237 = DIRECTION ( 'NONE',  ( 0.000000000000000000, 1.000000000000000000, 0.000000000000000000 ) ) ;
#2238 = VECTOR ( 'NONE', #159, 1000.000000000000000 ) ;
#2239 = ORIENTED_EDGE ( 'NONE', *, *, #1034, .T. ) ;
#2240 = ADVANCED_FACE ( 'NONE', ( #1466 ), #1950, .T. ) ;
#2241 = ORIENTED_EDGE ( 'NONE', *, *, #1141, .T. ) ;
#2242 = VECTOR ( 'NONE', #680, 1000.000000000000000 ) ;
#2243 = CARTESIAN_POINT ( 'NONE',  ( 0.000000000000000000, 7.349999999999999645, 4.500000000000000000 ) ) ;
#2244 = VERTEX_POINT ( 'NONE', #2358 ) ;
#2245 = VERTEX_POINT ( 'NONE', #1704 ) ;
#2246 =( LENGTH_UNIT ( ) NAMED_UNIT ( * ) SI_UNIT ( .MILLI., .METRE. ) );
#2247 = LINE ( 'NONE', #2684, #1574 ) ;
#2248 = DIRECTION ( 'NONE',  ( 0.000000000000000000, 0.000000000000000000, 1.000000000000000000 ) ) ;
#2249 = EDGE_CURVE ( 'NONE', #419, #1783, #1076, .T. ) ;
#2250 = EDGE_CURVE ( 'NONE', #100, #1144, #2194, .T. ) ;
#2251 = CARTESIAN_POINT ( 'NONE',  ( -2.500000000000000000, -8.031370849898477715, 2.500000000000000000 ) ) ;
#2252 = DIRECTION ( 'NONE',  ( 0.000000000000000000, -1.000000000000000000, 0.000000000000000000 ) ) ;
#2253 = CIRCLE ( 'NONE', #859, 4.950000000000001066 ) ;
#2254 = EDGE_LOOP ( 'NONE', ( #558, #2777, #1918, #1578, #2492, #1446, #2421, #2078, #397, #2594, #858, #1270, #2119, #588, #2426, #963 ) ) ;
#2255 = ORIENTED_EDGE ( 'NONE', *, *, #401, .T. ) ;
#2256 = FACE_OUTER_BOUND ( 'NONE', #1160, .T. ) ;
#2257 = VERTEX_POINT ( 'NONE', #1450 ) ;
#2258 = CARTESIAN_POINT ( 'NONE',  ( 4.951872200528443457, 7.323962640740814933, -1.221165843921037997 ) ) ;
#2259 = LINE ( 'NONE', #1626, #2561 ) ;
#2260 = DIRECTION ( 'NONE',  ( 1.000000000000000000, 0.000000000000000000, -0.000000000000000000 ) ) ;
#2261 = VERTEX_POINT ( 'NONE', #1280 ) ;
#2262 = DIRECTION ( 'NONE',  ( 0.000000000000000000, 0.000000000000000000, 1.000000000000000000 ) ) ;
#2263 = CARTESIAN_POINT ( 'NONE',  ( -2.269578140109576481, 1.700077483439258685, 4.899922516560740959 ) ) ;
#2264 = ORIENTED_EDGE ( 'NONE', *, *, #1684, .T. ) ;
#2265 = ORIENTED_EDGE ( 'NONE', *, *, #2250, .T. ) ;
#2266 = AXIS2_PLACEMENT_3D ( 'NONE', #1716, #1244, #810 ) ;
#2267 = CIRCLE ( 'NONE', #1761, 0.4000000000000001887 ) ;
#2268 = CARTESIAN_POINT ( 'NONE',  ( 0.000000000000000000, 2.000000000000000000, 0.000000000000000000 ) ) ;
#2269 = VECTOR ( 'NONE', #55, 1000.000000000000000 ) ;
#2270 = ORIENTED_EDGE ( 'NONE', *, *, #102, .F. ) ;
#2271 = DIRECTION ( 'NONE',  ( -1.000000000000000000, 0.000000000000000000, 0.000000000000000000 ) ) ;
#2272 = CARTESIAN_POINT ( 'NONE',  ( -2.500000000000000000, -3.449999999999999734, 2.900000000000000355 ) ) ;
#2273 = DIRECTION ( 'NONE',  ( 0.000000000000000000, 0.000000000000000000, -1.000000000000000000 ) ) ;
#2274 = EDGE_CURVE ( 'NONE', #419, #2789, #2126, .T. ) ;
#2275 = CARTESIAN_POINT ( 'NONE',  ( 3.799999999999999822, 0.000000000000000000, -0.7000000000000000666 ) ) ;
#2276 = ORIENTED_EDGE ( 'NONE', *, *, #2541, .T. ) ;
#2277 = CARTESIAN_POINT ( 'NONE',  ( 5.898304841223453110, 7.349999999999999645, -1.350000000000000089 ) ) ;
#2278 = DIRECTION ( 'NONE',  ( -0.000000000000000000, 1.000000000000000000, -0.000000000000000000 ) ) ;
#2279 = ORIENTED_EDGE ( 'NONE', *, *, #2124, .T. ) ;
#2280 = CIRCLE ( 'NONE', #701, 6.000000000000000888 ) ;
#2281 = ORIENTED_EDGE ( 'NONE', *, *, #950, .F. ) ;
#2282 = EDGE_CURVE ( 'NONE', #1981, #2820, #1512, .T. ) ;
#2283 = SURFACE_SIDE_STYLE ('',( #1641 ) ) ;
#2284 = CIRCLE ( 'NONE', #1035, 5.100000000000001421 ) ;
#2285 = EDGE_CURVE ( 'NONE', #1810, #1352, #398, .T. ) ;
#2286 = FACE_OUTER_BOUND ( 'NONE', #1668, .T. ) ;
#2287 = CARTESIAN_POINT ( 'NONE',  ( 0.000000000000000000, -3.449999999999999734, 3.649999999999999911 ) ) ;
#2288 = DIRECTION ( 'NONE',  ( 0.000000000000000000, 0.000000000000000000, 1.000000000000000000 ) ) ;
#2289 = CARTESIAN_POINT ( 'NONE',  ( 0.000000000000000000, 1.550000000000000044, 0.000000000000000000 ) ) ;
#2290 = ORIENTED_EDGE ( 'NONE', *, *, #2030, .F. ) ;
#2291 = LINE ( 'NONE', #2740, #1184 ) ;
#2292 = DIRECTION ( 'NONE',  ( 0.000000000000000000, -1.000000000000000000, 0.000000000000000000 ) ) ;
#2293 = VERTEX_POINT ( 'NONE', #1898 ) ;
#2294 = VERTEX_POINT ( 'NONE', #2143 ) ;
#2295 = CLOSED_SHELL ( 'NONE', ( #561, #1818, #1977, #2498, #2021, #830, #1593, #2073, #2764, #443, #1608, #618, #2823, #101, #1803, #2007, #42, #1180, #2204, #2680, #1366, #1801, #1557, #1703, #1601, #2109, #1116, #1835, #1338 ) ) ;
#2296 = AXIS2_PLACEMENT_3D ( 'NONE', #2552, #1883, #1203 ) ;
#2297 = DIRECTION ( 'NONE',  ( -0.000000000000000000, 1.000000000000000000, 0.000000000000000000 ) ) ;
#2298 = ORIENTED_EDGE ( 'NONE', *, *, #306, .T. ) ;
#2299 = CARTESIAN_POINT ( 'NONE',  ( 0.000000000000000000, 2.000000000000000000, 0.000000000000000000 ) ) ;
#2300 = FACE_OUTER_BOUND ( 'NONE', #1017, .T. ) ;
#2301 = DIRECTION ( 'NONE',  ( 0.000000000000000000, 0.000000000000000000, 1.000000000000000000 ) ) ;
#2302 = DIRECTION ( 'NONE',  ( 0.000000000000000000, -1.000000000000000000, 0.000000000000000000 ) ) ;
#2303 = ORIENTED_EDGE ( 'NONE', *, *, #2031, .T. ) ;
#2304 = PLANE ( 'NONE',  #255 ) ;
#2305 = CARTESIAN_POINT ( 'NONE',  ( -4.837354648979129479, 4.049999999999999822, -1.050000000000003597 ) ) ;
#2306 = ADVANCED_FACE ( 'NONE', ( #2614 ), #698, .T. ) ;
#2307 = EDGE_LOOP ( 'NONE', ( #413, #20, #1602, #704 ) ) ;
#2308 = ORIENTED_EDGE ( 'NONE', *, *, #86, .T. ) ;
#2309 = ORIENTED_EDGE ( 'NONE', *, *, #2438, .T. ) ;
#2310 = AXIS2_PLACEMENT_3D ( 'NONE', #689, #2468, #2248 ) ;
#2311 = CIRCLE ( 'NONE', #1793, 5.100000000000001421 ) ;
#2312 = ORIENTED_EDGE ( 'NONE', *, *, #1983, .T. ) ;
#2313 = CARTESIAN_POINT ( 'NONE',  ( -5.846152580971524237, 7.349999999999999645, 1.350000000000000089 ) ) ;
#2314 = CARTESIAN_POINT ( 'NONE',  ( -7.530337257590308475, 4.450000000000000178, 2.350000000000000089 ) ) ;
#2315 = FACE_OUTER_BOUND ( 'NONE', #747, .T. ) ;
#2316 = CARTESIAN_POINT ( 'NONE',  ( 2.500000000000000000, -3.449999999999999734, -2.500000000000000000 ) ) ;
#2317 = ORIENTED_EDGE ( 'NONE', *, *, #2425, .F. ) ;
#2318 = ORIENTED_EDGE ( 'NONE', *, *, #1333, .F. ) ;
#2319 = CARTESIAN_POINT ( 'NONE',  ( -7.530337257590308475, 4.450000000000000178, 3.500000000000000000 ) ) ;
#2320 = DIRECTION ( 'NONE',  ( 0.000000000000000000, -1.000000000000000000, 0.000000000000000000 ) ) ;
#2321 = VECTOR ( 'NONE', #1839, 1000.000000000000000 ) ;
#2322 = VERTEX_POINT ( 'NONE', #151 ) ;
#2323 = VERTEX_POINT ( 'NONE', #198 ) ;
#2324 = CIRCLE ( 'NONE', #2564, 0.6000000000000003109 ) ;
#2325 = ORIENTED_EDGE ( 'NONE', *, *, #673, .T. ) ;
#2326 = AXIS2_PLACEMENT_3D ( 'NONE', #2333, #1234, #153 ) ;
#2327 = EDGE_CURVE ( 'NONE', #1431, #2871, #1083, .T. ) ;
#2328 = EDGE_CURVE ( 'NONE', #2323, #697, #1498, .T. ) ;
#2329 = CARTESIAN_POINT ( 'NONE',  ( -5.520643078482796895, 1.550000000000000044, -2.350000000000000089 ) ) ;
#2330 = EDGE_LOOP ( 'NONE', ( #2529, #1510 ) ) ;
#2331 = FACE_OUTER_BOUND ( 'NONE', #1014, .T. ) ;
#2332 = CARTESIAN_POINT ( 'NONE',  ( 2.500000000000000000, -3.449999999999999734, 2.900000000000000355 ) ) ;
#2333 = CARTESIAN_POINT ( 'NONE',  ( 5.060412305958957759E-16, 14.09999999999999787, -4.132140229723552771 ) ) ;
#2334 = LINE ( 'NONE', #92, #93 ) ;
#2335 = ORIENTED_EDGE ( 'NONE', *, *, #2567, .T. ) ;
#2336 = EDGE_LOOP ( 'NONE', ( #2573, #2804, #1207, #1854 ) ) ;
#2337 = CYLINDRICAL_SURFACE ( 'NONE', #2407, 0.6000000000000003109 ) ;
#2338 = FACE_OUTER_BOUND ( 'NONE', #112, .T. ) ;
#2339 = EDGE_CURVE ( 'NONE', #799, #762, #2324, .T. ) ;
#2340 = ORIENTED_EDGE ( 'NONE', *, *, #1836, .F. ) ;
#2341 = ORIENTED_EDGE ( 'NONE', *, *, #335, .F. ) ;
#2342 = AXIS2_PLACEMENT_3D ( 'NONE', #172, #1459, #821 ) ;
#2343 = FACE_OUTER_BOUND ( 'NONE', #452, .T. ) ;
#2344 = PLANE ( 'NONE',  #2690 ) ;
#2345 = CARTESIAN_POINT ( 'NONE',  ( 0.000000000000000000, 4.049999999999999822, 0.000000000000000000 ) ) ;
#2346 = EDGE_CURVE ( 'NONE', #2061, #1889, #2790, .T. ) ;
#2347 = DIRECTION ( 'NONE',  ( 0.000000000000000000, 0.000000000000000000, 1.000000000000000000 ) ) ;
#2348 = ORIENTED_EDGE ( 'NONE', *, *, #1927, .T. ) ;
#2349 = VERTEX_POINT ( 'NONE', #1066 ) ;
#2350 = DIRECTION ( 'NONE',  ( 0.000000000000000000, 0.000000000000000000, -1.000000000000000000 ) ) ;
#2351 = DIRECTION ( 'NONE',  ( 0.000000000000000000, -1.000000000000000000, 0.000000000000000000 ) ) ;
#2352 = VERTEX_POINT ( 'NONE', #847 ) ;
#2353 = CARTESIAN_POINT ( 'NONE',  ( -4.935826128910408173, 7.349999999999999645, -1.285346440570258819 ) ) ;
#2354 = ORIENTED_EDGE ( 'NONE', *, *, #190, .T. ) ;
#2355 = PRODUCT_DEFINITION_CONTEXT ( 'detailed design', #50, 'design' ) ;
#2356 = PRESENTATION_LAYER_ASSIGNMENT (  '', '', ( #2482 ) ) ;
#2357 = B_SPLINE_CURVE_WITH_KNOTS ( 'NONE', 3,
 ( #2844, #2180, #1753, #1919 ),
 .UNSPECIFIED., .F., .F.,
 ( 4, 4 ),
 ( 0.009630573812782809717, 0.01030444923122317627 ),
 .UNSPECIFIED. ) ;
#2358 = CARTESIAN_POINT ( 'NONE',  ( 3.709447398198283175, 4.450000000000000178, 3.500000000000000000 ) ) ;
#2359 = DIRECTION ( 'NONE',  ( -0.000000000000000000, -1.000000000000000000, -0.000000000000000000 ) ) ;
#2360 = DIRECTION ( 'NONE',  ( 0.000000000000000000, -1.000000000000000000, 0.000000000000000000 ) ) ;
#2361 = CARTESIAN_POINT ( 'NONE',  ( 2.397915761656367106, 7.350000000000001421, 5.499999999999998224 ) ) ;
#2362 = CIRCLE ( 'NONE', #877, 6.000000000000000888 ) ;
#2363 = CIRCLE ( 'NONE', #2226, 5.100000000000001421 ) ;
#2364 = ORIENTED_EDGE ( 'NONE', *, *, #509, .T. ) ;
#2365 = VERTEX_POINT ( 'NONE', #2855 ) ;
#2366 = DIRECTION ( 'NONE',  ( 0.000000000000000000, 0.000000000000000000, 1.000000000000000000 ) ) ;
#2367 = EDGE_CURVE ( 'NONE', #2820, #1295, #2232, .T. ) ;
#2368 = LINE ( 'NONE', #1491, #2238 ) ;
#2369 = ADVANCED_FACE ( 'NONE', ( #2343 ), #1053, .T. ) ;
#2370 = ORIENTED_EDGE ( 'NONE', *, *, #1640, .F. ) ;
#2371 = DIRECTION ( 'NONE',  ( 0.000000000000000000, 1.000000000000000000, 0.000000000000000000 ) ) ;
#2372 = PLANE ( 'NONE',  #1437 ) ;
#2373 = ORIENTED_EDGE ( 'NONE', *, *, #2205, .F. ) ;
#2374 = AXIS2_PLACEMENT_3D ( 'NONE', #818, #2618, #354 ) ;
#2375 = CARTESIAN_POINT ( 'NONE',  ( 3.799999999999999822, 0.000000000000000000, 0.000000000000000000 ) ) ;
#2376 = DIRECTION ( 'NONE',  ( 0.000000000000000000, 0.000000000000000000, -1.000000000000000000 ) ) ;
#2377 = EDGE_CURVE ( 'NONE', #100, #2869, #2427, .T. ) ;
#2378 = EDGE_CURVE ( 'NONE', #1795, #2197, #1312, .T. ) ;
#2379 = DIRECTION ( 'NONE',  ( -1.000000000000000000, 0.000000000000000000, 0.000000000000000000 ) ) ;
#2380 = CARTESIAN_POINT ( 'NONE',  ( -2.500000000000000000, 1.550000000000000044, 2.500000000000000000 ) ) ;
#2381 = EDGE_CURVE ( 'NONE', #1202, #1277, #2770, .T. ) ;
#2382 = DIRECTION ( 'NONE',  ( 1.000000000000000000, -0.000000000000000000, -0.000000000000000000 ) ) ;
#2383 = EDGE_LOOP ( 'NONE', ( #84, #2475, #119 ) ) ;
#2384 = VERTEX_POINT ( 'NONE', #2117 ) ;
#2385 = CARTESIAN_POINT ( 'NONE',  ( -3.709447398198282730, 1.999999999999999556, 3.500000000000000000 ) ) ;
#2386 = DIRECTION ( 'NONE',  ( 0.000000000000000000, 0.000000000000000000, 1.000000000000000000 ) ) ;
#2387 = AXIS2_PLACEMENT_3D ( 'NONE', #2005, #900, #1782 ) ;
#2388 = ORIENTED_EDGE ( 'NONE', *, *, #53, .T. ) ;
#2389 = LINE ( 'NONE', #409, #1939 ) ;
#2390 = CARTESIAN_POINT ( 'NONE',  ( -2.049390153192705011, 4.049999999999999822, 3.949999999999998845 ) ) ;
#2391 = ORIENTED_EDGE ( 'NONE', *, *, #434, .T. ) ;
#2392 = VERTEX_POINT ( 'NONE', #2523 ) ;
#2393 = LINE ( 'NONE', #2642, #2761 ) ;
#2394 = DIRECTION ( 'NONE',  ( -1.000000000000000000, 0.000000000000000000, 0.000000000000000000 ) ) ;
#2395 = AXIS2_PLACEMENT_3D ( 'NONE', #286, #959, #756 ) ;
#2396 = DIRECTION ( 'NONE',  ( 0.000000000000000000, 1.000000000000000000, 0.000000000000000000 ) ) ;
#2397 = CARTESIAN_POINT ( 'NONE',  ( 0.000000000000000000, 2.949999999999999734, 0.000000000000000000 ) ) ;
#2398 = VERTEX_POINT ( 'NONE', #2068 ) ;
#2399 = DIRECTION ( 'NONE',  ( 0.000000000000000000, -1.000000000000000000, 0.000000000000000000 ) ) ;
#2400 = DIRECTION ( 'NONE',  ( 0.000000000000000000, 0.000000000000000000, 1.000000000000000000 ) ) ;
#2401 = CARTESIAN_POINT ( 'NONE',  ( 7.347880794884118997E-17, 0.000000000000000000, 3.049999999999999822 ) ) ;
#2402 = CARTESIAN_POINT ( 'NONE',  ( 0.000000000000000000, 7.349999999999999645, 0.000000000000000000 ) ) ;
#2403 = CARTESIAN_POINT ( 'NONE',  ( 7.347880794884118997E-17, 0.000000000000000000, -4.250000000000000000 ) ) ;
#2404 = EDGE_CURVE ( 'NONE', #2203, #1202, #1539, .T. ) ;
#2405 = EDGE_LOOP ( 'NONE', ( #296, #9, #2727, #763 ) ) ;
#2406 = CARTESIAN_POINT ( 'NONE',  ( -2.302172886644400229, 1.550000000000000044, 5.049999999999942979 ) ) ;
#2407 = AXIS2_PLACEMENT_3D ( 'NONE', #96, #1829, #1843 ) ;
#2408 = DIRECTION ( 'NONE',  ( 0.000000000000000000, 0.000000000000000000, 1.000000000000000000 ) ) ;
#2409 = CARTESIAN_POINT ( 'NONE',  ( 4.110386105754704644, 1.702791523243470717, -3.500000000000000000 ) ) ;
#2410 = CARTESIAN_POINT ( 'NONE',  ( -2.500000000000000000, -8.031370849898477715, -2.500000000000000000 ) ) ;
#2411 = DIRECTION ( 'NONE',  ( -0.000000000000000000, -1.000000000000000000, -0.000000000000000000 ) ) ;
#2412 = VERTEX_POINT ( 'NONE', #555 ) ;
#2413 = DIRECTION ( 'NONE',  ( 0.000000000000000000, 0.000000000000000000, -1.000000000000000000 ) ) ;
#2414 = CARTESIAN_POINT ( 'NONE',  ( -2.500000000000000000, 1.550000000000000044, -2.500000000000000000 ) ) ;
#2415 = AXIS2_PLACEMENT_3D ( 'NONE', #2833, #2819, #594 ) ;
#2416 = CARTESIAN_POINT ( 'NONE',  ( 5.846152580971524237, 7.349999999999999645, -1.350000000000000089 ) ) ;
#2417 = ADVANCED_FACE ( 'NONE', ( #1164 ), #2737, .T. ) ;
#2418 = LINE ( 'NONE', #2403, #2457 ) ;
#2419 = EDGE_CURVE ( 'NONE', #697, #1860, #2428, .T. ) ;
#2420 = AXIS2_PLACEMENT_3D ( 'NONE', #1991, #2237, #241 ) ;
#2421 = ORIENTED_EDGE ( 'NONE', *, *, #188, .T. ) ;
#2422 = CARTESIAN_POINT ( 'NONE',  ( 2.202271554554530830, 2.000000000000000000, 4.599999999999997868 ) ) ;
#2423 = AXIS2_PLACEMENT_3D ( 'NONE', #706, #1612, #1174 ) ;
#2424 = CIRCLE ( 'NONE', #926, 0.4000000000000001887 ) ;
#2425 = EDGE_CURVE ( 'NONE', #762, #473, #2534, .T. ) ;
#2426 = ORIENTED_EDGE ( 'NONE', *, *, #310, .T. ) ;
#2427 = LINE ( 'NONE', #1531, #194 ) ;
#2428 = CIRCLE ( 'NONE', #2694, 0.7000000000000000666 ) ;
#2429 = DIRECTION ( 'NONE',  ( -0.000000000000000000, -1.000000000000000000, -0.000000000000000000 ) ) ;
#2430 = AXIS2_PLACEMENT_3D ( 'NONE', #1420, #1813, #2301 ) ;
#2431 = ORIENTED_EDGE ( 'NONE', *, *, #1685, .T. ) ;
#2432 = DIRECTION ( 'NONE',  ( 0.000000000000000000, -1.000000000000000000, 0.000000000000000000 ) ) ;
#2433 = DIRECTION ( 'NONE',  ( 0.000000000000000000, 1.000000000000000000, 0.000000000000000000 ) ) ;
#2434 = DIRECTION ( 'NONE',  ( 0.000000000000000000, -1.000000000000000000, 0.000000000000000000 ) ) ;
#2435 = CARTESIAN_POINT ( 'NONE',  ( 4.837354648979129479, 4.049999999999999822, -1.050000000000003597 ) ) ;
#2436 = EDGE_CURVE ( 'NONE', #595, #2061, #1936, .T. ) ;
#2437 = LINE ( 'NONE', #1036, #192 ) ;
#2438 = EDGE_CURVE ( 'NONE', #2716, #1259, #2334, .T. ) ;
#2439 = DIRECTION ( 'NONE',  ( -0.000000000000000000, 0.000000000000000000, 1.000000000000000000 ) ) ;
#2440 = ORIENTED_EDGE ( 'NONE', *, *, #163, .F. ) ;
#2441 = CARTESIAN_POINT ( 'NONE',  ( -2.049390153192705011, 4.049999999999999822, 3.949999999999998845 ) ) ;
#2442 = FACE_OUTER_BOUND ( 'NONE', #1687, .T. ) ;
#2443 = AXIS2_PLACEMENT_3D ( 'NONE', #150, #2655, #1511 ) ;
#2444 = VECTOR ( 'NONE', #1689, 1000.000000000000000 ) ;
#2445 = DIRECTION ( 'NONE',  ( 0.000000000000000000, 0.000000000000000000, -1.000000000000000000 ) ) ;
#2446 = FACE_OUTER_BOUND ( 'NONE', #820, .T. ) ;
#2447 = ORIENTED_EDGE ( 'NONE', *, *, #1588, .T. ) ;
#2448 = MECHANICAL_DESIGN_GEOMETRIC_PRESENTATION_REPRESENTATION (  '', ( #1411 ), #1561 ) ;
#2449 = FACE_OUTER_BOUND ( 'NONE', #1890, .T. ) ;
#2450 = ORIENTED_EDGE ( 'NONE', *, *, #1002, .F. ) ;
#2451 = AXIS2_PLACEMENT_3D ( 'NONE', #708, #450, #922 ) ;
#2452 = DIRECTION ( 'NONE',  ( -0.000000000000000000, 1.000000000000000000, 0.000000000000000000 ) ) ;
#2453 = CARTESIAN_POINT ( 'NONE',  ( -4.526311964502752971, 1.999999999999953149, -2.350000000000000089 ) ) ;
#2454 = PRODUCT_RELATED_PRODUCT_CATEGORY ( 'part', '', ( #1965 ) ) ;
#2455 = CARTESIAN_POINT ( 'NONE',  ( -2.500000000000000000, -8.031370849898477715, 2.100000000000000089 ) ) ;
#2456 = EDGE_CURVE ( 'NONE', #2759, #1724, #2835, .T. ) ;
#2457 = VECTOR ( 'NONE', #580, 1000.000000000000000 ) ;
#2458 = CARTESIAN_POINT ( 'NONE',  ( 0.000000000000000000, 0.000000000000000000, 3.649999999999999911 ) ) ;
#2459 = ORIENTED_EDGE ( 'NONE', *, *, #615, .T. ) ;
#2460 = EDGE_CURVE ( 'NONE', #2293, #2592, #2085, .T. ) ;
#2461 = EDGE_CURVE ( 'NONE', #431, #2772, #428, .T. ) ;
#2462 = AXIS2_PLACEMENT_3D ( 'NONE', #1110, #1997, #1750 ) ;
#2463 = DIRECTION ( 'NONE',  ( 0.000000000000000000, 0.000000000000000000, -1.000000000000000000 ) ) ;
#2464 = EDGE_CURVE ( 'NONE', #2550, #1426, #1156, .T. ) ;
#2465 = EDGE_CURVE ( 'NONE', #768, #1860, #730, .T. ) ;
#2466 = ORIENTED_EDGE ( 'NONE', *, *, #1945, .F. ) ;
#2467 = DIRECTION ( 'NONE',  ( 0.000000000000000000, -1.000000000000000000, 0.000000000000000000 ) ) ;
#2468 = DIRECTION ( 'NONE',  ( 0.000000000000000000, 1.000000000000000000, 0.000000000000000000 ) ) ;
#2469 = AXIS2_PLACEMENT_3D ( 'NONE', #835, #1452, #2145 ) ;
#2470 = DIRECTION ( 'NONE',  ( 0.000000000000000000, -1.000000000000000000, 0.000000000000000000 ) ) ;
#2471 = CARTESIAN_POINT ( 'NONE',  ( 0.000000000000000000, 2.000000000000000000, 0.000000000000000000 ) ) ;
#2472 = ORIENTED_EDGE ( 'NONE', *, *, #2595, .T. ) ;
#2473 = EDGE_LOOP ( 'NONE', ( #565, #1098, #2527, #2317 ) ) ;
#2474 = CARTESIAN_POINT ( 'NONE',  ( -7.530337257590308475, 4.450000000000000178, -3.500000000000000000 ) ) ;
#2475 = ORIENTED_EDGE ( 'NONE', *, *, #866, .F. ) ;
#2476 = CARTESIAN_POINT ( 'NONE',  ( 4.979959839195492677, 2.850000000000000089, -1.100000000000000089 ) ) ;
#2477 = CARTESIAN_POINT ( 'NONE',  ( 2.202271554554530830, 2.000000000000000000, 4.599999999999997868 ) ) ;
#2478 = VERTEX_POINT ( 'NONE', #994 ) ;
#2479 = DIRECTION ( 'NONE',  ( -0.000000000000000000, 1.000000000000000000, -0.000000000000000000 ) ) ;
#2480 = CARTESIAN_POINT ( 'NONE',  ( -5.898304841223452222, 2.850000000000000089, 1.100000000000000089 ) ) ;
#2481 = CIRCLE ( 'NONE', #116, 6.000000000000000888 ) ;
#2482 = STYLED_ITEM ( 'NONE', ( #2025 ), #1004 ) ;
#2483 = ORIENTED_EDGE ( 'NONE', *, *, #2045, .F. ) ;
#2484 = EDGE_CURVE ( 'NONE', #1556, #905, #340, .T. ) ;
#2485 = ORIENTED_EDGE ( 'NONE', *, *, #1942, .T. ) ;
#2486 = CARTESIAN_POINT ( 'NONE',  ( 0.000000000000000000, 1.550000000000000044, -6.000000000000000888 ) ) ;
#2487 = ORIENTED_EDGE ( 'NONE', *, *, #2029, .T. ) ;
#2488 = CARTESIAN_POINT ( 'NONE',  ( 4.935818699551347777, 7.349999999999999645, -1.285373505884329193 ) ) ;
#2489 = DIRECTION ( 'NONE',  ( 0.000000000000000000, 1.000000000000000000, 0.000000000000000000 ) ) ;
#2490 = DIRECTION ( 'NONE',  ( 0.000000000000000000, 0.000000000000000000, 1.000000000000000000 ) ) ;
#2491 = CIRCLE ( 'NONE', #2077, 4.132140229723552771 ) ;
#2492 = ORIENTED_EDGE ( 'NONE', *, *, #913, .T. ) ;
#2493 = DIRECTION ( 'NONE',  ( 0.000000000000000000, -1.000000000000000000, 0.000000000000000000 ) ) ;
#2494 = CYLINDRICAL_SURFACE ( 'NONE', #981, 4.950000000000001066 ) ;
#2495 = EDGE_CURVE ( 'NONE', #1556, #1117, #1845, .T. ) ;
#2496 = ORIENTED_EDGE ( 'NONE', *, *, #947, .F. ) ;
#2497 = EDGE_CURVE ( 'NONE', #1724, #214, #277, .T. ) ;
#2498 = ADVANCED_FACE ( 'NONE', ( #948 ), #1614, .T. ) ;
#2499 = ORIENTED_EDGE ( 'NONE', *, *, #2712, .F. ) ;
#2500 = AXIS2_PLACEMENT_3D ( 'NONE', #2609, #2434, #2849 ) ;
#2501 = VECTOR ( 'NONE', #2394, 1000.000000000000000 ) ;
#2502 = B_SPLINE_CURVE_WITH_KNOTS ( 'NONE', 3,
 ( #1235, #1299, #570, #1085, #402, #2195 ),
 .UNSPECIFIED., .F., .F.,
 ( 4, 2, 4 ),
 ( 0.000000000000000000, 0.0001974555831183301240, 0.0003949111662366602479 ),
 .UNSPECIFIED. ) ;
#2503 = DIRECTION ( 'NONE',  ( -0.000000000000000000, 1.000000000000000000, -0.000000000000000000 ) ) ;
#2504 = CIRCLE ( 'NONE', #2036, 0.4000000000000001887 ) ;
#2505 = FACE_OUTER_BOUND ( 'NONE', #731, .T. ) ;
#2506 = CARTESIAN_POINT ( 'NONE',  ( 0.000000000000000000, 1.550000000000000044, 0.000000000000000000 ) ) ;
#2507 = LINE ( 'NONE', #991, #2793 ) ;
#2508 = CARTESIAN_POINT ( 'NONE',  ( -3.799999999999999822, 0.000000000000000000, 0.000000000000000000 ) ) ;
#2509 = ORIENTED_EDGE ( 'NONE', *, *, #656, .F. ) ;
#2510 = FACE_OUTER_BOUND ( 'NONE', #106, .T. ) ;
#2511 = B_SPLINE_CURVE_WITH_KNOTS ( 'NONE', 3,
 ( #2422, #412, #1064, #1080 ),
 .UNSPECIFIED., .F., .F.,
 ( 4, 4 ),
 ( 0.000000000000000000, 0.0006441896274803999775 ),
 .UNSPECIFIED. ) ;
#2512 = CARTESIAN_POINT ( 'NONE',  ( 0.000000000000000000, 1.550000000000000044, 0.000000000000000000 ) ) ;
#2513 = ORIENTED_EDGE ( 'NONE', *, *, #2456, .T. ) ;
#2514 = AXIS2_PLACEMENT_3D ( 'NONE', #759, #1600, #1627 ) ;
#2515 = EDGE_LOOP ( 'NONE', ( #1025, #1819, #1324 ) ) ;
#2516 = DIRECTION ( 'NONE',  ( -0.000000000000000000, 1.000000000000000000, -0.000000000000000000 ) ) ;
#2517 = VECTOR ( 'NONE', #1445, 1000.000000000000000 ) ;
#2518 = VERTEX_POINT ( 'NONE', #1392 ) ;
#2519 = CARTESIAN_POINT ( 'NONE',  ( 4.951801026143146878, 7.324181976462096344, 1.221460777811619103 ) ) ;
#2520 = EDGE_CURVE ( 'NONE', #371, #2820, #553, .T. ) ;
#2521 = DIRECTION ( 'NONE',  ( 1.000000000000000000, 0.000000000000000000, 0.000000000000000000 ) ) ;
#2522 = PLANE ( 'NONE',  #1158 ) ;
#2523 = CARTESIAN_POINT ( 'NONE',  ( 3.709447398198282730, 2.000000000000000000, -3.500000000000000888 ) ) ;
#2524 = VERTEX_POINT ( 'NONE', #864 ) ;
#2525 = LINE ( 'NONE', #528, #1567 ) ;
#2526 = DIRECTION ( 'NONE',  ( 0.000000000000000000, -1.000000000000000000, 0.000000000000000000 ) ) ;
#2527 = ORIENTED_EDGE ( 'NONE', *, *, #1045, .T. ) ;
#2528 = VERTEX_POINT ( 'NONE', #155 ) ;
#2529 = ORIENTED_EDGE ( 'NONE', *, *, #2404, .T. ) ;
#2530 = VERTEX_POINT ( 'NONE', #1737 ) ;
#2531 = CARTESIAN_POINT ( 'NONE',  ( 4.979959839196100191, 7.167107952120536751, 1.099999999999608180 ) ) ;
#2532 = CARTESIAN_POINT ( 'NONE',  ( 3.911299762569066196, 1.853184171012673298, 3.500000000000000000 ) ) ;
#2533 = FACE_OUTER_BOUND ( 'NONE', #1155, .T. ) ;
#2534 = LINE ( 'NONE', #1646, #556 ) ;
#2535 = PRODUCT_DEFINITION_FORMATION_WITH_SPECIFIED_SOURCE ( 'ANY', '', #1965, .NOT_KNOWN. ) ;
#2536 = ORIENTED_EDGE ( 'NONE', *, *, #59, .T. ) ;
#2537 = ORIENTED_EDGE ( 'NONE', *, *, #475, .F. ) ;
#2538 = CARTESIAN_POINT ( 'NONE',  ( -2.500000000000000000, -3.449999999999999734, -2.100000000000000089 ) ) ;
#2539 = DIRECTION ( 'NONE',  ( 0.000000000000000000, 1.000000000000000000, 0.000000000000000000 ) ) ;
#2540 = ADVANCED_BREP_SHAPE_REPRESENTATION ( 'KS-01Q-01', ( #973, #1026, #1996, #58, #1954, #1004, #1653 ), #323 ) ;
#2541 = EDGE_CURVE ( 'NONE', #1385, #1786, #2424, .T. ) ;
#2542 = ORIENTED_EDGE ( 'NONE', *, *, #2020, .T. ) ;
#2543 = EDGE_CURVE ( 'NONE', #2169, #1186, #2502, .T. ) ;
#2544 = VERTEX_POINT ( 'NONE', #200 ) ;
#2545 = ORIENTED_EDGE ( 'NONE', *, *, #2645, .F. ) ;
#2546 = VECTOR ( 'NONE', #2479, 1000.000000000000000 ) ;
#2547 = CYLINDRICAL_SURFACE ( 'NONE', #2656, 0.7000000000000000666 ) ;
#2548 = EDGE_CURVE ( 'NONE', #2108, #527, #1040, .T. ) ;
#2549 = EDGE_CURVE ( 'NONE', #532, #1806, #1955, .T. ) ;
#2550 = VERTEX_POINT ( 'NONE', #2361 ) ;
#2551 = EDGE_CURVE ( 'NONE', #1183, #355, #6, .T. ) ;
#2552 = CARTESIAN_POINT ( 'NONE',  ( -3.799999999999999822, 0.000000000000000000, 0.000000000000000000 ) ) ;
#2553 = CARTESIAN_POINT ( 'NONE',  ( 2.049390153192705011, 5.049999999999999822, 3.949999999999998845 ) ) ;
#2554 = CARTESIAN_POINT ( 'NONE',  ( 5.898304841223452222, 2.850000000000000089, 1.100000000000000089 ) ) ;
#2555 = AXIS2_PLACEMENT_3D ( 'NONE', #421, #1122, #677 ) ;
#2556 = DIRECTION ( 'NONE',  ( -0.000000000000000000, -1.000000000000000000, 0.000000000000000000 ) ) ;
#2557 = EDGE_LOOP ( 'NONE', ( #2281, #2075, #111, #333, #1674, #1262 ) ) ;
#2558 = ORIENTED_EDGE ( 'NONE', *, *, #1882, .T. ) ;
#2559 = CARTESIAN_POINT ( 'NONE',  ( 2.500000000000000000, 1.550000000000000044, 2.500000000000000000 ) ) ;
#2560 = DIRECTION ( 'NONE',  ( 0.000000000000000000, -1.000000000000000000, 0.000000000000000000 ) ) ;
#2561 = VECTOR ( 'NONE', #260, 1000.000000000000000 ) ;
#2562 = VECTOR ( 'NONE', #2382, 1000.000000000000000 ) ;
#2563 = ORIENTED_EDGE ( 'NONE', *, *, #2223, .F. ) ;
#2564 = AXIS2_PLACEMENT_3D ( 'NONE', #1966, #1482, #2376 ) ;
#2565 = ORIENTED_EDGE ( 'NONE', *, *, #825, .T. ) ;
#2566 = AXIS2_PLACEMENT_3D ( 'NONE', #1873, #303, #1645 ) ;
#2567 = EDGE_CURVE ( 'NONE', #2478, #1530, #1453, .T. ) ;
#2568 = SHAPE_DEFINITION_REPRESENTATION ( #1591, #2540 ) ;
#2569 = DIRECTION ( 'NONE',  ( 0.000000000000000000, 0.000000000000000000, 1.000000000000000000 ) ) ;
#2570 = DIRECTION ( 'NONE',  ( 0.000000000000000000, 1.000000000000000000, 0.000000000000000000 ) ) ;
#2571 = CARTESIAN_POINT ( 'NONE',  ( -3.709447398198283175, 4.450000000000000178, 3.500000000000000000 ) ) ;
#2572 = DIRECTION ( 'NONE',  ( 0.000000000000000000, -1.000000000000000000, 0.000000000000000000 ) ) ;
#2573 = ORIENTED_EDGE ( 'NONE', *, *, #121, .T. ) ;
#2574 = ORIENTED_EDGE ( 'NONE', *, *, #2328, .T. ) ;
#2575 = CARTESIAN_POINT ( 'NONE',  ( -4.979959839195492677, 5.049999999999999822, 1.100000000000000089 ) ) ;
#2576 = DIRECTION ( 'NONE',  ( 0.000000000000000000, 0.000000000000000000, 1.000000000000000000 ) ) ;
#2577 = EDGE_LOOP ( 'NONE', ( #313, #2335, #538, #2364 ) ) ;
#2578 = CARTESIAN_POINT ( 'NONE',  ( 2.500000000000000000, 1.550000000000000044, 2.100000000000000089 ) ) ;
#2579 = ORIENTED_EDGE ( 'NONE', *, *, #3, .F. ) ;
#2580 = CLOSED_SHELL ( 'NONE', ( #699, #2163, #2306, #1308, #1760, #97, #19, #87, #2133, #1013, #814, #1850, #914, #474, #2762, #1104, #1364, #1124, #460, #2639, #1449, #1518, #2846, #219, #2722, #521, #1464, #267, #852, #606, #1809, #1247, #1389, #1417, #1516, #1886, #1128, #1727, #305, #1666, #205, #2240, #641, #1212, #1326, #2634, #542, #2156 ) ) ;
#2581 = CIRCLE ( 'NONE', #2809, 4.950000000000001066 ) ;
#2582 = VECTOR ( 'NONE', #249, 1000.000000000000000 ) ;
#2583 = ADVANCED_FACE ( 'NONE', ( #836 ), #1517, .F. ) ;
#2584 = DIRECTION ( 'NONE',  ( -1.000000000000000000, 0.000000000000000000, -0.000000000000000000 ) ) ;
#2585 = CARTESIAN_POINT ( 'NONE',  ( 0.000000000000000000, 2.000000000000000000, 0.000000000000000000 ) ) ;
#2586 = DIRECTION ( 'NONE',  ( -0.000000000000000000, 1.000000000000000000, -0.000000000000000000 ) ) ;
#2587 = DIRECTION ( 'NONE',  ( -0.000000000000000000, 1.000000000000000000, -0.000000000000000000 ) ) ;
#2588 = ORIENTED_EDGE ( 'NONE', *, *, #1640, .T. ) ;
#2589 = EDGE_LOOP ( 'NONE', ( #2791, #1957, #1859, #2312 ) ) ;
#2590 = DIRECTION ( 'NONE',  ( 0.000000000000000000, -1.000000000000000000, 0.000000000000000000 ) ) ;
#2591 = CYLINDRICAL_SURFACE ( 'NONE', #2858, 6.000000000000000888 ) ;
#2592 = VERTEX_POINT ( 'NONE', #1470 ) ;
#2593 = CARTESIAN_POINT ( 'NONE',  ( 0.000000000000000000, 14.34999999999999787, 0.000000000000000000 ) ) ;
#2594 = ORIENTED_EDGE ( 'NONE', *, *, #408, .F. ) ;
#2595 = EDGE_CURVE ( 'NONE', #1717, #905, #1283, .T. ) ;
#2596 = CIRCLE ( 'NONE', #1706, 4.382102153512651199 ) ;
#2597 = EDGE_CURVE ( 'NONE', #2412, #1580, #696, .T. ) ;
#2598 = CARTESIAN_POINT ( 'NONE',  ( 2.500000000000000000, -3.449999999999999734, 2.500000000000000000 ) ) ;
#2599 = CIRCLE ( 'NONE', #1710, 0.4000000000000001887 ) ;
#2600 = CARTESIAN_POINT ( 'NONE',  ( -2.049390153192705011, 5.049999999999999822, 3.949999999999998845 ) ) ;
#2601 = CARTESIAN_POINT ( 'NONE',  ( 0.000000000000000000, 14.09999999999999787, 4.132140229723552771 ) ) ;
#2602 = DIRECTION ( 'NONE',  ( -1.000000000000000000, 0.000000000000000000, -0.000000000000000000 ) ) ;
#2603 = DIRECTION ( 'NONE',  ( -0.000000000000000000, -1.000000000000000000, -0.000000000000000000 ) ) ;
#2604 = ORIENTED_EDGE ( 'NONE', *, *, #1940, .T. ) ;
#2605 = ORIENTED_EDGE ( 'NONE', *, *, #2497, .F. ) ;
#2606 = DIRECTION ( 'NONE',  ( 0.000000000000000000, 1.000000000000000000, 0.000000000000000000 ) ) ;
#2607 = CARTESIAN_POINT ( 'NONE',  ( 5.898304841223452222, 2.850000000000000089, -1.100000000000000089 ) ) ;
#2608 = EDGE_LOOP ( 'NONE', ( #2037, #1865, #2574, #488 ) ) ;
#2609 = CARTESIAN_POINT ( 'NONE',  ( -2.500000000000000000, 1.550000000000000044, -2.500000000000000000 ) ) ;
#2610 = CARTESIAN_POINT ( 'NONE',  ( -5.027922035990616934, 1.550000000000000044, -2.350000000000000089 ) ) ;
#2611 = ORIENTED_EDGE ( 'NONE', *, *, #2668, .F. ) ;
#2612 = VECTOR ( 'NONE', #1661, 1000.000000000000000 ) ;
#2613 = CARTESIAN_POINT ( 'NONE',  ( 0.000000000000000000, 1.550000000000000044, 0.000000000000000000 ) ) ;
#2614 = FACE_OUTER_BOUND ( 'NONE', #1473, .T. ) ;
#2615 = DIRECTION ( 'NONE',  ( -0.000000000000000000, -1.000000000000000000, -0.000000000000000000 ) ) ;
#2616 = CIRCLE ( 'NONE', #1344, 5.100000000000001421 ) ;
#2617 = DIRECTION ( 'NONE',  ( 0.000000000000000000, 1.000000000000000000, 0.000000000000000000 ) ) ;
#2618 = DIRECTION ( 'NONE',  ( 1.000000000000000000, 0.000000000000000000, 0.000000000000000000 ) ) ;
#2619 = ORIENTED_EDGE ( 'NONE', *, *, #700, .F. ) ;
#2620 = EDGE_CURVE ( 'NONE', #768, #2323, #2190, .T. ) ;
#2621 = DIRECTION ( 'NONE',  ( -1.000000000000000000, -0.000000000000000000, -0.000000000000000000 ) ) ;
#2622 = CARTESIAN_POINT ( 'NONE',  ( 4.979959839195492677, 2.850000000000000089, -1.100000000000000089 ) ) ;
#2623 = FACE_OUTER_BOUND ( 'NONE', #1823, .T. ) ;
#2624 = CARTESIAN_POINT ( 'NONE',  ( 4.873397172404483335, 7.349999999999999645, -3.500000000000000000 ) ) ;
#2625 = CARTESIAN_POINT ( 'NONE',  ( -4.873397172404483335, 4.450000000000000178, 3.500000000000000000 ) ) ;
#2626 = CARTESIAN_POINT ( 'NONE',  ( 0.000000000000000000, 2.000000000000000000, 0.000000000000000000 ) ) ;
#2627 = DIRECTION ( 'NONE',  ( 0.000000000000000000, 0.000000000000000000, 1.000000000000000000 ) ) ;
#2628 = DIRECTION ( 'NONE',  ( 0.000000000000000000, -1.000000000000000000, 0.000000000000000000 ) ) ;
#2629 =( GEOMETRIC_REPRESENTATION_CONTEXT ( 3 ) GLOBAL_UNCERTAINTY_ASSIGNED_CONTEXT ( ( #2730 ) ) GLOBAL_UNIT_ASSIGNED_CONTEXT ( ( #158, #1739, #1536 ) ) REPRESENTATION_CONTEXT ( 'NONE', 'WORKASPACE' ) );
#2630 = MECHANICAL_DESIGN_GEOMETRIC_PRESENTATION_REPRESENTATION (  '', ( #579 ), #943 ) ;
#2631 = CARTESIAN_POINT ( 'NONE',  ( 2.500000000000000000, 1.550000000000000044, 2.900000000000000355 ) ) ;
#2632 = DIRECTION ( 'NONE',  ( 0.000000000000000000, 0.000000000000000000, -1.000000000000000000 ) ) ;
#2633 = ORIENTED_EDGE ( 'NONE', *, *, #1684, .F. ) ;
#2634 = ADVANCED_FACE ( 'NONE', ( #1723 ), #1253, .T. ) ;
#2635 = LINE ( 'NONE', #226, #1018 ) ;
#2636 = CARTESIAN_POINT ( 'NONE',  ( -2.049390153192705011, 17.28805540108471916, 3.949999999999998845 ) ) ;
#2637 = CARTESIAN_POINT ( 'NONE',  ( 2.167948338867885738, 4.049999999999999822, 4.449999999999998401 ) ) ;
#2638 = CARTESIAN_POINT ( 'NONE',  ( 0.000000000000000000, 4.450000000000000178, 0.000000000000000000 ) ) ;
#2639 = ADVANCED_FACE ( 'NONE', ( #601 ), #2146, .F. ) ;
#2640 =( NAMED_UNIT ( * ) SI_UNIT ( $, .STERADIAN. ) SOLID_ANGLE_UNIT ( ) );
#2641 = CIRCLE ( 'NONE', #773, 0.4000000000000001887 ) ;
#2642 = CARTESIAN_POINT ( 'NONE',  ( 5.898304841223452222, 2.850000000000000089, -1.100000000000000089 ) ) ;
#2643 = FACE_BOUND ( 'NONE', #105, .T. ) ;
#2644 = LINE ( 'NONE', #648, #888 ) ;
#2645 = EDGE_CURVE ( 'NONE', #1245, #1462, #1902, .T. ) ;
#2646 = ORIENTED_EDGE ( 'NONE', *, *, #40, .T. ) ;
#2647 = SURFACE_STYLE_FILL_AREA ( #605 ) ;
#2648 = CARTESIAN_POINT ( 'NONE',  ( 2.500000000000000000, 1.550000000000000044, 2.500000000000000000 ) ) ;
#2649 = SURFACE_STYLE_FILL_AREA ( #871 ) ;
#2650 = VECTOR ( 'NONE', #886, 1000.000000000000000 ) ;
#2651 = AXIS2_PLACEMENT_3D ( 'NONE', #1884, #2127, #122 ) ;
#2652 = CARTESIAN_POINT ( 'NONE',  ( -4.979959839195491789, 7.099999999999999645, -1.100000000000003864 ) ) ;
#2653 = DIRECTION ( 'NONE',  ( 1.000000000000000000, 0.000000000000000000, 0.000000000000000000 ) ) ;
#2654 = VECTOR ( 'NONE', #216, 1000.000000000000000 ) ;
#2655 = DIRECTION ( 'NONE',  ( 0.000000000000000000, 1.000000000000000000, 0.000000000000000000 ) ) ;
#2656 = AXIS2_PLACEMENT_3D ( 'NONE', #1399, #2516, #2733 ) ;
#2657 = VERTEX_POINT ( 'NONE', #850 ) ;
#2658 = CARTESIAN_POINT ( 'NONE',  ( 5.861167184015116050, 7.350000000002183675, 1.284979510863025309 ) ) ;
#2659 = AXIS2_PLACEMENT_3D ( 'NONE', #1039, #1485, #2602 ) ;
#2660 = ORIENTED_EDGE ( 'NONE', *, *, #1638, .T. ) ;
#2661 = DIRECTION ( 'NONE',  ( -0.000000000000000000, 1.000000000000000000, -0.000000000000000000 ) ) ;
#2662 = FACE_BOUND ( 'NONE', #1560, .T. ) ;
#2663 = CARTESIAN_POINT ( 'NONE',  ( 5.520643078482796895, 4.450000000000000178, 2.350000000000000089 ) ) ;
#2664 = PLANE ( 'NONE',  #516 ) ;
#2665 = VECTOR ( 'NONE', #1590, 1000.000000000000000 ) ;
#2666 = VERTEX_POINT ( 'NONE', #1269 ) ;
#2668 = EDGE_CURVE ( 'NONE', #2164, #828, #2691, .T. ) ;
#2667 = DIRECTION ( 'NONE',  ( 0.000000000000000000, 0.000000000000000000, -1.000000000000000000 ) ) ;
#2669 = EDGE_CURVE ( 'NONE', #2293, #2164, #1486, .T. ) ;
#2670 = EDGE_LOOP ( 'NONE', ( #2318, #2860, #2112, #792 ) ) ;
#2671 = CARTESIAN_POINT ( 'NONE',  ( 5.893232792909426365, 7.231994450799353658, -1.127854760811092927 ) ) ;
#2672 = CYLINDRICAL_SURFACE ( 'NONE', #2555, 4.450000000000360778 ) ;
#2673 = FILL_AREA_STYLE_COLOUR ( '', #860 ) ;
#2674 = VECTOR ( 'NONE', #1947, 1000.000000000000000 ) ;
#2675 = FACE_OUTER_BOUND ( 'NONE', #2670, .T. ) ;
#2676 = CARTESIAN_POINT ( 'NONE',  ( 4.979959839195492677, 5.049999999999999822, -1.100000000000000089 ) ) ;
#2677 = EDGE_CURVE ( 'NONE', #2478, #244, #1671, .T. ) ;
#2678 = VERTEX_POINT ( 'NONE', #477 ) ;
#2679 = ADVANCED_FACE ( 'NONE', ( #1570 ), #455, .T. ) ;
#2680 = ADVANCED_FACE ( 'NONE', ( #21 ), #2692, .F. ) ;
#2681 = CARTESIAN_POINT ( 'NONE',  ( 5.846152580971524237, 7.349999999999999645, 1.350000000000000089 ) ) ;
#2682 = VERTEX_POINT ( 'NONE', #1332 ) ;
#2683 = CARTESIAN_POINT ( 'NONE',  ( 4.979959839195492677, 7.099999999999999645, -1.100000000000000089 ) ) ;
#2684 = CARTESIAN_POINT ( 'NONE',  ( -7.530337257590308475, 1.550000000000000044, -3.500000000000000000 ) ) ;
#2685 = DIRECTION ( 'NONE',  ( 0.000000000000000000, 0.000000000000000000, -1.000000000000000000 ) ) ;
#2686 = AXIS2_PLACEMENT_3D ( 'NONE', #208, #425, #827 ) ;
#2687 = FACE_OUTER_BOUND ( 'NONE', #1331, .T. ) ;
#2688 = ORIENTED_EDGE ( 'NONE', *, *, #510, .F. ) ;
#2689 = ORIENTED_EDGE ( 'NONE', *, *, #1899, .T. ) ;
#2690 = AXIS2_PLACEMENT_3D ( 'NONE', #1419, #2570, #1006 ) ;
#2691 = CIRCLE ( 'NONE', #2090, 6.000000000000000888 ) ;
#2692 = PLANE ( 'NONE',  #971 ) ;
#2693 = ORIENTED_EDGE ( 'NONE', *, *, #1129, .T. ) ;
#2694 = AXIS2_PLACEMENT_3D ( 'NONE', #124, #325, #537 ) ;
#2695 = DIRECTION ( 'NONE',  ( 0.000000000000000000, 0.000000000000000000, 1.000000000000000000 ) ) ;
#2696 = DIRECTION ( 'NONE',  ( 1.000000000000000000, 0.000000000000000000, 0.000000000000000000 ) ) ;
#2697 =( NAMED_UNIT ( * ) PLANE_ANGLE_UNIT ( ) SI_UNIT ( $, .RADIAN. ) );
#2698 = EDGE_CURVE ( 'NONE', #905, #938, #2738, .T. ) ;
#2699 = ORIENTED_EDGE ( 'NONE', *, *, #831, .F. ) ;
#2700 = DIRECTION ( 'NONE',  ( 1.000000000000000000, 0.000000000000000000, 0.000000000000000000 ) ) ;
#2701 = DIRECTION ( 'NONE',  ( 0.000000000000000000, 0.000000000000000000, -1.000000000000000000 ) ) ;
#2702 = ORIENTED_EDGE ( 'NONE', *, *, #2698, .F. ) ;
#2703 = ORIENTED_EDGE ( 'NONE', *, *, #757, .T. ) ;
#2704 = DIRECTION ( 'NONE',  ( 0.000000000000000000, 0.000000000000000000, 1.000000000000000000 ) ) ;
#2705 = ORIENTED_EDGE ( 'NONE', *, *, #350, .F. ) ;
#2706 = EDGE_LOOP ( 'NONE', ( #1587, #95, #1635, #56 ) ) ;
#2707 = DIRECTION ( 'NONE',  ( 0.000000000000000000, 0.000000000000000000, 1.000000000000000000 ) ) ;
#2708 = DIRECTION ( 'NONE',  ( 0.000000000000000000, -1.000000000000000000, 0.000000000000000000 ) ) ;
#2709 = FACE_OUTER_BOUND ( 'NONE', #2307, .T. ) ;
#2710 = EDGE_CURVE ( 'NONE', #284, #1795, #1484, .T. ) ;
#2711 = ORIENTED_EDGE ( 'NONE', *, *, #2549, .F. ) ;
#2712 = EDGE_CURVE ( 'NONE', #710, #1426, #1414, .T. ) ;
#2713 = LINE ( 'NONE', #1327, #1468 ) ;
#2714 = CYLINDRICAL_SURFACE ( 'NONE', #1623, 0.4000000000000001887 ) ;
#2715 = AXIS2_PLACEMENT_3D ( 'NONE', #617, #2836, #209 ) ;
#2716 = VERTEX_POINT ( 'NONE', #893 ) ;
#2717 = ORIENTED_EDGE ( 'NONE', *, *, #2645, .T. ) ;
#2718 = DIRECTION ( 'NONE',  ( 0.000000000000000000, 0.000000000000000000, -1.000000000000000000 ) ) ;
#2719 = CARTESIAN_POINT ( 'NONE',  ( -5.893234547059337913, 7.231911171278366801, -1.127840460667141054 ) ) ;
#2720 = DIRECTION ( 'NONE',  ( -0.000000000000000000, -1.000000000000000000, -0.000000000000000000 ) ) ;
#2721 = DIRECTION ( 'NONE',  ( -0.000000000000000000, 1.000000000000000000, -0.000000000000000000 ) ) ;
#2722 = ADVANCED_FACE ( 'NONE', ( #2449 ), #2218, .F. ) ;
#2723 = AXIS2_PLACEMENT_3D ( 'NONE', #127, #2134, #514 ) ;
#2724 = ORIENTED_EDGE ( 'NONE', *, *, #947, .T. ) ;
#2725 = CARTESIAN_POINT ( 'NONE',  ( 2.397915761656367106, 1.550000000000000044, 5.499999999999998224 ) ) ;
#2726 = CARTESIAN_POINT ( 'NONE',  ( 0.000000000000000000, 0.000000000000000000, 4.250000000000000000 ) ) ;
#2727 = ORIENTED_EDGE ( 'NONE', *, *, #395, .T. ) ;
#2728 = ORIENTED_EDGE ( 'NONE', *, *, #1628, .F. ) ;
#2729 = VECTOR ( 'NONE', #485, 1000.000000000000000 ) ;
#2730 = UNCERTAINTY_MEASURE_WITH_UNIT (LENGTH_MEASURE( 1.000000000000000082E-05 ), #158, 'distance_accuracy_value', 'NONE');
#2731 = VECTOR ( 'NONE', #1067, 1000.000000000000000 ) ;
#2732 = EDGE_CURVE ( 'NONE', #2244, #2137, #1532, .T. ) ;
#2733 = DIRECTION ( 'NONE',  ( 0.000000000000000000, 0.000000000000000000, 1.000000000000000000 ) ) ;
#2734 = CARTESIAN_POINT ( 'NONE',  ( 0.000000000000000000, 1.550000000000000044, 0.000000000000000000 ) ) ;
#2735 = LINE ( 'NONE', #2055, #322 ) ;
#2736 = CARTESIAN_POINT ( 'NONE',  ( 0.000000000000000000, 7.349999999999999645, 0.000000000000000000 ) ) ;
#2737 = CYLINDRICAL_SURFACE ( 'NONE', #1805, 0.4000000000000001887 ) ;
#2738 = CIRCLE ( 'NONE', #1999, 6.000000000000000888 ) ;
#2739 = ORIENTED_EDGE ( 'NONE', *, *, #2548, .F. ) ;
#2740 = CARTESIAN_POINT ( 'NONE',  ( 0.000000000000000000, 4.049999999999999822, -4.950000000000001066 ) ) ;
#2741 = LINE ( 'NONE', #330, #2517 ) ;
#2742 = ORIENTED_EDGE ( 'NONE', *, *, #1731, .F. ) ;
#2743 = ORIENTED_EDGE ( 'NONE', *, *, #2668, .T. ) ;
#2744 = AXIS2_PLACEMENT_3D ( 'NONE', #281, #2106, #114 ) ;
#2745 = EDGE_LOOP ( 'NONE', ( #1057, #1236, #130, #2739 ) ) ;
#2746 = PLANE ( 'NONE',  #1849 ) ;
#2747 = VECTOR ( 'NONE', #1, 1000.000000000000000 ) ;
#2748 = EDGE_LOOP ( 'NONE', ( #2325, #987, #2264 ) ) ;
#2749 = DIRECTION ( 'NONE',  ( -0.000000000000000000, -1.000000000000000000, -0.000000000000000000 ) ) ;
#2750 = CARTESIAN_POINT ( 'NONE',  ( 0.000000000000000000, 2.000000000000000000, 0.000000000000000000 ) ) ;
#2751 = CARTESIAN_POINT ( 'NONE',  ( 0.000000000000000000, 2.949999999999999734, -1.050000000000004041 ) ) ;
#2752 = EDGE_CURVE ( 'NONE', #2518, #2365, #1535, .T. ) ;
#2753 = EDGE_CURVE ( 'NONE', #2365, #694, #1896, .T. ) ;
#2754 = DIRECTION ( 'NONE',  ( 0.000000000000000000, 0.000000000000000000, 1.000000000000000000 ) ) ;
#2755 = ORIENTED_EDGE ( 'NONE', *, *, #483, .T. ) ;
#2756 = EDGE_LOOP ( 'NONE', ( #298, #442 ) ) ;
#2757 = CARTESIAN_POINT ( 'NONE',  ( 0.000000000000000000, 2.949999999999999734, 0.000000000000000000 ) ) ;
#2758 = CARTESIAN_POINT ( 'NONE',  ( -4.973888690031649240, 7.232433914170788292, 1.128146979742028932 ) ) ;
#2759 = VERTEX_POINT ( 'NONE', #256 ) ;
#2760 = ORIENTED_EDGE ( 'NONE', *, *, #1333, .T. ) ;
#2761 = VECTOR ( 'NONE', #584, 1000.000000000000000 ) ;
#2762 = ADVANCED_FACE ( 'NONE', ( #2256 ), #29, .F. ) ;
#2763 = ORIENTED_EDGE ( 'NONE', *, *, #1293, .T. ) ;
#2764 = ADVANCED_FACE ( 'NONE', ( #1323 ), #223, .T. ) ;
#2765 = CARTESIAN_POINT ( 'NONE',  ( 4.526311964502669483, 4.450000000000000178, 2.350000000000000089 ) ) ;
#2766 = ORIENTED_EDGE ( 'NONE', *, *, #1415, .T. ) ;
#2767 = CARTESIAN_POINT ( 'NONE',  ( 4.526311964502669483, 4.450000000000000178, -2.350000000000000089 ) ) ;
#2768 = CARTESIAN_POINT ( 'NONE',  ( 4.873397172404484223, 1.550000000000000044, -3.500000000000000000 ) ) ;
#2769 = CARTESIAN_POINT ( 'NONE',  ( -2.500000000000000000, -3.449999999999999734, -2.500000000000000000 ) ) ;
#2770 = LINE ( 'NONE', #790, #2093 ) ;
#2771 = ORIENTED_EDGE ( 'NONE', *, *, #1970, .F. ) ;
#2772 = VERTEX_POINT ( 'NONE', #1120 ) ;
#2773 = CARTESIAN_POINT ( 'NONE',  ( -5.520643078482796895, 1.550000000000000044, 2.350000000000000089 ) ) ;
#2774 = CARTESIAN_POINT ( 'NONE',  ( 0.000000000000000000, 4.450000000000000178, 0.000000000000000000 ) ) ;
#2775 = COLOUR_RGB ( '',0.7921568627450980005, 0.8196078431372548767, 0.9333333333333333481 ) ;
#2776 = ORIENTED_EDGE ( 'NONE', *, *, #28, .T. ) ;
#2777 = ORIENTED_EDGE ( 'NONE', *, *, #1940, .F. ) ;
#2778 = CARTESIAN_POINT ( 'NONE',  ( 4.918078893226500270, 7.349999999999999645, 1.350000000000000089 ) ) ;
#2779 = CARTESIAN_POINT ( 'NONE',  ( -5.027922035990616934, 1.550000000000000044, -2.350000000000000089 ) ) ;
#2780 = FACE_OUTER_BOUND ( 'NONE', #2589, .T. ) ;
#2781 = AXIS2_PLACEMENT_3D ( 'NONE', #2873, #24, #448 ) ;
#2782 = DIRECTION ( 'NONE',  ( 0.000000000000000000, 1.000000000000000000, 0.000000000000000000 ) ) ;
#2783 = ORIENTED_EDGE ( 'NONE', *, *, #1045, .F. ) ;
#2784 = ORIENTED_EDGE ( 'NONE', *, *, #1002, .T. ) ;
#2785 = DIRECTION ( 'NONE',  ( -1.000000000000000000, -0.000000000000000000, -0.000000000000000000 ) ) ;
#2786 = CARTESIAN_POINT ( 'NONE',  ( 5.520643078482796895, 1.550000000000000044, 2.350000000000000089 ) ) ;
#2787 = AXIS2_PLACEMENT_3D ( 'NONE', #2397, #2411, #1099 ) ;
#2788 = B_SPLINE_CURVE_WITH_KNOTS ( 'NONE', 3,
 ( #779, #1665, #1906, #144 ),
 .UNSPECIFIED., .F., .F.,
 ( 4, 4 ),
 ( 0.008328011382463470363, 0.009539457011047317025 ),
 .UNSPECIFIED. ) ;
#2789 = VERTEX_POINT ( 'NONE', #2243 ) ;
#2790 = CIRCLE ( 'NONE', #2047, 5.640203830924097161 ) ;
#2791 = ORIENTED_EDGE ( 'NONE', *, *, #1383, .T. ) ;
#2792 = EDGE_CURVE ( 'NONE', #1416, #1648, #2017, .T. ) ;
#2793 = VECTOR ( 'NONE', #276, 1000.000000000000000 ) ;
#2794 = DIRECTION ( 'NONE',  ( 0.000000000000000000, 0.000000000000000000, 1.000000000000000000 ) ) ;
#2795 = DIRECTION ( 'NONE',  ( -1.000000000000000000, -0.000000000000000000, -0.000000000000000000 ) ) ;
#2796 = CARTESIAN_POINT ( 'NONE',  ( -4.526311964502669483, 4.450000000000000178, 2.350000000000000089 ) ) ;
#2797 = CARTESIAN_POINT ( 'NONE',  ( -7.530337257590308475, 4.450000000000000178, 3.500000000000000000 ) ) ;
#2798 = VERTEX_POINT ( 'NONE', #915 ) ;
#2799 = ORIENTED_EDGE ( 'NONE', *, *, #1732, .F. ) ;
#2800 = CARTESIAN_POINT ( 'NONE',  ( -2.500000000000000000, 1.550000000000000044, 2.500000000000000000 ) ) ;
#2801 = CARTESIAN_POINT ( 'NONE',  ( 0.000000000000000000, -3.449999999999999734, 3.649999999999999911 ) ) ;
#2802 = EDGE_CURVE ( 'NONE', #375, #2412, #1794, .T. ) ;
#2803 = EDGE_CURVE ( 'NONE', #1259, #2352, #2644, .T. ) ;
#2804 = ORIENTED_EDGE ( 'NONE', *, *, #2285, .F. ) ;
#2805 = DIRECTION ( 'NONE',  ( -0.000000000000000000, 1.000000000000000000, -0.000000000000000000 ) ) ;
#2806 = VERTEX_POINT ( 'NONE', #769 ) ;
#2807 = AXIS2_PLACEMENT_3D ( 'NONE', #1310, #1481, #1911 ) ;
#2808 = DIRECTION ( 'NONE',  ( 0.000000000000000000, 1.000000000000000000, 0.000000000000000000 ) ) ;
#2809 = AXIS2_PLACEMENT_3D ( 'NONE', #1474, #2606, #1725 ) ;
#2810 = DIRECTION ( 'NONE',  ( -0.000000000000000000, 1.000000000000000000, -0.000000000000000000 ) ) ;
#2811 = CARTESIAN_POINT ( 'NONE',  ( 2.500000000000000000, -3.449999999999999734, 2.500000000000000000 ) ) ;
#2812 = DIRECTION ( 'NONE',  ( 0.000000000000000000, -0.000000000000000000, -1.000000000000000000 ) ) ;
#2813 = CARTESIAN_POINT ( 'NONE',  ( 5.520643078482796895, 7.349999999999999645, 2.350000000000000089 ) ) ;
#2814 = ORIENTED_EDGE ( 'NONE', *, *, #2698, .T. ) ;
#2815 = EDGE_LOOP ( 'NONE', ( #463, #1181, #80, #1519 ) ) ;
#2816 = CARTESIAN_POINT ( 'NONE',  ( 0.000000000000000000, 2.000000000000000000, 0.000000000000000000 ) ) ;
#2817 = ORIENTED_EDGE ( 'NONE', *, *, #2339, .T. ) ;
#2818 = CYLINDRICAL_SURFACE ( 'NONE', #364, 0.6000000000000003109 ) ;
#2819 = DIRECTION ( 'NONE',  ( 0.000000000000000000, -1.000000000000000000, 0.000000000000000000 ) ) ;
#2820 = VERTEX_POINT ( 'NONE', #2486 ) ;
#2821 = AXIS2_PLACEMENT_3D ( 'NONE', #113, #1682, #1632 ) ;
#2822 = PRESENTATION_LAYER_ASSIGNMENT (  '', '', ( #1187 ) ) ;
#2823 = ADVANCED_FACE ( 'NONE', ( #490 ), #2547, .T. ) ;
#2824 = CONICAL_SURFACE ( 'NONE', #1063, 5.640203830924097161, 0.6108652381980167467 ) ;
#2825 = CARTESIAN_POINT ( 'NONE',  ( -2.500000000000000000, -3.449999999999999734, 2.500000000000000000 ) ) ;
#2826 = CARTESIAN_POINT ( 'NONE',  ( -5.520643078482796895, 7.349999999999999645, -2.350000000000000089 ) ) ;
#2827 = FACE_OUTER_BOUND ( 'NONE', #1765, .T. ) ;
#2828 = DIRECTION ( 'NONE',  ( 0.000000000000000000, 0.000000000000000000, 1.000000000000000000 ) ) ;
#2829 = ORIENTED_EDGE ( 'NONE', *, *, #2274, .F. ) ;
#2830 = FILL_AREA_STYLE_COLOUR ( '', #2775 ) ;
#2831 = DIRECTION ( 'NONE',  ( 0.000000000000000000, -0.000000000000000000, -1.000000000000000000 ) ) ;
#2832 = PLANE ( 'NONE',  #2034 ) ;
#2833 = CARTESIAN_POINT ( 'NONE',  ( 0.000000000000000000, 4.450000000000000178, 0.000000000000000000 ) ) ;
#2834 = VECTOR ( 'NONE', #1223, 1000.000000000000000 ) ;
#2835 = CIRCLE ( 'NONE', #1721, 0.6000000000000003109 ) ;
#2836 = DIRECTION ( 'NONE',  ( 0.000000000000000000, -1.000000000000000000, 0.000000000000000000 ) ) ;
#2837 = VECTOR ( 'NONE', #1055, 1000.000000000000000 ) ;
#2838 = CARTESIAN_POINT ( 'NONE',  ( 0.000000000000000000, 7.349999999999999645, -6.000000000000000888 ) ) ;
#2839 = CARTESIAN_POINT ( 'NONE',  ( -7.530337257590308475, 4.450000000000000178, -2.350000000000000089 ) ) ;
#2840 = AXIS2_PLACEMENT_3D ( 'NONE', #984, #765, #1878 ) ;
#2841 = DIRECTION ( 'NONE',  ( 0.000000000000000000, 0.000000000000000000, -1.000000000000000000 ) ) ;
#2842 = DIRECTION ( 'NONE',  ( 0.000000000000000000, 0.000000000000000000, -1.000000000000000000 ) ) ;
#2843 = ORIENTED_EDGE ( 'NONE', *, *, #349, .T. ) ;
#2844 = CARTESIAN_POINT ( 'NONE',  ( -5.027922035990616934, 1.550000000000000044, 2.350000000000000089 ) ) ;
#2845 = DIRECTION ( 'NONE',  ( 0.000000000000000000, -1.000000000000000000, 0.000000000000000000 ) ) ;
#2846 = ADVANCED_FACE ( 'NONE', ( #2080 ), #1339, .F. ) ;
#2847 = SURFACE_STYLE_USAGE ( .BOTH. , #1960 ) ;
#2848 = EDGE_CURVE ( 'NONE', #2203, #177, #285, .T. ) ;
#2849 = DIRECTION ( 'NONE',  ( 0.000000000000000000, 0.000000000000000000, 1.000000000000000000 ) ) ;
#2850 = FACE_OUTER_BOUND ( 'NONE', #712, .T. ) ;
#2851 = EDGE_CURVE ( 'NONE', #670, #2524, #145, .T. ) ;
#2852 = DIRECTION ( 'NONE',  ( 0.000000000000000000, 0.000000000000000000, -1.000000000000000000 ) ) ;
#2853 = ADVANCED_FACE ( 'NONE', ( #1868 ), #2746, .T. ) ;
#2854 = VERTEX_POINT ( 'NONE', #2765 ) ;
#2855 = CARTESIAN_POINT ( 'NONE',  ( 0.000000000000000000, 4.049999999999999822, -4.950000000000001066 ) ) ;
#2856 = CARTESIAN_POINT ( 'NONE',  ( -5.898304841223452222, 7.099999999999999645, -1.100000000000000089 ) ) ;
#2857 = AXIS2_PLACEMENT_3D ( 'NONE', #1388, #550, #2569 ) ;
#2858 = AXIS2_PLACEMENT_3D ( 'NONE', #128, #574, #627 ) ;
#2859 = DIRECTION ( 'NONE',  ( 0.000000000000000000, -1.000000000000000000, 0.000000000000000000 ) ) ;
#2860 = ORIENTED_EDGE ( 'NONE', *, *, #1125, .F. ) ;
#2861 = CARTESIAN_POINT ( 'NONE',  ( 0.000000000000000000, 14.34999999999999787, 0.000000000000000000 ) ) ;
#2862 = CARTESIAN_POINT ( 'NONE',  ( -2.397915761656367994, 1.550000000000000044, 5.499999999999998224 ) ) ;
#2863 =( LENGTH_UNIT ( ) NAMED_UNIT ( * ) SI_UNIT ( .MILLI., .METRE. ) );
#2864 = DIRECTION ( 'NONE',  ( 0.000000000000000000, -1.000000000000000000, 0.000000000000000000 ) ) ;
#2865 = CARTESIAN_POINT ( 'NONE',  ( 2.202271554554530830, 5.049999999999999822, 4.599999999999997868 ) ) ;
#2866 = ADVANCED_FACE ( 'NONE', ( #318 ), #939, .T. ) ;
#2867 = PLANE ( 'NONE',  #2443 ) ;
#2868 = VECTOR ( 'NONE', #2014, 1000.000000000000000 ) ;
#2869 = VERTEX_POINT ( 'NONE', #1435 ) ;
#2870 = CARTESIAN_POINT ( 'NONE',  ( 0.000000000000000000, 4.049999999999999822, 0.000000000000000000 ) ) ;
#2871 = VERTEX_POINT ( 'NONE', #2329 ) ;
#2872 = CARTESIAN_POINT ( 'NONE',  ( -3.799999999999999822, 1.550000000000000044, 0.000000000000000000 ) ) ;
#2873 = CARTESIAN_POINT ( 'NONE',  ( -7.530337257590308475, 4.450000000000000178, -2.350000000000000089 ) ) ;
#2874 = DIRECTION ( 'NONE',  ( 0.000000000000000000, -1.000000000000000000, 0.000000000000000000 ) ) ;
#2875 = VECTOR ( 'NONE', #25, 1000.000000000000000 ) ;
#2876 = AXIS2_PLACEMENT_3D ( 'NONE', #1929, #1735, #1297 ) ;
#2877 = CARTESIAN_POINT ( 'NONE',  ( -5.541606198059444210, 2.949999999999999734, 1.050000000000004041 ) ) ;
ENDSEC;
END-ISO-10303-21;
