ISO-10303-21;
HEADER;
/* Generated by software containing ST-Developer
 * from STEP Tools, Inc. (www.steptools.com) 
 */

FILE_DESCRIPTION(
/* description */ ('MINIATURE PUSHBUTTON'),
/* implementation_level */ '2;1');

FILE_NAME(
/* name */ 'Y:\\Drawings, 3D Files\\CIT\\Switches\\NC\\NCE2.stp',
/* time_stamp */ '2024-08-30T09:14:26-05:00',
/* author */ ('cnher'),
/* organization */ (''),
/* preprocessor_version */ 'ST-DEVELOPER v19',
/* originating_system */ 'Autodesk Inventor 2023',
/* authorisation */ '');

FILE_SCHEMA (('AUTOMOTIVE_DESIGN { 1 0 10303 214 3 1 1 }'));
ENDSEC;

DATA;
#10=MECHANICAL_DESIGN_GEOMETRIC_PRESENTATION_REPRESENTATION('',(#4801,#4802,
#4803,#4804,#4805),#9112);
#11=ITEM_DEFINED_TRANSFORMATION($,$,#5201,#5711);
#12=ITEM_DEFINED_TRANSFORMATION($,$,#5409,#5712);
#13=ITEM_DEFINED_TRANSFORMATION($,$,#5409,#5713);
#14=ITEM_DEFINED_TRANSFORMATION($,$,#5428,#5714);
#15=(
REPRESENTATION_RELATIONSHIP($,$,#9130,#9129)
REPRESENTATION_RELATIONSHIP_WITH_TRANSFORMATION(#11)
SHAPE_REPRESENTATION_RELATIONSHIP()
);
#16=(
REPRESENTATION_RELATIONSHIP($,$,#9131,#9129)
REPRESENTATION_RELATIONSHIP_WITH_TRANSFORMATION(#12)
SHAPE_REPRESENTATION_RELATIONSHIP()
);
#17=(
REPRESENTATION_RELATIONSHIP($,$,#9131,#9129)
REPRESENTATION_RELATIONSHIP_WITH_TRANSFORMATION(#13)
SHAPE_REPRESENTATION_RELATIONSHIP()
);
#18=(
REPRESENTATION_RELATIONSHIP($,$,#9132,#9129)
REPRESENTATION_RELATIONSHIP_WITH_TRANSFORMATION(#14)
SHAPE_REPRESENTATION_RELATIONSHIP()
);
#19=CONTEXT_DEPENDENT_SHAPE_REPRESENTATION(#15,#9125);
#20=CONTEXT_DEPENDENT_SHAPE_REPRESENTATION(#16,#9126);
#21=CONTEXT_DEPENDENT_SHAPE_REPRESENTATION(#17,#9127);
#22=CONTEXT_DEPENDENT_SHAPE_REPRESENTATION(#18,#9128);
#23=NEXT_ASSEMBLY_USAGE_OCCURRENCE('Body:1','Body:1','Body:1',#9134,#9135,
'Body:1');
#24=NEXT_ASSEMBLY_USAGE_OCCURRENCE('Terminal:1','Terminal:1',
'Terminal:1',#9134,#9136,'Terminal:1');
#25=NEXT_ASSEMBLY_USAGE_OCCURRENCE('Terminal:2','Terminal:2',
'Terminal:2',#9134,#9136,'Terminal:2');
#26=NEXT_ASSEMBLY_USAGE_OCCURRENCE('Actuator E:1','Actuator E:1',
'Actuator E:1',#9134,#9137,'Actuator E:1');
#27=ELLIPSE('',#5483,0.0707106781186544,0.05);
#28=ELLIPSE('',#5486,0.0707106781186544,0.05);
#29=ELLIPSE('',#5488,0.0707106781186546,0.05);
#30=ELLIPSE('',#5490,0.0707106781186549,0.05);
#31=ELLIPSE('',#5582,0.0707106781186544,0.05);
#32=ELLIPSE('',#5585,0.0707106781186544,0.05);
#33=ELLIPSE('',#5592,0.0707106781186546,0.05);
#34=ELLIPSE('',#5594,0.0707106781186549,0.05);
#35=ELLIPSE('',#5597,0.0707106781186547,0.05);
#36=ELLIPSE('',#5599,0.0707106781186546,0.05);
#37=ELLIPSE('',#5601,0.070710678118655,0.05);
#38=ELLIPSE('',#5603,0.070710678118655,0.05);
#39=ELLIPSE('',#5632,0.0707106781186548,0.05);
#40=ELLIPSE('',#5644,0.0707106781186548,0.05);
#41=ELLIPSE('',#5666,0.0707106781186548,0.05);
#42=ELLIPSE('',#5670,0.14142135623731,0.1);
#43=ELLIPSE('',#5682,0.0707106781186548,0.05);
#44=ELLIPSE('',#5685,0.0707106781186547,0.05);
#45=ELLIPSE('',#5691,0.0707106781186548,0.05);
#46=ELLIPSE('',#5693,0.0707106781186547,0.05);
#47=(
BOUNDED_SURFACE()
B_SPLINE_SURFACE(2,2,((#8270,#8271,#8272),(#8273,#8274,#8275),(#8276,#8277,
#8278)),.UNSPECIFIED.,.F.,.F.,.F.)
B_SPLINE_SURFACE_WITH_KNOTS((3,3),(3,3),(-1.5707963267949,0.),(1.5707963267949,
3.14159265358979),.UNSPECIFIED.)
GEOMETRIC_REPRESENTATION_ITEM()
RATIONAL_B_SPLINE_SURFACE(((1.,0.707106781186548,1.),(0.70710678118655,
0.500000000000002,0.70710678118655),(1.,0.707106781186548,1.)))
REPRESENTATION_ITEM('')
SURFACE()
);
#48=(
BOUNDED_SURFACE()
B_SPLINE_SURFACE(2,2,((#8296,#8297,#8298),(#8299,#8300,#8301),(#8302,#8303,
#8304)),.UNSPECIFIED.,.F.,.F.,.F.)
B_SPLINE_SURFACE_WITH_KNOTS((3,3),(3,3),(-1.57079632679489,1.11022302462515E-14),
(0.,1.5707963267949),.UNSPECIFIED.)
GEOMETRIC_REPRESENTATION_ITEM()
RATIONAL_B_SPLINE_SURFACE(((1.,0.707106781186546,1.),(0.707106781186555,
0.500000000000004,0.707106781186555),(1.,0.707106781186546,1.)))
REPRESENTATION_ITEM('')
SURFACE()
);
#49=(
BOUNDED_SURFACE()
B_SPLINE_SURFACE(2,2,((#8329,#8330,#8331),(#8332,#8333,#8334),(#8335,#8336,
#8337)),.UNSPECIFIED.,.F.,.F.,.F.)
B_SPLINE_SURFACE_WITH_KNOTS((3,3),(3,3),(-1.5707963267949,0.),(-1.5707963267949,
0.),.UNSPECIFIED.)
GEOMETRIC_REPRESENTATION_ITEM()
RATIONAL_B_SPLINE_SURFACE(((1.,0.707106781186548,1.),(0.707106781186561,
0.50000000000001,0.707106781186561),(1.,0.707106781186548,1.)))
REPRESENTATION_ITEM('')
SURFACE()
);
#50=(
BOUNDED_SURFACE()
B_SPLINE_SURFACE(2,2,((#8355,#8356,#8357),(#8358,#8359,#8360),(#8361,#8362,
#8363)),.UNSPECIFIED.,.F.,.F.,.F.)
B_SPLINE_SURFACE_WITH_KNOTS((3,3),(3,3),(0.,1.5707963267949),(-1.5707963267949,
0.),.UNSPECIFIED.)
GEOMETRIC_REPRESENTATION_ITEM()
RATIONAL_B_SPLINE_SURFACE(((1.,0.707106781186548,1.),(0.707106781186561,
0.50000000000001,0.707106781186561),(1.,0.707106781186548,1.)))
REPRESENTATION_ITEM('')
SURFACE()
);
#51=(
BOUNDED_SURFACE()
B_SPLINE_SURFACE(2,2,((#8533,#8534,#8535),(#8536,#8537,#8538),(#8539,#8540,
#8541)),.UNSPECIFIED.,.F.,.F.,.F.)
B_SPLINE_SURFACE_WITH_KNOTS((3,3),(3,3),(0.,1.5707963267949),(1.5707963267949,
3.14159265358979),.UNSPECIFIED.)
GEOMETRIC_REPRESENTATION_ITEM()
RATIONAL_B_SPLINE_SURFACE(((1.,0.707106781186548,1.),(0.70710678118655,
0.500000000000002,0.70710678118655),(1.,0.707106781186548,1.)))
REPRESENTATION_ITEM('')
SURFACE()
);
#52=(
BOUNDED_SURFACE()
B_SPLINE_SURFACE(2,2,((#8560,#8561,#8562),(#8563,#8564,#8565),(#8566,#8567,
#8568)),.UNSPECIFIED.,.F.,.F.,.F.)
B_SPLINE_SURFACE_WITH_KNOTS((3,3),(3,3),(0.,1.5707963267949),(0.,1.5707963267949),
 .UNSPECIFIED.)
GEOMETRIC_REPRESENTATION_ITEM()
RATIONAL_B_SPLINE_SURFACE(((1.,0.707106781186548,1.),(0.707106781186561,
0.50000000000001,0.707106781186561),(1.,0.707106781186548,1.)))
REPRESENTATION_ITEM('')
SURFACE()
);
#53=(
BOUNDED_SURFACE()
B_SPLINE_SURFACE(2,2,((#8577,#8578,#8579),(#8580,#8581,#8582),(#8583,#8584,
#8585)),.UNSPECIFIED.,.F.,.F.,.F.)
B_SPLINE_SURFACE_WITH_KNOTS((3,3),(3,3),(-1.5707963267949,0.),(1.5707963267949,
3.14159265358979),.UNSPECIFIED.)
GEOMETRIC_REPRESENTATION_ITEM()
RATIONAL_B_SPLINE_SURFACE(((1.,0.707106781186548,1.),(0.70710678118655,
0.500000000000002,0.70710678118655),(1.,0.707106781186548,1.)))
REPRESENTATION_ITEM('')
SURFACE()
);
#54=(
BOUNDED_SURFACE()
B_SPLINE_SURFACE(2,2,((#8616,#8617,#8618),(#8619,#8620,#8621),(#8622,#8623,
#8624)),.UNSPECIFIED.,.F.,.F.,.F.)
B_SPLINE_SURFACE_WITH_KNOTS((3,3),(3,3),(-2.54923501722061E-14,1.5707963267949),
(-1.5707963267949,0.),.UNSPECIFIED.)
GEOMETRIC_REPRESENTATION_ITEM()
RATIONAL_B_SPLINE_SURFACE(((1.,0.707106781186548,1.),(0.707106781186499,
0.499999999999965,0.707106781186499),(1.,0.707106781186548,1.)))
REPRESENTATION_ITEM('')
SURFACE()
);
#55=(
BOUNDED_SURFACE()
B_SPLINE_SURFACE(2,2,((#8633,#8634,#8635),(#8636,#8637,#8638),(#8639,#8640,
#8641)),.UNSPECIFIED.,.F.,.F.,.F.)
B_SPLINE_SURFACE_WITH_KNOTS((3,3),(3,3),(-1.57079632679489,1.11022302462515E-14),
(-2.7755575615629E-15,1.5707963267949),.UNSPECIFIED.)
GEOMETRIC_REPRESENTATION_ITEM()
RATIONAL_B_SPLINE_SURFACE(((1.,0.707106781186545,1.),(0.70710678118656,
0.500000000000006,0.70710678118656),(1.,0.707106781186545,1.)))
REPRESENTATION_ITEM('')
SURFACE()
);
#56=(
BOUNDED_SURFACE()
B_SPLINE_SURFACE(2,2,((#8656,#8657,#8658),(#8659,#8660,#8661),(#8662,#8663,
#8664)),.UNSPECIFIED.,.F.,.F.,.F.)
B_SPLINE_SURFACE_WITH_KNOTS((3,3),(3,3),(0.,1.5707963267949),(-3.14159265358979,
-1.5707963267949),.UNSPECIFIED.)
GEOMETRIC_REPRESENTATION_ITEM()
RATIONAL_B_SPLINE_SURFACE(((1.,0.707106781186548,1.),(0.707106781186561,
0.50000000000001,0.707106781186561),(1.,0.707106781186548,1.)))
REPRESENTATION_ITEM('')
SURFACE()
);
#57=(
BOUNDED_SURFACE()
B_SPLINE_SURFACE(2,2,((#8680,#8681,#8682),(#8683,#8684,#8685),(#8686,#8687,
#8688)),.UNSPECIFIED.,.F.,.F.,.F.)
B_SPLINE_SURFACE_WITH_KNOTS((3,3),(3,3),(-1.5707963267949,0.),(-1.5707963267949,
0.),.UNSPECIFIED.)
GEOMETRIC_REPRESENTATION_ITEM()
RATIONAL_B_SPLINE_SURFACE(((1.,0.707106781186548,1.),(0.707106781186561,
0.50000000000001,0.707106781186561),(1.,0.707106781186548,1.)))
REPRESENTATION_ITEM('')
SURFACE()
);
#58=(
BOUNDED_SURFACE()
B_SPLINE_SURFACE(2,2,((#8703,#8704,#8705),(#8706,#8707,#8708),(#8709,#8710,
#8711)),.UNSPECIFIED.,.F.,.F.,.F.)
B_SPLINE_SURFACE_WITH_KNOTS((3,3),(3,3),(-2.34523147120118E-15,1.5707963267949),
(-1.5707963267949,0.),.UNSPECIFIED.)
GEOMETRIC_REPRESENTATION_ITEM()
RATIONAL_B_SPLINE_SURFACE(((1.,0.707106781186548,1.),(0.707106781186561,
0.50000000000001,0.707106781186561),(1.,0.707106781186548,1.)))
REPRESENTATION_ITEM('')
SURFACE()
);
#59=(
BOUNDED_SURFACE()
B_SPLINE_SURFACE(2,2,((#8832,#8833,#8834),(#8835,#8836,#8837),(#8838,#8839,
#8840)),.UNSPECIFIED.,.F.,.F.,.F.)
B_SPLINE_SURFACE_WITH_KNOTS((3,3),(3,3),(0.,1.5707963267949),(1.5707963267949,
3.14159265358979),.UNSPECIFIED.)
GEOMETRIC_REPRESENTATION_ITEM()
RATIONAL_B_SPLINE_SURFACE(((1.,0.707106781186548,1.),(0.70710678118655,
0.500000000000002,0.70710678118655),(1.,0.707106781186548,1.)))
REPRESENTATION_ITEM('')
SURFACE()
);
#60=(
BOUNDED_SURFACE()
B_SPLINE_SURFACE(2,2,((#8849,#8850,#8851),(#8852,#8853,#8854),(#8855,#8856,
#8857)),.UNSPECIFIED.,.F.,.F.,.F.)
B_SPLINE_SURFACE_WITH_KNOTS((3,3),(3,3),(0.,1.5707963267949),(0.,1.5707963267949),
 .UNSPECIFIED.)
GEOMETRIC_REPRESENTATION_ITEM()
RATIONAL_B_SPLINE_SURFACE(((1.,0.707106781186548,1.),(0.707106781186561,
0.50000000000001,0.707106781186561),(1.,0.707106781186548,1.)))
REPRESENTATION_ITEM('')
SURFACE()
);
#61=(
BOUNDED_SURFACE()
B_SPLINE_SURFACE(2,2,((#8902,#8903,#8904),(#8905,#8906,#8907),(#8908,#8909,
#8910)),.UNSPECIFIED.,.F.,.F.,.F.)
B_SPLINE_SURFACE_WITH_KNOTS((3,3),(3,3),(-1.57079632679492,0.),(0.,1.5707963267949),
 .UNSPECIFIED.)
GEOMETRIC_REPRESENTATION_ITEM()
RATIONAL_B_SPLINE_SURFACE(((1.,0.707106781186548,1.),(0.707106781186532,
0.499999999999989,0.707106781186532),(1.,0.707106781186548,1.)))
REPRESENTATION_ITEM('')
SURFACE()
);
#62=(
BOUNDED_SURFACE()
B_SPLINE_SURFACE(2,2,((#8925,#8926,#8927),(#8928,#8929,#8930),(#8931,#8932,
#8933)),.UNSPECIFIED.,.F.,.F.,.F.)
B_SPLINE_SURFACE_WITH_KNOTS((3,3),(3,3),(0.,1.5707963267949),(-3.14159265358979,
-1.5707963267949),.UNSPECIFIED.)
GEOMETRIC_REPRESENTATION_ITEM()
RATIONAL_B_SPLINE_SURFACE(((1.,0.707106781186548,1.),(0.707106781186561,
0.50000000000001,0.707106781186561),(1.,0.707106781186548,1.)))
REPRESENTATION_ITEM('')
SURFACE()
);
#63=(
BOUNDED_SURFACE()
B_SPLINE_SURFACE(2,2,((#8973,#8974,#8975),(#8976,#8977,#8978),(#8979,#8980,
#8981)),.UNSPECIFIED.,.F.,.F.,.F.)
B_SPLINE_SURFACE_WITH_KNOTS((3,3),(3,3),(-2.77555756156295E-15,1.57079632679493),
(0.,1.5707963267949),.UNSPECIFIED.)
GEOMETRIC_REPRESENTATION_ITEM()
RATIONAL_B_SPLINE_SURFACE(((1.,0.707106781186548,1.),(0.707106781186567,
0.500000000000014,0.707106781186567),(1.,0.707106781186548,1.)))
REPRESENTATION_ITEM('')
SURFACE()
);
#64=TOROIDAL_SURFACE('',#5433,0.1,0.05);
#65=TOROIDAL_SURFACE('',#5477,0.1,0.05);
#66=TOROIDAL_SURFACE('',#5523,0.1,0.05);
#67=TOROIDAL_SURFACE('',#5562,0.1,0.05);
#68=TOROIDAL_SURFACE('',#5569,0.1,0.05);
#69=TOROIDAL_SURFACE('',#5577,0.1,0.05);
#70=TOROIDAL_SURFACE('',#5654,0.1,0.05);
#71=TOROIDAL_SURFACE('',#5676,0.1,0.05);
#72=SHAPE_REPRESENTATION_RELATIONSHIP('SRR','None',#9130,#75);
#73=SHAPE_REPRESENTATION_RELATIONSHIP('SRR','None',#9131,#76);
#74=SHAPE_REPRESENTATION_RELATIONSHIP('SRR','None',#9132,#77);
#75=ADVANCED_BREP_SHAPE_REPRESENTATION('',(#78),#9109);
#76=ADVANCED_BREP_SHAPE_REPRESENTATION('',(#79),#9110);
#77=ADVANCED_BREP_SHAPE_REPRESENTATION('',(#80),#9111);
#78=MANIFOLD_SOLID_BREP('Solid1',#5100);
#79=MANIFOLD_SOLID_BREP('Solid1',#5101);
#80=MANIFOLD_SOLID_BREP('Solid1',#5102);
#81=FACE_BOUND('',#795,.T.);
#82=FACE_BOUND('',#798,.T.);
#83=FACE_BOUND('',#826,.T.);
#84=FACE_BOUND('',#827,.T.);
#85=FACE_BOUND('',#828,.T.);
#86=FACE_BOUND('',#829,.T.);
#87=FACE_BOUND('',#830,.T.);
#88=FACE_BOUND('',#831,.T.);
#89=FACE_BOUND('',#832,.T.);
#90=FACE_BOUND('',#833,.T.);
#91=FACE_BOUND('',#834,.T.);
#92=FACE_BOUND('',#835,.T.);
#93=FACE_BOUND('',#908,.T.);
#94=FACE_BOUND('',#909,.T.);
#95=FACE_BOUND('',#911,.T.);
#96=FACE_BOUND('',#1072,.T.);
#97=CYLINDRICAL_SURFACE('',#5216,0.4);
#98=CYLINDRICAL_SURFACE('',#5221,0.4);
#99=CYLINDRICAL_SURFACE('',#5223,0.725);
#100=CYLINDRICAL_SURFACE('',#5227,0.725);
#101=CYLINDRICAL_SURFACE('',#5231,0.75);
#102=CYLINDRICAL_SURFACE('',#5235,0.75);
#103=CYLINDRICAL_SURFACE('',#5238,0.75);
#104=CYLINDRICAL_SURFACE('',#5244,0.75);
#105=CYLINDRICAL_SURFACE('',#5247,0.75);
#106=CYLINDRICAL_SURFACE('',#5253,0.75);
#107=CYLINDRICAL_SURFACE('',#5256,0.75);
#108=CYLINDRICAL_SURFACE('',#5270,0.02);
#109=CYLINDRICAL_SURFACE('',#5306,0.02);
#110=CYLINDRICAL_SURFACE('',#5312,0.02);
#111=CYLINDRICAL_SURFACE('',#5314,0.02);
#112=CYLINDRICAL_SURFACE('',#5315,0.02);
#113=CYLINDRICAL_SURFACE('',#5317,0.02);
#114=CYLINDRICAL_SURFACE('',#5323,0.02);
#115=CYLINDRICAL_SURFACE('',#5325,0.02);
#116=CYLINDRICAL_SURFACE('',#5326,0.02);
#117=CYLINDRICAL_SURFACE('',#5329,0.02);
#118=CYLINDRICAL_SURFACE('',#5335,0.02);
#119=CYLINDRICAL_SURFACE('',#5337,0.02);
#120=CYLINDRICAL_SURFACE('',#5338,0.02);
#121=CYLINDRICAL_SURFACE('',#5341,0.02);
#122=CYLINDRICAL_SURFACE('',#5344,0.02);
#123=CYLINDRICAL_SURFACE('',#5347,0.02);
#124=CYLINDRICAL_SURFACE('',#5350,0.02);
#125=CYLINDRICAL_SURFACE('',#5353,0.02);
#126=CYLINDRICAL_SURFACE('',#5359,0.02);
#127=CYLINDRICAL_SURFACE('',#5361,0.02);
#128=CYLINDRICAL_SURFACE('',#5362,0.02);
#129=CYLINDRICAL_SURFACE('',#5365,0.02);
#130=CYLINDRICAL_SURFACE('',#5371,0.02);
#131=CYLINDRICAL_SURFACE('',#5373,0.02);
#132=CYLINDRICAL_SURFACE('',#5374,0.02);
#133=CYLINDRICAL_SURFACE('',#5377,0.02);
#134=CYLINDRICAL_SURFACE('',#5380,0.02);
#135=CYLINDRICAL_SURFACE('',#5385,0.02);
#136=CYLINDRICAL_SURFACE('',#5386,0.02);
#137=CYLINDRICAL_SURFACE('',#5388,0.02);
#138=CYLINDRICAL_SURFACE('',#5391,0.02);
#139=CYLINDRICAL_SURFACE('',#5396,0.02);
#140=CYLINDRICAL_SURFACE('',#5410,0.1);
#141=CYLINDRICAL_SURFACE('',#5417,0.1);
#142=CYLINDRICAL_SURFACE('',#5421,0.5);
#143=CYLINDRICAL_SURFACE('',#5437,0.05);
#144=CYLINDRICAL_SURFACE('',#5438,0.05);
#145=CYLINDRICAL_SURFACE('',#5444,0.05);
#146=CYLINDRICAL_SURFACE('',#5445,0.1);
#147=CYLINDRICAL_SURFACE('',#5451,0.05);
#148=CYLINDRICAL_SURFACE('',#5452,0.1);
#149=CYLINDRICAL_SURFACE('',#5462,0.05);
#150=CYLINDRICAL_SURFACE('',#5463,0.1);
#151=CYLINDRICAL_SURFACE('',#5469,0.05);
#152=CYLINDRICAL_SURFACE('',#5470,0.05);
#153=CYLINDRICAL_SURFACE('',#5471,0.1);
#154=CYLINDRICAL_SURFACE('',#5473,0.05);
#155=CYLINDRICAL_SURFACE('',#5475,0.05);
#156=CYLINDRICAL_SURFACE('',#5482,0.05);
#157=CYLINDRICAL_SURFACE('',#5485,0.05);
#158=CYLINDRICAL_SURFACE('',#5487,0.05);
#159=CYLINDRICAL_SURFACE('',#5489,0.05);
#160=CYLINDRICAL_SURFACE('',#5491,0.05);
#161=CYLINDRICAL_SURFACE('',#5508,0.05);
#162=CYLINDRICAL_SURFACE('',#5517,0.05);
#163=CYLINDRICAL_SURFACE('',#5518,0.1);
#164=CYLINDRICAL_SURFACE('',#5527,0.05);
#165=CYLINDRICAL_SURFACE('',#5536,0.05);
#166=CYLINDRICAL_SURFACE('',#5537,0.1);
#167=CYLINDRICAL_SURFACE('',#5550,0.05);
#168=CYLINDRICAL_SURFACE('',#5551,0.1);
#169=CYLINDRICAL_SURFACE('',#5556,0.05);
#170=CYLINDRICAL_SURFACE('',#5557,0.05);
#171=CYLINDRICAL_SURFACE('',#5558,0.1);
#172=CYLINDRICAL_SURFACE('',#5559,0.05);
#173=CYLINDRICAL_SURFACE('',#5560,0.05);
#174=CYLINDRICAL_SURFACE('',#5565,0.05);
#175=CYLINDRICAL_SURFACE('',#5566,0.05);
#176=CYLINDRICAL_SURFACE('',#5567,0.05);
#177=CYLINDRICAL_SURFACE('',#5568,0.05);
#178=CYLINDRICAL_SURFACE('',#5573,0.05);
#179=CYLINDRICAL_SURFACE('',#5574,0.05);
#180=CYLINDRICAL_SURFACE('',#5575,0.05);
#181=CYLINDRICAL_SURFACE('',#5581,0.05);
#182=CYLINDRICAL_SURFACE('',#5584,0.05);
#183=CYLINDRICAL_SURFACE('',#5591,0.05);
#184=CYLINDRICAL_SURFACE('',#5593,0.05);
#185=CYLINDRICAL_SURFACE('',#5595,0.05);
#186=CYLINDRICAL_SURFACE('',#5596,0.05);
#187=CYLINDRICAL_SURFACE('',#5598,0.05);
#188=CYLINDRICAL_SURFACE('',#5600,0.05);
#189=CYLINDRICAL_SURFACE('',#5602,0.05);
#190=CYLINDRICAL_SURFACE('',#5604,0.05);
#191=CYLINDRICAL_SURFACE('',#5620,0.1);
#192=CYLINDRICAL_SURFACE('',#5625,0.05);
#193=CYLINDRICAL_SURFACE('',#5630,0.1);
#194=CYLINDRICAL_SURFACE('',#5631,0.05);
#195=CYLINDRICAL_SURFACE('',#5637,0.05);
#196=CYLINDRICAL_SURFACE('',#5638,0.1);
#197=CYLINDRICAL_SURFACE('',#5643,0.05);
#198=CYLINDRICAL_SURFACE('',#5649,0.1);
#199=CYLINDRICAL_SURFACE('',#5658,0.05);
#200=CYLINDRICAL_SURFACE('',#5663,0.1);
#201=CYLINDRICAL_SURFACE('',#5664,0.05);
#202=CYLINDRICAL_SURFACE('',#5665,0.05);
#203=CYLINDRICAL_SURFACE('',#5667,0.05);
#204=CYLINDRICAL_SURFACE('',#5668,0.05);
#205=CYLINDRICAL_SURFACE('',#5669,0.1);
#206=CYLINDRICAL_SURFACE('',#5671,0.05);
#207=CYLINDRICAL_SURFACE('',#5672,0.1);
#208=CYLINDRICAL_SURFACE('',#5673,0.1);
#209=CYLINDRICAL_SURFACE('',#5674,0.05);
#210=CYLINDRICAL_SURFACE('',#5679,0.05);
#211=CYLINDRICAL_SURFACE('',#5681,0.05);
#212=CYLINDRICAL_SURFACE('',#5684,0.05);
#213=CYLINDRICAL_SURFACE('',#5690,0.05);
#214=CYLINDRICAL_SURFACE('',#5692,0.05);
#215=CYLINDRICAL_SURFACE('',#5694,0.05);
#216=CIRCLE('',#5214,0.4);
#217=CIRCLE('',#5215,0.4);
#218=CIRCLE('',#5217,0.4);
#219=CIRCLE('',#5219,0.4);
#220=CIRCLE('',#5220,0.4);
#221=CIRCLE('',#5222,0.4);
#222=CIRCLE('',#5224,0.725);
#223=CIRCLE('',#5225,0.725);
#224=CIRCLE('',#5228,0.725);
#225=CIRCLE('',#5229,0.725);
#226=CIRCLE('',#5232,0.75);
#227=CIRCLE('',#5233,0.75);
#228=CIRCLE('',#5236,0.75);
#229=CIRCLE('',#5237,0.75);
#230=CIRCLE('',#5239,0.75);
#231=CIRCLE('',#5240,0.75);
#232=CIRCLE('',#5245,0.75);
#233=CIRCLE('',#5246,0.75);
#234=CIRCLE('',#5248,0.75);
#235=CIRCLE('',#5249,0.75);
#236=CIRCLE('',#5254,0.75);
#237=CIRCLE('',#5255,0.75);
#238=CIRCLE('',#5257,0.75);
#239=CIRCLE('',#5258,0.75);
#240=CIRCLE('',#5271,0.02);
#241=CIRCLE('',#5272,0.02);
#242=CIRCLE('',#5274,0.02);
#243=CIRCLE('',#5275,0.02);
#244=CIRCLE('',#5276,0.02);
#245=CIRCLE('',#5277,0.02);
#246=CIRCLE('',#5278,0.02);
#247=CIRCLE('',#5279,0.02);
#248=CIRCLE('',#5280,0.02);
#249=CIRCLE('',#5281,0.02);
#250=CIRCLE('',#5282,0.02);
#251=CIRCLE('',#5283,0.02);
#252=CIRCLE('',#5284,0.02);
#253=CIRCLE('',#5285,0.02);
#254=CIRCLE('',#5286,0.02);
#255=CIRCLE('',#5287,0.02);
#256=CIRCLE('',#5288,0.02);
#257=CIRCLE('',#5289,0.02);
#258=CIRCLE('',#5290,0.02);
#259=CIRCLE('',#5291,0.02);
#260=CIRCLE('',#5292,0.02);
#261=CIRCLE('',#5293,0.02);
#262=CIRCLE('',#5294,0.02);
#263=CIRCLE('',#5295,0.02);
#264=CIRCLE('',#5296,0.02);
#265=CIRCLE('',#5297,0.02);
#266=CIRCLE('',#5298,0.02);
#267=CIRCLE('',#5299,0.02);
#268=CIRCLE('',#5300,0.02);
#269=CIRCLE('',#5301,0.02);
#270=CIRCLE('',#5302,0.02);
#271=CIRCLE('',#5303,0.02);
#272=CIRCLE('',#5304,0.02);
#273=CIRCLE('',#5307,0.02);
#274=CIRCLE('',#5309,0.02);
#275=CIRCLE('',#5310,0.02);
#276=CIRCLE('',#5316,0.02);
#277=CIRCLE('',#5318,0.02);
#278=CIRCLE('',#5320,0.02);
#279=CIRCLE('',#5321,0.02);
#280=CIRCLE('',#5327,0.02);
#281=CIRCLE('',#5330,0.02);
#282=CIRCLE('',#5332,0.02);
#283=CIRCLE('',#5333,0.02);
#284=CIRCLE('',#5339,0.02);
#285=CIRCLE('',#5342,0.02);
#286=CIRCLE('',#5345,0.02);
#287=CIRCLE('',#5348,0.02);
#288=CIRCLE('',#5351,0.02);
#289=CIRCLE('',#5354,0.02);
#290=CIRCLE('',#5356,0.02);
#291=CIRCLE('',#5357,0.02);
#292=CIRCLE('',#5363,0.02);
#293=CIRCLE('',#5366,0.02);
#294=CIRCLE('',#5368,0.02);
#295=CIRCLE('',#5369,0.02);
#296=CIRCLE('',#5375,0.02);
#297=CIRCLE('',#5378,0.02);
#298=CIRCLE('',#5381,0.02);
#299=CIRCLE('',#5383,0.02);
#300=CIRCLE('',#5387,0.02);
#301=CIRCLE('',#5389,0.02);
#302=CIRCLE('',#5392,0.02);
#303=CIRCLE('',#5394,0.02);
#304=CIRCLE('',#5411,0.1);
#305=CIRCLE('',#5412,0.1);
#306=CIRCLE('',#5415,0.1);
#307=CIRCLE('',#5416,0.5);
#308=CIRCLE('',#5418,0.1);
#309=CIRCLE('',#5422,0.5);
#310=CIRCLE('',#5430,0.05);
#311=CIRCLE('',#5431,0.05);
#312=CIRCLE('',#5432,0.05);
#313=CIRCLE('',#5434,0.0500000000000003);
#314=CIRCLE('',#5435,0.05);
#315=CIRCLE('',#5436,0.1);
#316=CIRCLE('',#5439,0.05);
#317=CIRCLE('',#5440,0.0500000000000003);
#318=CIRCLE('',#5441,0.05);
#319=CIRCLE('',#5442,0.1);
#320=CIRCLE('',#5443,0.05);
#321=CIRCLE('',#5446,0.1);
#322=CIRCLE('',#5447,0.0500000000000001);
#323=CIRCLE('',#5448,0.05);
#324=CIRCLE('',#5449,0.1);
#325=CIRCLE('',#5450,0.05);
#326=CIRCLE('',#5453,0.1);
#327=CIRCLE('',#5455,0.05);
#328=CIRCLE('',#5456,0.05);
#329=CIRCLE('',#5457,0.0500000000000001);
#330=CIRCLE('',#5458,0.0500000000000001);
#331=CIRCLE('',#5459,0.05);
#332=CIRCLE('',#5460,0.1);
#333=CIRCLE('',#5461,0.05);
#334=CIRCLE('',#5464,0.1);
#335=CIRCLE('',#5465,0.1);
#336=CIRCLE('',#5466,0.05);
#337=CIRCLE('',#5467,0.0500000000000001);
#338=CIRCLE('',#5468,0.05);
#339=CIRCLE('',#5472,0.1);
#340=CIRCLE('',#5474,0.05);
#341=CIRCLE('',#5476,0.05);
#342=CIRCLE('',#5478,0.05);
#343=CIRCLE('',#5479,0.1);
#344=CIRCLE('',#5497,0.05);
#345=CIRCLE('',#5498,0.05);
#346=CIRCLE('',#5499,0.05);
#347=CIRCLE('',#5500,0.05);
#348=CIRCLE('',#5501,0.1);
#349=CIRCLE('',#5502,0.05);
#350=CIRCLE('',#5503,0.05);
#351=CIRCLE('',#5505,0.0500000000000001);
#352=CIRCLE('',#5506,0.05);
#353=CIRCLE('',#5507,0.0499999999999989);
#354=CIRCLE('',#5509,0.05);
#355=CIRCLE('',#5510,0.1);
#356=CIRCLE('',#5511,0.05);
#357=CIRCLE('',#5512,0.0500000000000001);
#358=CIRCLE('',#5513,0.0500000000000003);
#359=CIRCLE('',#5514,0.05);
#360=CIRCLE('',#5515,0.1);
#361=CIRCLE('',#5516,0.05);
#362=CIRCLE('',#5520,0.05);
#363=CIRCLE('',#5521,0.05);
#364=CIRCLE('',#5522,0.05);
#365=CIRCLE('',#5524,0.0500000000000009);
#366=CIRCLE('',#5525,0.05);
#367=CIRCLE('',#5526,0.1);
#368=CIRCLE('',#5528,0.05);
#369=CIRCLE('',#5529,0.1);
#370=CIRCLE('',#5530,0.0500000000000012);
#371=CIRCLE('',#5531,0.0500000000000001);
#372=CIRCLE('',#5532,0.05);
#373=CIRCLE('',#5533,0.05);
#374=CIRCLE('',#5534,0.1);
#375=CIRCLE('',#5535,0.05);
#376=CIRCLE('',#5538,0.05);
#377=CIRCLE('',#5539,0.1);
#378=CIRCLE('',#5540,0.05);
#379=CIRCLE('',#5541,0.0500000000000001);
#380=CIRCLE('',#5543,0.05);
#381=CIRCLE('',#5544,0.05);
#382=CIRCLE('',#5545,0.0500000000000001);
#383=CIRCLE('',#5546,0.0500000000000001);
#384=CIRCLE('',#5547,0.05);
#385=CIRCLE('',#5548,0.1);
#386=CIRCLE('',#5549,0.05);
#387=CIRCLE('',#5552,0.1);
#388=CIRCLE('',#5553,0.0499999999999989);
#389=CIRCLE('',#5554,0.0500000000000001);
#390=CIRCLE('',#5555,0.05);
#391=CIRCLE('',#5561,0.05);
#392=CIRCLE('',#5563,0.05);
#393=CIRCLE('',#5564,0.1);
#394=CIRCLE('',#5570,0.0499999999999994);
#395=CIRCLE('',#5571,0.05);
#396=CIRCLE('',#5572,0.1);
#397=CIRCLE('',#5576,0.05);
#398=CIRCLE('',#5578,0.05);
#399=CIRCLE('',#5579,0.1);
#400=CIRCLE('',#5608,0.05);
#401=CIRCLE('',#5609,0.1);
#402=CIRCLE('',#5610,0.05);
#403=CIRCLE('',#5611,0.05);
#404=CIRCLE('',#5612,0.05);
#405=CIRCLE('',#5613,0.1);
#406=CIRCLE('',#5614,0.05);
#407=CIRCLE('',#5615,0.0500000000000001);
#408=CIRCLE('',#5617,0.1);
#409=CIRCLE('',#5618,0.1);
#410=CIRCLE('',#5619,0.1);
#411=CIRCLE('',#5622,0.05);
#412=CIRCLE('',#5623,0.05);
#413=CIRCLE('',#5624,0.05);
#414=CIRCLE('',#5627,0.1);
#415=CIRCLE('',#5628,0.1);
#416=CIRCLE('',#5629,0.1);
#417=CIRCLE('',#5633,0.0500000000000011);
#418=CIRCLE('',#5634,0.05);
#419=CIRCLE('',#5635,0.1);
#420=CIRCLE('',#5636,0.05);
#421=CIRCLE('',#5639,0.05);
#422=CIRCLE('',#5640,0.1);
#423=CIRCLE('',#5641,0.05);
#424=CIRCLE('',#5642,0.0500000000000001);
#425=CIRCLE('',#5646,0.0999999999999998);
#426=CIRCLE('',#5647,0.1);
#427=CIRCLE('',#5648,0.1);
#428=CIRCLE('',#5651,0.05);
#429=CIRCLE('',#5652,0.05);
#430=CIRCLE('',#5653,0.05);
#431=CIRCLE('',#5655,0.0500000000000009);
#432=CIRCLE('',#5656,0.05);
#433=CIRCLE('',#5657,0.1);
#434=CIRCLE('',#5659,0.0499999999999989);
#435=CIRCLE('',#5660,0.1);
#436=CIRCLE('',#5661,0.0500000000000001);
#437=CIRCLE('',#5662,0.05);
#438=CIRCLE('',#5675,0.05);
#439=CIRCLE('',#5677,0.05);
#440=CIRCLE('',#5678,0.1);
#441=SPHERICAL_SURFACE('',#5213,0.4);
#442=SPHERICAL_SURFACE('',#5218,0.4);
#443=SPHERICAL_SURFACE('',#5429,0.05);
#444=SPHERICAL_SURFACE('',#5454,0.05);
#445=SPHERICAL_SURFACE('',#5496,0.05);
#446=SPHERICAL_SURFACE('',#5504,0.05);
#447=SPHERICAL_SURFACE('',#5519,0.05);
#448=SPHERICAL_SURFACE('',#5542,0.05);
#449=SPHERICAL_SURFACE('',#5616,0.1);
#450=SPHERICAL_SURFACE('',#5621,0.05);
#451=SPHERICAL_SURFACE('',#5626,0.1);
#452=SPHERICAL_SURFACE('',#5645,0.1);
#453=SPHERICAL_SURFACE('',#5650,0.05);
#454=B_SPLINE_SURFACE_WITH_KNOTS('',2,1,((#7315,#7316),(#7317,#7318),(#7319,
#7320),(#7321,#7322)),.UNSPECIFIED.,.F.,.F.,.F.,(3,1,3),(2,2),(-2.,-1.,
0.),(0.,3.9628398907854),.UNSPECIFIED.);
#455=B_SPLINE_SURFACE_WITH_KNOTS('',2,1,((#7329,#7330),(#7331,#7332),(#7333,
#7334),(#7335,#7336)),.UNSPECIFIED.,.F.,.F.,.F.,(3,1,3),(2,2),(-2.,-1.,
0.),(0.,3.9628398907854),.UNSPECIFIED.);
#456=B_SPLINE_SURFACE_WITH_KNOTS('',2,1,((#7343,#7344),(#7345,#7346),(#7347,
#7348),(#7349,#7350)),.UNSPECIFIED.,.F.,.F.,.F.,(3,1,3),(2,2),(-2.,-1.,
0.),(0.,3.9628398907854),.UNSPECIFIED.);
#457=B_SPLINE_SURFACE_WITH_KNOTS('',2,1,((#7357,#7358),(#7359,#7360),(#7361,
#7362),(#7363,#7364),(#7365,#7366)),.UNSPECIFIED.,.F.,.F.,.F.,(3,1,1,3),
(2,2),(-3.,-2.,-1.,0.),(0.,3.9628398907854),.UNSPECIFIED.);
#458=B_SPLINE_SURFACE_WITH_KNOTS('',2,1,((#7374,#7375),(#7376,#7377),(#7378,
#7379),(#7380,#7381)),.UNSPECIFIED.,.F.,.F.,.F.,(3,1,3),(2,2),(-2.,-1.,
0.),(0.,3.9628398907854),.UNSPECIFIED.);
#459=B_SPLINE_SURFACE_WITH_KNOTS('',2,1,((#7388,#7389),(#7390,#7391),(#7392,
#7393),(#7394,#7395)),.UNSPECIFIED.,.F.,.F.,.F.,(3,1,3),(2,2),(-2.,-1.,
0.),(0.,3.9628398907854),.UNSPECIFIED.);
#460=B_SPLINE_SURFACE_WITH_KNOTS('',2,1,((#7406,#7407),(#7408,#7409),(#7410,
#7411)),.UNSPECIFIED.,.F.,.F.,.F.,(3,3),(2,2),(-1.,0.),(0.,3.9628398907854),
 .UNSPECIFIED.);
#461=B_SPLINE_SURFACE_WITH_KNOTS('',2,1,((#7417,#7418),(#7419,#7420),(#7421,
#7422),(#7423,#7424)),.UNSPECIFIED.,.F.,.F.,.F.,(3,1,3),(2,2),(-2.,-1.,
0.),(0.,3.9628398907854),.UNSPECIFIED.);
#462=B_SPLINE_SURFACE_WITH_KNOTS('',2,1,((#7431,#7432),(#7433,#7434),(#7435,
#7436),(#7437,#7438)),.UNSPECIFIED.,.F.,.F.,.F.,(3,1,3),(2,2),(-2.,-1.,
0.),(0.,3.9628398907854),.UNSPECIFIED.);
#463=B_SPLINE_SURFACE_WITH_KNOTS('',2,1,((#7445,#7446),(#7447,#7448),(#7449,
#7450)),.UNSPECIFIED.,.F.,.F.,.F.,(3,3),(2,2),(-1.,0.),(0.,3.9628398907854),
 .UNSPECIFIED.);
#464=B_SPLINE_SURFACE_WITH_KNOTS('',2,1,((#7464,#7465),(#7466,#7467),(#7468,
#7469),(#7470,#7471)),.UNSPECIFIED.,.F.,.F.,.F.,(3,1,3),(2,2),(-2.,-1.,
0.),(0.,3.9628398907854),.UNSPECIFIED.);
#465=B_SPLINE_SURFACE_WITH_KNOTS('',2,1,((#7478,#7479),(#7480,#7481),(#7482,
#7483),(#7484,#7485)),.UNSPECIFIED.,.F.,.F.,.F.,(3,1,3),(2,2),(-2.,-1.,
0.),(0.,3.9628398907854),.UNSPECIFIED.);
#466=B_SPLINE_SURFACE_WITH_KNOTS('',2,1,((#7492,#7493),(#7494,#7495),(#7496,
#7497),(#7498,#7499)),.UNSPECIFIED.,.F.,.F.,.F.,(3,1,3),(2,2),(-2.,-1.,
0.),(0.,3.9628398907854),.UNSPECIFIED.);
#467=B_SPLINE_SURFACE_WITH_KNOTS('',2,1,((#7504,#7505),(#7506,#7507),(#7508,
#7509),(#7510,#7511)),.UNSPECIFIED.,.F.,.F.,.F.,(3,1,3),(2,2),(-2.,-1.,
0.),(0.,3.9628398907854),.UNSPECIFIED.);
#468=B_SPLINE_SURFACE_WITH_KNOTS('',2,1,((#7535,#7536),(#7537,#7538),(#7539,
#7540),(#7541,#7542)),.UNSPECIFIED.,.F.,.F.,.F.,(3,1,3),(2,2),(-2.,-1.,
0.),(0.,3.9628398907854),.UNSPECIFIED.);
#469=FACE_OUTER_BOUND('',#763,.T.);
#470=FACE_OUTER_BOUND('',#764,.T.);
#471=FACE_OUTER_BOUND('',#765,.T.);
#472=FACE_OUTER_BOUND('',#766,.T.);
#473=FACE_OUTER_BOUND('',#767,.T.);
#474=FACE_OUTER_BOUND('',#768,.T.);
#475=FACE_OUTER_BOUND('',#769,.T.);
#476=FACE_OUTER_BOUND('',#770,.T.);
#477=FACE_OUTER_BOUND('',#771,.T.);
#478=FACE_OUTER_BOUND('',#772,.T.);
#479=FACE_OUTER_BOUND('',#773,.T.);
#480=FACE_OUTER_BOUND('',#774,.T.);
#481=FACE_OUTER_BOUND('',#775,.T.);
#482=FACE_OUTER_BOUND('',#776,.T.);
#483=FACE_OUTER_BOUND('',#777,.T.);
#484=FACE_OUTER_BOUND('',#778,.T.);
#485=FACE_OUTER_BOUND('',#779,.T.);
#486=FACE_OUTER_BOUND('',#780,.T.);
#487=FACE_OUTER_BOUND('',#781,.T.);
#488=FACE_OUTER_BOUND('',#782,.T.);
#489=FACE_OUTER_BOUND('',#783,.T.);
#490=FACE_OUTER_BOUND('',#784,.T.);
#491=FACE_OUTER_BOUND('',#785,.T.);
#492=FACE_OUTER_BOUND('',#786,.T.);
#493=FACE_OUTER_BOUND('',#787,.T.);
#494=FACE_OUTER_BOUND('',#788,.T.);
#495=FACE_OUTER_BOUND('',#789,.T.);
#496=FACE_OUTER_BOUND('',#790,.T.);
#497=FACE_OUTER_BOUND('',#791,.T.);
#498=FACE_OUTER_BOUND('',#792,.T.);
#499=FACE_OUTER_BOUND('',#793,.T.);
#500=FACE_OUTER_BOUND('',#794,.T.);
#501=FACE_OUTER_BOUND('',#796,.T.);
#502=FACE_OUTER_BOUND('',#797,.T.);
#503=FACE_OUTER_BOUND('',#799,.T.);
#504=FACE_OUTER_BOUND('',#800,.T.);
#505=FACE_OUTER_BOUND('',#801,.T.);
#506=FACE_OUTER_BOUND('',#802,.T.);
#507=FACE_OUTER_BOUND('',#803,.T.);
#508=FACE_OUTER_BOUND('',#804,.T.);
#509=FACE_OUTER_BOUND('',#805,.T.);
#510=FACE_OUTER_BOUND('',#806,.T.);
#511=FACE_OUTER_BOUND('',#807,.T.);
#512=FACE_OUTER_BOUND('',#808,.T.);
#513=FACE_OUTER_BOUND('',#809,.T.);
#514=FACE_OUTER_BOUND('',#810,.T.);
#515=FACE_OUTER_BOUND('',#811,.T.);
#516=FACE_OUTER_BOUND('',#812,.T.);
#517=FACE_OUTER_BOUND('',#813,.T.);
#518=FACE_OUTER_BOUND('',#814,.T.);
#519=FACE_OUTER_BOUND('',#815,.T.);
#520=FACE_OUTER_BOUND('',#816,.T.);
#521=FACE_OUTER_BOUND('',#817,.T.);
#522=FACE_OUTER_BOUND('',#818,.T.);
#523=FACE_OUTER_BOUND('',#819,.T.);
#524=FACE_OUTER_BOUND('',#820,.T.);
#525=FACE_OUTER_BOUND('',#821,.T.);
#526=FACE_OUTER_BOUND('',#822,.T.);
#527=FACE_OUTER_BOUND('',#823,.T.);
#528=FACE_OUTER_BOUND('',#824,.T.);
#529=FACE_OUTER_BOUND('',#825,.T.);
#530=FACE_OUTER_BOUND('',#836,.T.);
#531=FACE_OUTER_BOUND('',#837,.T.);
#532=FACE_OUTER_BOUND('',#838,.T.);
#533=FACE_OUTER_BOUND('',#839,.T.);
#534=FACE_OUTER_BOUND('',#840,.T.);
#535=FACE_OUTER_BOUND('',#841,.T.);
#536=FACE_OUTER_BOUND('',#842,.T.);
#537=FACE_OUTER_BOUND('',#843,.T.);
#538=FACE_OUTER_BOUND('',#844,.T.);
#539=FACE_OUTER_BOUND('',#845,.T.);
#540=FACE_OUTER_BOUND('',#846,.T.);
#541=FACE_OUTER_BOUND('',#847,.T.);
#542=FACE_OUTER_BOUND('',#848,.T.);
#543=FACE_OUTER_BOUND('',#849,.T.);
#544=FACE_OUTER_BOUND('',#850,.T.);
#545=FACE_OUTER_BOUND('',#851,.T.);
#546=FACE_OUTER_BOUND('',#852,.T.);
#547=FACE_OUTER_BOUND('',#853,.T.);
#548=FACE_OUTER_BOUND('',#854,.T.);
#549=FACE_OUTER_BOUND('',#855,.T.);
#550=FACE_OUTER_BOUND('',#856,.T.);
#551=FACE_OUTER_BOUND('',#857,.T.);
#552=FACE_OUTER_BOUND('',#858,.T.);
#553=FACE_OUTER_BOUND('',#859,.T.);
#554=FACE_OUTER_BOUND('',#860,.T.);
#555=FACE_OUTER_BOUND('',#861,.T.);
#556=FACE_OUTER_BOUND('',#862,.T.);
#557=FACE_OUTER_BOUND('',#863,.T.);
#558=FACE_OUTER_BOUND('',#864,.T.);
#559=FACE_OUTER_BOUND('',#865,.T.);
#560=FACE_OUTER_BOUND('',#866,.T.);
#561=FACE_OUTER_BOUND('',#867,.T.);
#562=FACE_OUTER_BOUND('',#868,.T.);
#563=FACE_OUTER_BOUND('',#869,.T.);
#564=FACE_OUTER_BOUND('',#870,.T.);
#565=FACE_OUTER_BOUND('',#871,.T.);
#566=FACE_OUTER_BOUND('',#872,.T.);
#567=FACE_OUTER_BOUND('',#873,.T.);
#568=FACE_OUTER_BOUND('',#874,.T.);
#569=FACE_OUTER_BOUND('',#875,.T.);
#570=FACE_OUTER_BOUND('',#876,.T.);
#571=FACE_OUTER_BOUND('',#877,.T.);
#572=FACE_OUTER_BOUND('',#878,.T.);
#573=FACE_OUTER_BOUND('',#879,.T.);
#574=FACE_OUTER_BOUND('',#880,.T.);
#575=FACE_OUTER_BOUND('',#881,.T.);
#576=FACE_OUTER_BOUND('',#882,.T.);
#577=FACE_OUTER_BOUND('',#883,.T.);
#578=FACE_OUTER_BOUND('',#884,.T.);
#579=FACE_OUTER_BOUND('',#885,.T.);
#580=FACE_OUTER_BOUND('',#886,.T.);
#581=FACE_OUTER_BOUND('',#887,.T.);
#582=FACE_OUTER_BOUND('',#888,.T.);
#583=FACE_OUTER_BOUND('',#889,.T.);
#584=FACE_OUTER_BOUND('',#890,.T.);
#585=FACE_OUTER_BOUND('',#891,.T.);
#586=FACE_OUTER_BOUND('',#892,.T.);
#587=FACE_OUTER_BOUND('',#893,.T.);
#588=FACE_OUTER_BOUND('',#894,.T.);
#589=FACE_OUTER_BOUND('',#895,.T.);
#590=FACE_OUTER_BOUND('',#896,.T.);
#591=FACE_OUTER_BOUND('',#897,.T.);
#592=FACE_OUTER_BOUND('',#898,.T.);
#593=FACE_OUTER_BOUND('',#899,.T.);
#594=FACE_OUTER_BOUND('',#900,.T.);
#595=FACE_OUTER_BOUND('',#901,.T.);
#596=FACE_OUTER_BOUND('',#902,.T.);
#597=FACE_OUTER_BOUND('',#903,.T.);
#598=FACE_OUTER_BOUND('',#904,.T.);
#599=FACE_OUTER_BOUND('',#905,.T.);
#600=FACE_OUTER_BOUND('',#906,.T.);
#601=FACE_OUTER_BOUND('',#907,.T.);
#602=FACE_OUTER_BOUND('',#910,.T.);
#603=FACE_OUTER_BOUND('',#912,.T.);
#604=FACE_OUTER_BOUND('',#913,.T.);
#605=FACE_OUTER_BOUND('',#914,.T.);
#606=FACE_OUTER_BOUND('',#915,.T.);
#607=FACE_OUTER_BOUND('',#916,.T.);
#608=FACE_OUTER_BOUND('',#917,.T.);
#609=FACE_OUTER_BOUND('',#918,.T.);
#610=FACE_OUTER_BOUND('',#919,.T.);
#611=FACE_OUTER_BOUND('',#920,.T.);
#612=FACE_OUTER_BOUND('',#921,.T.);
#613=FACE_OUTER_BOUND('',#922,.T.);
#614=FACE_OUTER_BOUND('',#923,.T.);
#615=FACE_OUTER_BOUND('',#924,.T.);
#616=FACE_OUTER_BOUND('',#925,.T.);
#617=FACE_OUTER_BOUND('',#926,.T.);
#618=FACE_OUTER_BOUND('',#927,.T.);
#619=FACE_OUTER_BOUND('',#928,.T.);
#620=FACE_OUTER_BOUND('',#929,.T.);
#621=FACE_OUTER_BOUND('',#930,.T.);
#622=FACE_OUTER_BOUND('',#931,.T.);
#623=FACE_OUTER_BOUND('',#932,.T.);
#624=FACE_OUTER_BOUND('',#933,.T.);
#625=FACE_OUTER_BOUND('',#934,.T.);
#626=FACE_OUTER_BOUND('',#935,.T.);
#627=FACE_OUTER_BOUND('',#936,.T.);
#628=FACE_OUTER_BOUND('',#937,.T.);
#629=FACE_OUTER_BOUND('',#938,.T.);
#630=FACE_OUTER_BOUND('',#939,.T.);
#631=FACE_OUTER_BOUND('',#940,.T.);
#632=FACE_OUTER_BOUND('',#941,.T.);
#633=FACE_OUTER_BOUND('',#942,.T.);
#634=FACE_OUTER_BOUND('',#943,.T.);
#635=FACE_OUTER_BOUND('',#944,.T.);
#636=FACE_OUTER_BOUND('',#945,.T.);
#637=FACE_OUTER_BOUND('',#946,.T.);
#638=FACE_OUTER_BOUND('',#947,.T.);
#639=FACE_OUTER_BOUND('',#948,.T.);
#640=FACE_OUTER_BOUND('',#949,.T.);
#641=FACE_OUTER_BOUND('',#950,.T.);
#642=FACE_OUTER_BOUND('',#951,.T.);
#643=FACE_OUTER_BOUND('',#952,.T.);
#644=FACE_OUTER_BOUND('',#953,.T.);
#645=FACE_OUTER_BOUND('',#954,.T.);
#646=FACE_OUTER_BOUND('',#955,.T.);
#647=FACE_OUTER_BOUND('',#956,.T.);
#648=FACE_OUTER_BOUND('',#957,.T.);
#649=FACE_OUTER_BOUND('',#958,.T.);
#650=FACE_OUTER_BOUND('',#959,.T.);
#651=FACE_OUTER_BOUND('',#960,.T.);
#652=FACE_OUTER_BOUND('',#961,.T.);
#653=FACE_OUTER_BOUND('',#962,.T.);
#654=FACE_OUTER_BOUND('',#963,.T.);
#655=FACE_OUTER_BOUND('',#964,.T.);
#656=FACE_OUTER_BOUND('',#965,.T.);
#657=FACE_OUTER_BOUND('',#966,.T.);
#658=FACE_OUTER_BOUND('',#967,.T.);
#659=FACE_OUTER_BOUND('',#968,.T.);
#660=FACE_OUTER_BOUND('',#969,.T.);
#661=FACE_OUTER_BOUND('',#970,.T.);
#662=FACE_OUTER_BOUND('',#971,.T.);
#663=FACE_OUTER_BOUND('',#972,.T.);
#664=FACE_OUTER_BOUND('',#973,.T.);
#665=FACE_OUTER_BOUND('',#974,.T.);
#666=FACE_OUTER_BOUND('',#975,.T.);
#667=FACE_OUTER_BOUND('',#976,.T.);
#668=FACE_OUTER_BOUND('',#977,.T.);
#669=FACE_OUTER_BOUND('',#978,.T.);
#670=FACE_OUTER_BOUND('',#979,.T.);
#671=FACE_OUTER_BOUND('',#980,.T.);
#672=FACE_OUTER_BOUND('',#981,.T.);
#673=FACE_OUTER_BOUND('',#982,.T.);
#674=FACE_OUTER_BOUND('',#983,.T.);
#675=FACE_OUTER_BOUND('',#984,.T.);
#676=FACE_OUTER_BOUND('',#985,.T.);
#677=FACE_OUTER_BOUND('',#986,.T.);
#678=FACE_OUTER_BOUND('',#987,.T.);
#679=FACE_OUTER_BOUND('',#988,.T.);
#680=FACE_OUTER_BOUND('',#989,.T.);
#681=FACE_OUTER_BOUND('',#990,.T.);
#682=FACE_OUTER_BOUND('',#991,.T.);
#683=FACE_OUTER_BOUND('',#992,.T.);
#684=FACE_OUTER_BOUND('',#993,.T.);
#685=FACE_OUTER_BOUND('',#994,.T.);
#686=FACE_OUTER_BOUND('',#995,.T.);
#687=FACE_OUTER_BOUND('',#996,.T.);
#688=FACE_OUTER_BOUND('',#997,.T.);
#689=FACE_OUTER_BOUND('',#998,.T.);
#690=FACE_OUTER_BOUND('',#999,.T.);
#691=FACE_OUTER_BOUND('',#1000,.T.);
#692=FACE_OUTER_BOUND('',#1001,.T.);
#693=FACE_OUTER_BOUND('',#1002,.T.);
#694=FACE_OUTER_BOUND('',#1003,.T.);
#695=FACE_OUTER_BOUND('',#1004,.T.);
#696=FACE_OUTER_BOUND('',#1005,.T.);
#697=FACE_OUTER_BOUND('',#1006,.T.);
#698=FACE_OUTER_BOUND('',#1007,.T.);
#699=FACE_OUTER_BOUND('',#1008,.T.);
#700=FACE_OUTER_BOUND('',#1009,.T.);
#701=FACE_OUTER_BOUND('',#1010,.T.);
#702=FACE_OUTER_BOUND('',#1011,.T.);
#703=FACE_OUTER_BOUND('',#1012,.T.);
#704=FACE_OUTER_BOUND('',#1013,.T.);
#705=FACE_OUTER_BOUND('',#1014,.T.);
#706=FACE_OUTER_BOUND('',#1015,.T.);
#707=FACE_OUTER_BOUND('',#1016,.T.);
#708=FACE_OUTER_BOUND('',#1017,.T.);
#709=FACE_OUTER_BOUND('',#1018,.T.);
#710=FACE_OUTER_BOUND('',#1019,.T.);
#711=FACE_OUTER_BOUND('',#1020,.T.);
#712=FACE_OUTER_BOUND('',#1021,.T.);
#713=FACE_OUTER_BOUND('',#1022,.T.);
#714=FACE_OUTER_BOUND('',#1023,.T.);
#715=FACE_OUTER_BOUND('',#1024,.T.);
#716=FACE_OUTER_BOUND('',#1025,.T.);
#717=FACE_OUTER_BOUND('',#1026,.T.);
#718=FACE_OUTER_BOUND('',#1027,.T.);
#719=FACE_OUTER_BOUND('',#1028,.T.);
#720=FACE_OUTER_BOUND('',#1029,.T.);
#721=FACE_OUTER_BOUND('',#1030,.T.);
#722=FACE_OUTER_BOUND('',#1031,.T.);
#723=FACE_OUTER_BOUND('',#1032,.T.);
#724=FACE_OUTER_BOUND('',#1033,.T.);
#725=FACE_OUTER_BOUND('',#1034,.T.);
#726=FACE_OUTER_BOUND('',#1035,.T.);
#727=FACE_OUTER_BOUND('',#1036,.T.);
#728=FACE_OUTER_BOUND('',#1037,.T.);
#729=FACE_OUTER_BOUND('',#1038,.T.);
#730=FACE_OUTER_BOUND('',#1039,.T.);
#731=FACE_OUTER_BOUND('',#1040,.T.);
#732=FACE_OUTER_BOUND('',#1041,.T.);
#733=FACE_OUTER_BOUND('',#1042,.T.);
#734=FACE_OUTER_BOUND('',#1043,.T.);
#735=FACE_OUTER_BOUND('',#1044,.T.);
#736=FACE_OUTER_BOUND('',#1045,.T.);
#737=FACE_OUTER_BOUND('',#1046,.T.);
#738=FACE_OUTER_BOUND('',#1047,.T.);
#739=FACE_OUTER_BOUND('',#1048,.T.);
#740=FACE_OUTER_BOUND('',#1049,.T.);
#741=FACE_OUTER_BOUND('',#1050,.T.);
#742=FACE_OUTER_BOUND('',#1051,.T.);
#743=FACE_OUTER_BOUND('',#1052,.T.);
#744=FACE_OUTER_BOUND('',#1053,.T.);
#745=FACE_OUTER_BOUND('',#1054,.T.);
#746=FACE_OUTER_BOUND('',#1055,.T.);
#747=FACE_OUTER_BOUND('',#1056,.T.);
#748=FACE_OUTER_BOUND('',#1057,.T.);
#749=FACE_OUTER_BOUND('',#1058,.T.);
#750=FACE_OUTER_BOUND('',#1059,.T.);
#751=FACE_OUTER_BOUND('',#1060,.T.);
#752=FACE_OUTER_BOUND('',#1061,.T.);
#753=FACE_OUTER_BOUND('',#1062,.T.);
#754=FACE_OUTER_BOUND('',#1063,.T.);
#755=FACE_OUTER_BOUND('',#1064,.T.);
#756=FACE_OUTER_BOUND('',#1065,.T.);
#757=FACE_OUTER_BOUND('',#1066,.T.);
#758=FACE_OUTER_BOUND('',#1067,.T.);
#759=FACE_OUTER_BOUND('',#1068,.T.);
#760=FACE_OUTER_BOUND('',#1069,.T.);
#761=FACE_OUTER_BOUND('',#1070,.T.);
#762=FACE_OUTER_BOUND('',#1071,.T.);
#763=EDGE_LOOP('',(#3209,#3210,#3211,#3212,#3213,#3214,#3215,#3216,#3217,
#3218,#3219,#3220,#3221,#3222,#3223,#3224,#3225));
#764=EDGE_LOOP('',(#3226,#3227,#3228,#3229));
#765=EDGE_LOOP('',(#3230,#3231,#3232,#3233));
#766=EDGE_LOOP('',(#3234,#3235,#3236,#3237));
#767=EDGE_LOOP('',(#3238,#3239,#3240,#3241));
#768=EDGE_LOOP('',(#3242,#3243,#3244,#3245));
#769=EDGE_LOOP('',(#3246,#3247,#3248,#3249));
#770=EDGE_LOOP('',(#3250,#3251,#3252,#3253));
#771=EDGE_LOOP('',(#3254,#3255,#3256,#3257));
#772=EDGE_LOOP('',(#3258,#3259,#3260,#3261));
#773=EDGE_LOOP('',(#3262,#3263,#3264,#3265));
#774=EDGE_LOOP('',(#3266,#3267,#3268,#3269));
#775=EDGE_LOOP('',(#3270,#3271,#3272,#3273));
#776=EDGE_LOOP('',(#3274,#3275,#3276,#3277));
#777=EDGE_LOOP('',(#3278,#3279,#3280,#3281));
#778=EDGE_LOOP('',(#3282,#3283,#3284,#3285));
#779=EDGE_LOOP('',(#3286,#3287,#3288,#3289));
#780=EDGE_LOOP('',(#3290,#3291,#3292,#3293));
#781=EDGE_LOOP('',(#3294,#3295,#3296,#3297));
#782=EDGE_LOOP('',(#3298,#3299,#3300,#3301));
#783=EDGE_LOOP('',(#3302,#3303,#3304,#3305));
#784=EDGE_LOOP('',(#3306,#3307,#3308,#3309));
#785=EDGE_LOOP('',(#3310,#3311,#3312,#3313));
#786=EDGE_LOOP('',(#3314,#3315,#3316,#3317));
#787=EDGE_LOOP('',(#3318,#3319,#3320,#3321));
#788=EDGE_LOOP('',(#3322,#3323,#3324,#3325,#3326,#3327,#3328));
#789=EDGE_LOOP('',(#3329,#3330,#3331));
#790=EDGE_LOOP('',(#3332,#3333,#3334,#3335));
#791=EDGE_LOOP('',(#3336,#3337,#3338));
#792=EDGE_LOOP('',(#3339,#3340,#3341,#3342));
#793=EDGE_LOOP('',(#3343,#3344,#3345,#3346));
#794=EDGE_LOOP('',(#3347));
#795=EDGE_LOOP('',(#3348));
#796=EDGE_LOOP('',(#3349,#3350,#3351,#3352));
#797=EDGE_LOOP('',(#3353));
#798=EDGE_LOOP('',(#3354));
#799=EDGE_LOOP('',(#3355,#3356,#3357,#3358));
#800=EDGE_LOOP('',(#3359));
#801=EDGE_LOOP('',(#3360,#3361,#3362,#3363));
#802=EDGE_LOOP('',(#3364,#3365,#3366,#3367));
#803=EDGE_LOOP('',(#3368,#3369,#3370,#3371));
#804=EDGE_LOOP('',(#3372,#3373,#3374,#3375));
#805=EDGE_LOOP('',(#3376,#3377,#3378,#3379));
#806=EDGE_LOOP('',(#3380,#3381,#3382,#3383));
#807=EDGE_LOOP('',(#3384,#3385,#3386,#3387));
#808=EDGE_LOOP('',(#3388,#3389,#3390,#3391));
#809=EDGE_LOOP('',(#3392,#3393,#3394,#3395));
#810=EDGE_LOOP('',(#3396,#3397,#3398,#3399));
#811=EDGE_LOOP('',(#3400,#3401,#3402,#3403));
#812=EDGE_LOOP('',(#3404,#3405,#3406,#3407));
#813=EDGE_LOOP('',(#3408,#3409,#3410,#3411));
#814=EDGE_LOOP('',(#3412,#3413,#3414,#3415));
#815=EDGE_LOOP('',(#3416,#3417,#3418,#3419));
#816=EDGE_LOOP('',(#3420,#3421,#3422,#3423));
#817=EDGE_LOOP('',(#3424,#3425,#3426,#3427));
#818=EDGE_LOOP('',(#3428,#3429,#3430,#3431));
#819=EDGE_LOOP('',(#3432,#3433,#3434,#3435));
#820=EDGE_LOOP('',(#3436,#3437,#3438,#3439));
#821=EDGE_LOOP('',(#3440,#3441,#3442,#3443));
#822=EDGE_LOOP('',(#3444,#3445,#3446,#3447));
#823=EDGE_LOOP('',(#3448,#3449,#3450,#3451));
#824=EDGE_LOOP('',(#3452,#3453,#3454,#3455));
#825=EDGE_LOOP('',(#3456,#3457,#3458,#3459,#3460,#3461,#3462,#3463,#3464,
#3465,#3466,#3467,#3468,#3469,#3470,#3471,#3472,#3473,#3474,#3475,#3476,
#3477,#3478,#3479,#3480,#3481,#3482,#3483,#3484,#3485,#3486,#3487,#3488,
#3489,#3490,#3491,#3492,#3493,#3494,#3495,#3496,#3497,#3498,#3499,#3500,
#3501,#3502,#3503,#3504,#3505,#3506,#3507,#3508,#3509,#3510,#3511,#3512,
#3513,#3514,#3515,#3516,#3517,#3518,#3519,#3520,#3521,#3522,#3523));
#826=EDGE_LOOP('',(#3524,#3525,#3526,#3527,#3528,#3529,#3530,#3531,#3532,
#3533,#3534,#3535,#3536,#3537,#3538,#3539,#3540));
#827=EDGE_LOOP('',(#3541,#3542,#3543,#3544,#3545,#3546,#3547));
#828=EDGE_LOOP('',(#3548));
#829=EDGE_LOOP('',(#3549));
#830=EDGE_LOOP('',(#3550));
#831=EDGE_LOOP('',(#3551,#3552,#3553,#3554));
#832=EDGE_LOOP('',(#3555,#3556,#3557,#3558));
#833=EDGE_LOOP('',(#3559,#3560,#3561,#3562));
#834=EDGE_LOOP('',(#3563,#3564,#3565,#3566));
#835=EDGE_LOOP('',(#3567,#3568,#3569,#3570));
#836=EDGE_LOOP('',(#3571,#3572,#3573,#3574,#3575,#3576,#3577,#3578,#3579,
#3580,#3581,#3582));
#837=EDGE_LOOP('',(#3583,#3584,#3585,#3586));
#838=EDGE_LOOP('',(#3587,#3588,#3589,#3590,#3591,#3592,#3593,#3594));
#839=EDGE_LOOP('',(#3595,#3596,#3597,#3598));
#840=EDGE_LOOP('',(#3599,#3600,#3601,#3602));
#841=EDGE_LOOP('',(#3603,#3604,#3605,#3606));
#842=EDGE_LOOP('',(#3607,#3608,#3609,#3610));
#843=EDGE_LOOP('',(#3611,#3612,#3613,#3614));
#844=EDGE_LOOP('',(#3615,#3616,#3617,#3618));
#845=EDGE_LOOP('',(#3619,#3620,#3621,#3622,#3623,#3624,#3625,#3626));
#846=EDGE_LOOP('',(#3627,#3628,#3629,#3630));
#847=EDGE_LOOP('',(#3631,#3632,#3633,#3634));
#848=EDGE_LOOP('',(#3635,#3636,#3637,#3638));
#849=EDGE_LOOP('',(#3639,#3640,#3641,#3642));
#850=EDGE_LOOP('',(#3643,#3644,#3645,#3646));
#851=EDGE_LOOP('',(#3647,#3648,#3649,#3650));
#852=EDGE_LOOP('',(#3651,#3652,#3653,#3654));
#853=EDGE_LOOP('',(#3655,#3656,#3657,#3658,#3659,#3660,#3661,#3662));
#854=EDGE_LOOP('',(#3663,#3664,#3665,#3666));
#855=EDGE_LOOP('',(#3667,#3668,#3669,#3670));
#856=EDGE_LOOP('',(#3671,#3672,#3673,#3674));
#857=EDGE_LOOP('',(#3675,#3676,#3677,#3678));
#858=EDGE_LOOP('',(#3679,#3680,#3681,#3682));
#859=EDGE_LOOP('',(#3683,#3684,#3685,#3686));
#860=EDGE_LOOP('',(#3687,#3688,#3689,#3690));
#861=EDGE_LOOP('',(#3691,#3692,#3693,#3694,#3695,#3696,#3697,#3698,#3699,
#3700,#3701,#3702));
#862=EDGE_LOOP('',(#3703,#3704,#3705,#3706));
#863=EDGE_LOOP('',(#3707,#3708,#3709,#3710));
#864=EDGE_LOOP('',(#3711,#3712,#3713,#3714));
#865=EDGE_LOOP('',(#3715,#3716,#3717,#3718,#3719,#3720,#3721,#3722));
#866=EDGE_LOOP('',(#3723,#3724,#3725,#3726));
#867=EDGE_LOOP('',(#3727,#3728,#3729,#3730));
#868=EDGE_LOOP('',(#3731,#3732,#3733,#3734));
#869=EDGE_LOOP('',(#3735,#3736,#3737,#3738,#3739,#3740,#3741,#3742));
#870=EDGE_LOOP('',(#3743,#3744,#3745,#3746));
#871=EDGE_LOOP('',(#3747,#3748,#3749,#3750));
#872=EDGE_LOOP('',(#3751,#3752,#3753,#3754));
#873=EDGE_LOOP('',(#3755,#3756,#3757,#3758));
#874=EDGE_LOOP('',(#3759,#3760,#3761,#3762));
#875=EDGE_LOOP('',(#3763,#3764,#3765,#3766));
#876=EDGE_LOOP('',(#3767,#3768,#3769,#3770));
#877=EDGE_LOOP('',(#3771,#3772,#3773,#3774,#3775,#3776,#3777,#3778));
#878=EDGE_LOOP('',(#3779,#3780,#3781,#3782));
#879=EDGE_LOOP('',(#3783,#3784,#3785,#3786));
#880=EDGE_LOOP('',(#3787,#3788,#3789,#3790));
#881=EDGE_LOOP('',(#3791,#3792,#3793,#3794));
#882=EDGE_LOOP('',(#3795,#3796,#3797,#3798));
#883=EDGE_LOOP('',(#3799,#3800,#3801,#3802,#3803,#3804,#3805,#3806,#3807,
#3808,#3809,#3810));
#884=EDGE_LOOP('',(#3811,#3812,#3813,#3814));
#885=EDGE_LOOP('',(#3815,#3816,#3817,#3818));
#886=EDGE_LOOP('',(#3819,#3820,#3821,#3822));
#887=EDGE_LOOP('',(#3823,#3824,#3825,#3826,#3827,#3828,#3829,#3830));
#888=EDGE_LOOP('',(#3831,#3832,#3833,#3834));
#889=EDGE_LOOP('',(#3835,#3836,#3837,#3838));
#890=EDGE_LOOP('',(#3839,#3840,#3841,#3842));
#891=EDGE_LOOP('',(#3843,#3844,#3845,#3846));
#892=EDGE_LOOP('',(#3847,#3848,#3849,#3850));
#893=EDGE_LOOP('',(#3851,#3852,#3853,#3854));
#894=EDGE_LOOP('',(#3855,#3856,#3857,#3858,#3859,#3860,#3861,#3862));
#895=EDGE_LOOP('',(#3863,#3864,#3865,#3866));
#896=EDGE_LOOP('',(#3867,#3868,#3869,#3870));
#897=EDGE_LOOP('',(#3871,#3872,#3873,#3874));
#898=EDGE_LOOP('',(#3875,#3876,#3877,#3878));
#899=EDGE_LOOP('',(#3879,#3880,#3881,#3882));
#900=EDGE_LOOP('',(#3883,#3884,#3885,#3886));
#901=EDGE_LOOP('',(#3887,#3888,#3889,#3890));
#902=EDGE_LOOP('',(#3891,#3892,#3893,#3894,#3895,#3896,#3897,#3898,#3899,
#3900,#3901,#3902));
#903=EDGE_LOOP('',(#3903,#3904,#3905,#3906));
#904=EDGE_LOOP('',(#3907,#3908,#3909,#3910));
#905=EDGE_LOOP('',(#3911,#3912,#3913,#3914));
#906=EDGE_LOOP('',(#3915,#3916,#3917,#3918));
#907=EDGE_LOOP('',(#3919,#3920,#3921,#3922));
#908=EDGE_LOOP('',(#3923,#3924,#3925,#3926));
#909=EDGE_LOOP('',(#3927,#3928,#3929,#3930));
#910=EDGE_LOOP('',(#3931,#3932,#3933,#3934));
#911=EDGE_LOOP('',(#3935,#3936,#3937,#3938));
#912=EDGE_LOOP('',(#3939,#3940,#3941,#3942));
#913=EDGE_LOOP('',(#3943,#3944,#3945,#3946));
#914=EDGE_LOOP('',(#3947,#3948,#3949,#3950,#3951,#3952,#3953,#3954,#3955,
#3956));
#915=EDGE_LOOP('',(#3957,#3958,#3959,#3960));
#916=EDGE_LOOP('',(#3961,#3962,#3963,#3964));
#917=EDGE_LOOP('',(#3965,#3966,#3967,#3968));
#918=EDGE_LOOP('',(#3969,#3970,#3971,#3972));
#919=EDGE_LOOP('',(#3973,#3974,#3975,#3976));
#920=EDGE_LOOP('',(#3977,#3978,#3979,#3980));
#921=EDGE_LOOP('',(#3981,#3982,#3983,#3984));
#922=EDGE_LOOP('',(#3985,#3986,#3987,#3988));
#923=EDGE_LOOP('',(#3989,#3990,#3991,#3992,#3993,#3994,#3995,#3996,#3997,
#3998));
#924=EDGE_LOOP('',(#3999,#4000,#4001));
#925=EDGE_LOOP('',(#4002,#4003,#4004,#4005));
#926=EDGE_LOOP('',(#4006,#4007,#4008,#4009));
#927=EDGE_LOOP('',(#4010,#4011,#4012,#4013));
#928=EDGE_LOOP('',(#4014,#4015,#4016,#4017));
#929=EDGE_LOOP('',(#4018,#4019,#4020,#4021));
#930=EDGE_LOOP('',(#4022,#4023,#4024,#4025));
#931=EDGE_LOOP('',(#4026,#4027,#4028,#4029));
#932=EDGE_LOOP('',(#4030,#4031,#4032,#4033));
#933=EDGE_LOOP('',(#4034,#4035,#4036,#4037));
#934=EDGE_LOOP('',(#4038,#4039,#4040));
#935=EDGE_LOOP('',(#4041,#4042,#4043,#4044));
#936=EDGE_LOOP('',(#4045,#4046,#4047,#4048));
#937=EDGE_LOOP('',(#4049,#4050,#4051,#4052));
#938=EDGE_LOOP('',(#4053,#4054,#4055,#4056));
#939=EDGE_LOOP('',(#4057,#4058,#4059,#4060));
#940=EDGE_LOOP('',(#4061,#4062,#4063,#4064));
#941=EDGE_LOOP('',(#4065,#4066,#4067,#4068));
#942=EDGE_LOOP('',(#4069,#4070,#4071,#4072));
#943=EDGE_LOOP('',(#4073,#4074,#4075,#4076));
#944=EDGE_LOOP('',(#4077,#4078,#4079,#4080));
#945=EDGE_LOOP('',(#4081,#4082,#4083,#4084));
#946=EDGE_LOOP('',(#4085,#4086,#4087,#4088,#4089));
#947=EDGE_LOOP('',(#4090,#4091,#4092,#4093));
#948=EDGE_LOOP('',(#4094,#4095,#4096,#4097,#4098,#4099,#4100,#4101,#4102,
#4103,#4104,#4105,#4106,#4107,#4108,#4109));
#949=EDGE_LOOP('',(#4110,#4111,#4112,#4113));
#950=EDGE_LOOP('',(#4114,#4115,#4116,#4117));
#951=EDGE_LOOP('',(#4118,#4119,#4120,#4121));
#952=EDGE_LOOP('',(#4122,#4123,#4124,#4125));
#953=EDGE_LOOP('',(#4126,#4127,#4128,#4129));
#954=EDGE_LOOP('',(#4130,#4131,#4132,#4133));
#955=EDGE_LOOP('',(#4134,#4135,#4136,#4137));
#956=EDGE_LOOP('',(#4138,#4139,#4140,#4141,#4142,#4143,#4144,#4145,#4146,
#4147,#4148,#4149,#4150,#4151,#4152,#4153,#4154,#4155,#4156,#4157,#4158,
#4159,#4160,#4161,#4162,#4163,#4164,#4165));
#957=EDGE_LOOP('',(#4166,#4167,#4168));
#958=EDGE_LOOP('',(#4169,#4170,#4171,#4172));
#959=EDGE_LOOP('',(#4173,#4174,#4175));
#960=EDGE_LOOP('',(#4176,#4177,#4178,#4179));
#961=EDGE_LOOP('',(#4180,#4181,#4182,#4183));
#962=EDGE_LOOP('',(#4184,#4185,#4186,#4187));
#963=EDGE_LOOP('',(#4188,#4189,#4190,#4191));
#964=EDGE_LOOP('',(#4192,#4193,#4194,#4195));
#965=EDGE_LOOP('',(#4196,#4197,#4198));
#966=EDGE_LOOP('',(#4199,#4200,#4201,#4202));
#967=EDGE_LOOP('',(#4203,#4204,#4205,#4206));
#968=EDGE_LOOP('',(#4207,#4208,#4209,#4210));
#969=EDGE_LOOP('',(#4211,#4212,#4213,#4214));
#970=EDGE_LOOP('',(#4215,#4216,#4217,#4218));
#971=EDGE_LOOP('',(#4219,#4220,#4221,#4222));
#972=EDGE_LOOP('',(#4223,#4224,#4225,#4226));
#973=EDGE_LOOP('',(#4227,#4228,#4229));
#974=EDGE_LOOP('',(#4230,#4231,#4232,#4233));
#975=EDGE_LOOP('',(#4234,#4235,#4236,#4237));
#976=EDGE_LOOP('',(#4238,#4239,#4240,#4241));
#977=EDGE_LOOP('',(#4242,#4243,#4244,#4245));
#978=EDGE_LOOP('',(#4246,#4247,#4248,#4249));
#979=EDGE_LOOP('',(#4250,#4251,#4252,#4253));
#980=EDGE_LOOP('',(#4254,#4255,#4256,#4257));
#981=EDGE_LOOP('',(#4258,#4259,#4260,#4261));
#982=EDGE_LOOP('',(#4262,#4263,#4264,#4265));
#983=EDGE_LOOP('',(#4266,#4267,#4268,#4269));
#984=EDGE_LOOP('',(#4270,#4271,#4272,#4273));
#985=EDGE_LOOP('',(#4274,#4275,#4276,#4277));
#986=EDGE_LOOP('',(#4278,#4279,#4280,#4281));
#987=EDGE_LOOP('',(#4282,#4283,#4284,#4285));
#988=EDGE_LOOP('',(#4286,#4287,#4288,#4289));
#989=EDGE_LOOP('',(#4290,#4291,#4292,#4293));
#990=EDGE_LOOP('',(#4294,#4295,#4296,#4297));
#991=EDGE_LOOP('',(#4298,#4299,#4300,#4301));
#992=EDGE_LOOP('',(#4302,#4303,#4304,#4305));
#993=EDGE_LOOP('',(#4306,#4307,#4308,#4309,#4310,#4311));
#994=EDGE_LOOP('',(#4312,#4313,#4314,#4315));
#995=EDGE_LOOP('',(#4316,#4317,#4318,#4319,#4320,#4321,#4322,#4323,#4324,
#4325,#4326,#4327,#4328,#4329,#4330,#4331));
#996=EDGE_LOOP('',(#4332,#4333,#4334,#4335));
#997=EDGE_LOOP('',(#4336,#4337,#4338,#4339));
#998=EDGE_LOOP('',(#4340,#4341,#4342,#4343));
#999=EDGE_LOOP('',(#4344,#4345,#4346,#4347));
#1000=EDGE_LOOP('',(#4348,#4349,#4350,#4351));
#1001=EDGE_LOOP('',(#4352,#4353,#4354,#4355));
#1002=EDGE_LOOP('',(#4356,#4357,#4358,#4359));
#1003=EDGE_LOOP('',(#4360,#4361,#4362,#4363));
#1004=EDGE_LOOP('',(#4364,#4365,#4366,#4367));
#1005=EDGE_LOOP('',(#4368,#4369,#4370,#4371));
#1006=EDGE_LOOP('',(#4372,#4373,#4374,#4375));
#1007=EDGE_LOOP('',(#4376,#4377,#4378,#4379));
#1008=EDGE_LOOP('',(#4380,#4381,#4382,#4383));
#1009=EDGE_LOOP('',(#4384,#4385,#4386,#4387));
#1010=EDGE_LOOP('',(#4388,#4389,#4390,#4391));
#1011=EDGE_LOOP('',(#4392,#4393,#4394,#4395));
#1012=EDGE_LOOP('',(#4396,#4397,#4398,#4399));
#1013=EDGE_LOOP('',(#4400,#4401,#4402,#4403));
#1014=EDGE_LOOP('',(#4404,#4405,#4406,#4407));
#1015=EDGE_LOOP('',(#4408,#4409,#4410));
#1016=EDGE_LOOP('',(#4411,#4412,#4413,#4414));
#1017=EDGE_LOOP('',(#4415,#4416,#4417));
#1018=EDGE_LOOP('',(#4418,#4419,#4420,#4421));
#1019=EDGE_LOOP('',(#4422,#4423,#4424));
#1020=EDGE_LOOP('',(#4425,#4426,#4427,#4428));
#1021=EDGE_LOOP('',(#4429,#4430,#4431,#4432));
#1022=EDGE_LOOP('',(#4433,#4434,#4435,#4436));
#1023=EDGE_LOOP('',(#4437,#4438,#4439,#4440));
#1024=EDGE_LOOP('',(#4441,#4442,#4443,#4444));
#1025=EDGE_LOOP('',(#4445,#4446,#4447,#4448));
#1026=EDGE_LOOP('',(#4449,#4450,#4451,#4452));
#1027=EDGE_LOOP('',(#4453,#4454,#4455));
#1028=EDGE_LOOP('',(#4456,#4457,#4458,#4459));
#1029=EDGE_LOOP('',(#4460,#4461,#4462));
#1030=EDGE_LOOP('',(#4463,#4464,#4465,#4466));
#1031=EDGE_LOOP('',(#4467,#4468,#4469,#4470));
#1032=EDGE_LOOP('',(#4471,#4472,#4473,#4474));
#1033=EDGE_LOOP('',(#4475,#4476,#4477,#4478));
#1034=EDGE_LOOP('',(#4479,#4480,#4481,#4482));
#1035=EDGE_LOOP('',(#4483,#4484,#4485,#4486));
#1036=EDGE_LOOP('',(#4487,#4488,#4489,#4490));
#1037=EDGE_LOOP('',(#4491,#4492,#4493,#4494));
#1038=EDGE_LOOP('',(#4495,#4496,#4497,#4498));
#1039=EDGE_LOOP('',(#4499,#4500,#4501,#4502));
#1040=EDGE_LOOP('',(#4503,#4504,#4505,#4506));
#1041=EDGE_LOOP('',(#4507,#4508,#4509,#4510));
#1042=EDGE_LOOP('',(#4511,#4512,#4513,#4514));
#1043=EDGE_LOOP('',(#4515,#4516,#4517,#4518));
#1044=EDGE_LOOP('',(#4519,#4520,#4521,#4522));
#1045=EDGE_LOOP('',(#4523,#4524,#4525,#4526));
#1046=EDGE_LOOP('',(#4527,#4528,#4529,#4530));
#1047=EDGE_LOOP('',(#4531,#4532,#4533,#4534,#4535,#4536,#4537,#4538,#4539,
#4540,#4541,#4542,#4543,#4544,#4545));
#1048=EDGE_LOOP('',(#4546,#4547,#4548,#4549));
#1049=EDGE_LOOP('',(#4550,#4551,#4552,#4553));
#1050=EDGE_LOOP('',(#4554,#4555,#4556,#4557));
#1051=EDGE_LOOP('',(#4558,#4559,#4560,#4561));
#1052=EDGE_LOOP('',(#4562,#4563,#4564,#4565,#4566,#4567,#4568,#4569));
#1053=EDGE_LOOP('',(#4570,#4571,#4572,#4573));
#1054=EDGE_LOOP('',(#4574,#4575,#4576,#4577));
#1055=EDGE_LOOP('',(#4578,#4579,#4580,#4581));
#1056=EDGE_LOOP('',(#4582,#4583,#4584,#4585,#4586));
#1057=EDGE_LOOP('',(#4587,#4588,#4589,#4590,#4591,#4592));
#1058=EDGE_LOOP('',(#4593,#4594,#4595,#4596,#4597,#4598));
#1059=EDGE_LOOP('',(#4599,#4600,#4601,#4602,#4603,#4604));
#1060=EDGE_LOOP('',(#4605,#4606,#4607,#4608));
#1061=EDGE_LOOP('',(#4609,#4610,#4611,#4612));
#1062=EDGE_LOOP('',(#4613,#4614,#4615,#4616));
#1063=EDGE_LOOP('',(#4617,#4618,#4619,#4620));
#1064=EDGE_LOOP('',(#4621,#4622,#4623,#4624,#4625,#4626,#4627,#4628,#4629,
#4630,#4631,#4632,#4633,#4634,#4635,#4636));
#1065=EDGE_LOOP('',(#4637,#4638,#4639,#4640));
#1066=EDGE_LOOP('',(#4641,#4642,#4643,#4644));
#1067=EDGE_LOOP('',(#4645,#4646,#4647,#4648));
#1068=EDGE_LOOP('',(#4649,#4650,#4651,#4652));
#1069=EDGE_LOOP('',(#4653,#4654,#4655,#4656));
#1070=EDGE_LOOP('',(#4657,#4658,#4659,#4660));
#1071=EDGE_LOOP('',(#4661,#4662,#4663,#4664));
#1072=EDGE_LOOP('',(#4665,#4666,#4667,#4668,#4669,#4670,#4671,#4672,#4673,
#4674,#4675,#4676,#4677,#4678));
#1073=LINE('',#7207,#1525);
#1074=LINE('',#7260,#1526);
#1075=LINE('',#7286,#1527);
#1076=LINE('',#7288,#1528);
#1077=LINE('',#7311,#1529);
#1078=LINE('',#7313,#1530);
#1079=LINE('',#7314,#1531);
#1080=LINE('',#7324,#1532);
#1081=LINE('',#7338,#1533);
#1082=LINE('',#7352,#1534);
#1083=LINE('',#7368,#1535);
#1084=LINE('',#7383,#1536);
#1085=LINE('',#7397,#1537);
#1086=LINE('',#7404,#1538);
#1087=LINE('',#7405,#1539);
#1088=LINE('',#7413,#1540);
#1089=LINE('',#7426,#1541);
#1090=LINE('',#7440,#1542);
#1091=LINE('',#7452,#1543);
#1092=LINE('',#7458,#1544);
#1093=LINE('',#7459,#1545);
#1094=LINE('',#7462,#1546);
#1095=LINE('',#7463,#1547);
#1096=LINE('',#7473,#1548);
#1097=LINE('',#7487,#1549);
#1098=LINE('',#7522,#1550);
#1099=LINE('',#7528,#1551);
#1100=LINE('',#7531,#1552);
#1101=LINE('',#7533,#1553);
#1102=LINE('',#7534,#1554);
#1103=LINE('',#7556,#1555);
#1104=LINE('',#7559,#1556);
#1105=LINE('',#7561,#1557);
#1106=LINE('',#7562,#1558);
#1107=LINE('',#7565,#1559);
#1108=LINE('',#7567,#1560);
#1109=LINE('',#7568,#1561);
#1110=LINE('',#7571,#1562);
#1111=LINE('',#7573,#1563);
#1112=LINE('',#7574,#1564);
#1113=LINE('',#7576,#1565);
#1114=LINE('',#7577,#1566);
#1115=LINE('',#7586,#1567);
#1116=LINE('',#7595,#1568);
#1117=LINE('',#7601,#1569);
#1118=LINE('',#7608,#1570);
#1119=LINE('',#7615,#1571);
#1120=LINE('',#7621,#1572);
#1121=LINE('',#7625,#1573);
#1122=LINE('',#7630,#1574);
#1123=LINE('',#7634,#1575);
#1124=LINE('',#7637,#1576);
#1125=LINE('',#7638,#1577);
#1126=LINE('',#7640,#1578);
#1127=LINE('',#7641,#1579);
#1128=LINE('',#7646,#1580);
#1129=LINE('',#7650,#1581);
#1130=LINE('',#7655,#1582);
#1131=LINE('',#7659,#1583);
#1132=LINE('',#7662,#1584);
#1133=LINE('',#7663,#1585);
#1134=LINE('',#7665,#1586);
#1135=LINE('',#7666,#1587);
#1136=LINE('',#7671,#1588);
#1137=LINE('',#7675,#1589);
#1138=LINE('',#7680,#1590);
#1139=LINE('',#7684,#1591);
#1140=LINE('',#7687,#1592);
#1141=LINE('',#7688,#1593);
#1142=LINE('',#7690,#1594);
#1143=LINE('',#7691,#1595);
#1144=LINE('',#7696,#1596);
#1145=LINE('',#7698,#1597);
#1146=LINE('',#7700,#1598);
#1147=LINE('',#7701,#1599);
#1148=LINE('',#7704,#1600);
#1149=LINE('',#7706,#1601);
#1150=LINE('',#7707,#1602);
#1151=LINE('',#7710,#1603);
#1152=LINE('',#7712,#1604);
#1153=LINE('',#7713,#1605);
#1154=LINE('',#7715,#1606);
#1155=LINE('',#7716,#1607);
#1156=LINE('',#7720,#1608);
#1157=LINE('',#7722,#1609);
#1158=LINE('',#7724,#1610);
#1159=LINE('',#7725,#1611);
#1160=LINE('',#7728,#1612);
#1161=LINE('',#7730,#1613);
#1162=LINE('',#7731,#1614);
#1163=LINE('',#7734,#1615);
#1164=LINE('',#7736,#1616);
#1165=LINE('',#7737,#1617);
#1166=LINE('',#7739,#1618);
#1167=LINE('',#7740,#1619);
#1168=LINE('',#7746,#1620);
#1169=LINE('',#7749,#1621);
#1170=LINE('',#7752,#1622);
#1171=LINE('',#7754,#1623);
#1172=LINE('',#7758,#1624);
#1173=LINE('',#7762,#1625);
#1174=LINE('',#7766,#1626);
#1175=LINE('',#7770,#1627);
#1176=LINE('',#7774,#1628);
#1177=LINE('',#7778,#1629);
#1178=LINE('',#7782,#1630);
#1179=LINE('',#7786,#1631);
#1180=LINE('',#7788,#1632);
#1181=LINE('',#7792,#1633);
#1182=LINE('',#7796,#1634);
#1183=LINE('',#7800,#1635);
#1184=LINE('',#7804,#1636);
#1185=LINE('',#7808,#1637);
#1186=LINE('',#7812,#1638);
#1187=LINE('',#7816,#1639);
#1188=LINE('',#7820,#1640);
#1189=LINE('',#7822,#1641);
#1190=LINE('',#7826,#1642);
#1191=LINE('',#7830,#1643);
#1192=LINE('',#7834,#1644);
#1193=LINE('',#7838,#1645);
#1194=LINE('',#7842,#1646);
#1195=LINE('',#7846,#1647);
#1196=LINE('',#7850,#1648);
#1197=LINE('',#7854,#1649);
#1198=LINE('',#7856,#1650);
#1199=LINE('',#7860,#1651);
#1200=LINE('',#7864,#1652);
#1201=LINE('',#7868,#1653);
#1202=LINE('',#7872,#1654);
#1203=LINE('',#7876,#1655);
#1204=LINE('',#7880,#1656);
#1205=LINE('',#7883,#1657);
#1206=LINE('',#7886,#1658);
#1207=LINE('',#7887,#1659);
#1208=LINE('',#7889,#1660);
#1209=LINE('',#7891,#1661);
#1210=LINE('',#7892,#1662);
#1211=LINE('',#7894,#1663);
#1212=LINE('',#7896,#1664);
#1213=LINE('',#7897,#1665);
#1214=LINE('',#7902,#1666);
#1215=LINE('',#7903,#1667);
#1216=LINE('',#7906,#1668);
#1217=LINE('',#7910,#1669);
#1218=LINE('',#7912,#1670);
#1219=LINE('',#7914,#1671);
#1220=LINE('',#7916,#1672);
#1221=LINE('',#7918,#1673);
#1222=LINE('',#7922,#1674);
#1223=LINE('',#7928,#1675);
#1224=LINE('',#7929,#1676);
#1225=LINE('',#7932,#1677);
#1226=LINE('',#7936,#1678);
#1227=LINE('',#7938,#1679);
#1228=LINE('',#7940,#1680);
#1229=LINE('',#7942,#1681);
#1230=LINE('',#7944,#1682);
#1231=LINE('',#7948,#1683);
#1232=LINE('',#7951,#1684);
#1233=LINE('',#7954,#1685);
#1234=LINE('',#7955,#1686);
#1235=LINE('',#7959,#1687);
#1236=LINE('',#7962,#1688);
#1237=LINE('',#7966,#1689);
#1238=LINE('',#7969,#1690);
#1239=LINE('',#7971,#1691);
#1240=LINE('',#7973,#1692);
#1241=LINE('',#7974,#1693);
#1242=LINE('',#7976,#1694);
#1243=LINE('',#7982,#1695);
#1244=LINE('',#7983,#1696);
#1245=LINE('',#7986,#1697);
#1246=LINE('',#7987,#1698);
#1247=LINE('',#7990,#1699);
#1248=LINE('',#7993,#1700);
#1249=LINE('',#7996,#1701);
#1250=LINE('',#7997,#1702);
#1251=LINE('',#7999,#1703);
#1252=LINE('',#8000,#1704);
#1253=LINE('',#8003,#1705);
#1254=LINE('',#8007,#1706);
#1255=LINE('',#8008,#1707);
#1256=LINE('',#8012,#1708);
#1257=LINE('',#8015,#1709);
#1258=LINE('',#8018,#1710);
#1259=LINE('',#8021,#1711);
#1260=LINE('',#8022,#1712);
#1261=LINE('',#8026,#1713);
#1262=LINE('',#8029,#1714);
#1263=LINE('',#8033,#1715);
#1264=LINE('',#8036,#1716);
#1265=LINE('',#8038,#1717);
#1266=LINE('',#8040,#1718);
#1267=LINE('',#8041,#1719);
#1268=LINE('',#8043,#1720);
#1269=LINE('',#8047,#1721);
#1270=LINE('',#8050,#1722);
#1271=LINE('',#8053,#1723);
#1272=LINE('',#8054,#1724);
#1273=LINE('',#8058,#1725);
#1274=LINE('',#8061,#1726);
#1275=LINE('',#8065,#1727);
#1276=LINE('',#8068,#1728);
#1277=LINE('',#8070,#1729);
#1278=LINE('',#8072,#1730);
#1279=LINE('',#8073,#1731);
#1280=LINE('',#8075,#1732);
#1281=LINE('',#8079,#1733);
#1282=LINE('',#8082,#1734);
#1283=LINE('',#8085,#1735);
#1284=LINE('',#8086,#1736);
#1285=LINE('',#8088,#1737);
#1286=LINE('',#8090,#1738);
#1287=LINE('',#8091,#1739);
#1288=LINE('',#8093,#1740);
#1289=LINE('',#8094,#1741);
#1290=LINE('',#8099,#1742);
#1291=LINE('',#8100,#1743);
#1292=LINE('',#8102,#1744);
#1293=LINE('',#8107,#1745);
#1294=LINE('',#8108,#1746);
#1295=LINE('',#8110,#1747);
#1296=LINE('',#8112,#1748);
#1297=LINE('',#8115,#1749);
#1298=LINE('',#8119,#1750);
#1299=LINE('',#8125,#1751);
#1300=LINE('',#8126,#1752);
#1301=LINE('',#8128,#1753);
#1302=LINE('',#8133,#1754);
#1303=LINE('',#8134,#1755);
#1304=LINE('',#8136,#1756);
#1305=LINE('',#8138,#1757);
#1306=LINE('',#8141,#1758);
#1307=LINE('',#8149,#1759);
#1308=LINE('',#8153,#1760);
#1309=LINE('',#8155,#1761);
#1310=LINE('',#8157,#1762);
#1311=LINE('',#8158,#1763);
#1312=LINE('',#8161,#1764);
#1313=LINE('',#8163,#1765);
#1314=LINE('',#8164,#1766);
#1315=LINE('',#8167,#1767);
#1316=LINE('',#8169,#1768);
#1317=LINE('',#8170,#1769);
#1318=LINE('',#8172,#1770);
#1319=LINE('',#8173,#1771);
#1320=LINE('',#8182,#1772);
#1321=LINE('',#8185,#1773);
#1322=LINE('',#8188,#1774);
#1323=LINE('',#8190,#1775);
#1324=LINE('',#8191,#1776);
#1325=LINE('',#8194,#1777);
#1326=LINE('',#8196,#1778);
#1327=LINE('',#8198,#1779);
#1328=LINE('',#8202,#1780);
#1329=LINE('',#8204,#1781);
#1330=LINE('',#8207,#1782);
#1331=LINE('',#8212,#1783);
#1332=LINE('',#8213,#1784);
#1333=LINE('',#8216,#1785);
#1334=LINE('',#8217,#1786);
#1335=LINE('',#8220,#1787);
#1336=LINE('',#8222,#1788);
#1337=LINE('',#8223,#1789);
#1338=LINE('',#8227,#1790);
#1339=LINE('',#8229,#1791);
#1340=LINE('',#8232,#1792);
#1341=LINE('',#8233,#1793);
#1342=LINE('',#8235,#1794);
#1343=LINE('',#8237,#1795);
#1344=LINE('',#8262,#1796);
#1345=LINE('',#8263,#1797);
#1346=LINE('',#8268,#1798);
#1347=LINE('',#8269,#1799);
#1348=LINE('',#8288,#1800);
#1349=LINE('',#8289,#1801);
#1350=LINE('',#8294,#1802);
#1351=LINE('',#8295,#1803);
#1352=LINE('',#8314,#1804);
#1353=LINE('',#8315,#1805);
#1354=LINE('',#8320,#1806);
#1355=LINE('',#8321,#1807);
#1356=LINE('',#8347,#1808);
#1357=LINE('',#8348,#1809);
#1358=LINE('',#8353,#1810);
#1359=LINE('',#8354,#1811);
#1360=LINE('',#8373,#1812);
#1361=LINE('',#8374,#1813);
#1362=LINE('',#8376,#1814);
#1363=LINE('',#8377,#1815);
#1364=LINE('',#8382,#1816);
#1365=LINE('',#8383,#1817);
#1366=LINE('',#8388,#1818);
#1367=LINE('',#8389,#1819);
#1368=LINE('',#8394,#1820);
#1369=LINE('',#8395,#1821);
#1370=LINE('',#8408,#1822);
#1371=LINE('',#8411,#1823);
#1372=LINE('',#8412,#1824);
#1373=LINE('',#8415,#1825);
#1374=LINE('',#8418,#1826);
#1375=LINE('',#8421,#1827);
#1376=LINE('',#8423,#1828);
#1377=LINE('',#8425,#1829);
#1378=LINE('',#8426,#1830);
#1379=LINE('',#8429,#1831);
#1380=LINE('',#8433,#1832);
#1381=LINE('',#8437,#1833);
#1382=LINE('',#8440,#1834);
#1383=LINE('',#8443,#1835);
#1384=LINE('',#8445,#1836);
#1385=LINE('',#8446,#1837);
#1386=LINE('',#8449,#1838);
#1387=LINE('',#8450,#1839);
#1388=LINE('',#8453,#1840);
#1389=LINE('',#8454,#1841);
#1390=LINE('',#8457,#1842);
#1391=LINE('',#8466,#1843);
#1392=LINE('',#8475,#1844);
#1393=LINE('',#8477,#1845);
#1394=LINE('',#8479,#1846);
#1395=LINE('',#8488,#1847);
#1396=LINE('',#8490,#1848);
#1397=LINE('',#8492,#1849);
#1398=LINE('',#8501,#1850);
#1399=LINE('',#8503,#1851);
#1400=LINE('',#8505,#1852);
#1401=LINE('',#8514,#1853);
#1402=LINE('',#8522,#1854);
#1403=LINE('',#8524,#1855);
#1404=LINE('',#8525,#1856);
#1405=LINE('',#8558,#1857);
#1406=LINE('',#8559,#1858);
#1407=LINE('',#8595,#1859);
#1408=LINE('',#8596,#1860);
#1409=LINE('',#8598,#1861);
#1410=LINE('',#8599,#1862);
#1411=LINE('',#8614,#1863);
#1412=LINE('',#8615,#1864);
#1413=LINE('',#8651,#1865);
#1414=LINE('',#8652,#1866);
#1415=LINE('',#8654,#1867);
#1416=LINE('',#8655,#1868);
#1417=LINE('',#8698,#1869);
#1418=LINE('',#8699,#1870);
#1419=LINE('',#8701,#1871);
#1420=LINE('',#8702,#1872);
#1421=LINE('',#8721,#1873);
#1422=LINE('',#8722,#1874);
#1423=LINE('',#8724,#1875);
#1424=LINE('',#8725,#1876);
#1425=LINE('',#8727,#1877);
#1426=LINE('',#8728,#1878);
#1427=LINE('',#8730,#1879);
#1428=LINE('',#8731,#1880);
#1429=LINE('',#8736,#1881);
#1430=LINE('',#8737,#1882);
#1431=LINE('',#8742,#1883);
#1432=LINE('',#8743,#1884);
#1433=LINE('',#8745,#1885);
#1434=LINE('',#8746,#1886);
#1435=LINE('',#8748,#1887);
#1436=LINE('',#8749,#1888);
#1437=LINE('',#8751,#1889);
#1438=LINE('',#8752,#1890);
#1439=LINE('',#8760,#1891);
#1440=LINE('',#8761,#1892);
#1441=LINE('',#8763,#1893);
#1442=LINE('',#8764,#1894);
#1443=LINE('',#8769,#1895);
#1444=LINE('',#8770,#1896);
#1445=LINE('',#8777,#1897);
#1446=LINE('',#8781,#1898);
#1447=LINE('',#8783,#1899);
#1448=LINE('',#8785,#1900);
#1449=LINE('',#8786,#1901);
#1450=LINE('',#8801,#1902);
#1451=LINE('',#8806,#1903);
#1452=LINE('',#8809,#1904);
#1453=LINE('',#8811,#1905);
#1454=LINE('',#8815,#1906);
#1455=LINE('',#8817,#1907);
#1456=LINE('',#8820,#1908);
#1457=LINE('',#8821,#1909);
#1458=LINE('',#8824,#1910);
#1459=LINE('',#8825,#1911);
#1460=LINE('',#8828,#1912);
#1461=LINE('',#8829,#1913);
#1462=LINE('',#8831,#1914);
#1463=LINE('',#8874,#1915);
#1464=LINE('',#8875,#1916);
#1465=LINE('',#8884,#1917);
#1466=LINE('',#8885,#1918);
#1467=LINE('',#8894,#1919);
#1468=LINE('',#8895,#1920);
#1469=LINE('',#8898,#1921);
#1470=LINE('',#8900,#1922);
#1471=LINE('',#8920,#1923);
#1472=LINE('',#8921,#1924);
#1473=LINE('',#8923,#1925);
#1474=LINE('',#8924,#1926);
#1475=LINE('',#8943,#1927);
#1476=LINE('',#8945,#1928);
#1477=LINE('',#8955,#1929);
#1478=LINE('',#8956,#1930);
#1479=LINE('',#8971,#1931);
#1480=LINE('',#8972,#1932);
#1481=LINE('',#8991,#1933);
#1482=LINE('',#8992,#1934);
#1483=LINE('',#8994,#1935);
#1484=LINE('',#8995,#1936);
#1485=LINE('',#8998,#1937);
#1486=LINE('',#8999,#1938);
#1487=LINE('',#9002,#1939);
#1488=LINE('',#9004,#1940);
#1489=LINE('',#9005,#1941);
#1490=LINE('',#9008,#1942);
#1491=LINE('',#9010,#1943);
#1492=LINE('',#9013,#1944);
#1493=LINE('',#9014,#1945);
#1494=LINE('',#9016,#1946);
#1495=LINE('',#9017,#1947);
#1496=LINE('',#9019,#1948);
#1497=LINE('',#9020,#1949);
#1498=LINE('',#9025,#1950);
#1499=LINE('',#9026,#1951);
#1500=LINE('',#9031,#1952);
#1501=LINE('',#9032,#1953);
#1502=LINE('',#9034,#1954);
#1503=LINE('',#9037,#1955);
#1504=LINE('',#9041,#1956);
#1505=LINE('',#9043,#1957);
#1506=LINE('',#9045,#1958);
#1507=LINE('',#9046,#1959);
#1508=LINE('',#9059,#1960);
#1509=LINE('',#9064,#1961);
#1510=LINE('',#9066,#1962);
#1511=LINE('',#9068,#1963);
#1512=LINE('',#9070,#1964);
#1513=LINE('',#9076,#1965);
#1514=LINE('',#9078,#1966);
#1515=LINE('',#9080,#1967);
#1516=LINE('',#9081,#1968);
#1517=LINE('',#9084,#1969);
#1518=LINE('',#9086,#1970);
#1519=LINE('',#9087,#1971);
#1520=LINE('',#9090,#1972);
#1521=LINE('',#9092,#1973);
#1522=LINE('',#9093,#1974);
#1523=LINE('',#9095,#1975);
#1524=LINE('',#9096,#1976);
#1525=VECTOR('',#5721,10.);
#1526=VECTOR('',#5722,10.);
#1527=VECTOR('',#5723,10.);
#1528=VECTOR('',#5724,10.);
#1529=VECTOR('',#5727,10.);
#1530=VECTOR('',#5728,10.);
#1531=VECTOR('',#5729,10.);
#1532=VECTOR('',#5730,10.);
#1533=VECTOR('',#5731,10.);
#1534=VECTOR('',#5732,10.);
#1535=VECTOR('',#5733,10.);
#1536=VECTOR('',#5734,10.);
#1537=VECTOR('',#5735,10.);
#1538=VECTOR('',#5738,10.);
#1539=VECTOR('',#5739,10.);
#1540=VECTOR('',#5740,10.);
#1541=VECTOR('',#5741,10.);
#1542=VECTOR('',#5742,10.);
#1543=VECTOR('',#5743,10.);
#1544=VECTOR('',#5746,10.);
#1545=VECTOR('',#5747,10.);
#1546=VECTOR('',#5750,10.);
#1547=VECTOR('',#5751,10.);
#1548=VECTOR('',#5752,10.);
#1549=VECTOR('',#5753,10.);
#1550=VECTOR('',#5754,10.);
#1551=VECTOR('',#5755,10.);
#1552=VECTOR('',#5758,10.);
#1553=VECTOR('',#5759,10.);
#1554=VECTOR('',#5760,10.);
#1555=VECTOR('',#5761,10.);
#1556=VECTOR('',#5764,10.);
#1557=VECTOR('',#5765,10.);
#1558=VECTOR('',#5766,10.);
#1559=VECTOR('',#5769,10.);
#1560=VECTOR('',#5770,10.);
#1561=VECTOR('',#5771,10.);
#1562=VECTOR('',#5774,10.);
#1563=VECTOR('',#5775,10.);
#1564=VECTOR('',#5776,10.);
#1565=VECTOR('',#5779,10.);
#1566=VECTOR('',#5780,10.);
#1567=VECTOR('',#5791,0.4);
#1568=VECTOR('',#5802,0.4);
#1569=VECTOR('',#5809,0.725);
#1570=VECTOR('',#5818,0.725);
#1571=VECTOR('',#5827,0.75);
#1572=VECTOR('',#5834,10.);
#1573=VECTOR('',#5837,10.);
#1574=VECTOR('',#5842,10.);
#1575=VECTOR('',#5845,10.);
#1576=VECTOR('',#5850,10.);
#1577=VECTOR('',#5851,10.);
#1578=VECTOR('',#5854,10.);
#1579=VECTOR('',#5855,10.);
#1580=VECTOR('',#5860,10.);
#1581=VECTOR('',#5863,10.);
#1582=VECTOR('',#5868,10.);
#1583=VECTOR('',#5871,10.);
#1584=VECTOR('',#5876,10.);
#1585=VECTOR('',#5877,10.);
#1586=VECTOR('',#5880,10.);
#1587=VECTOR('',#5881,10.);
#1588=VECTOR('',#5886,10.);
#1589=VECTOR('',#5889,10.);
#1590=VECTOR('',#5894,10.);
#1591=VECTOR('',#5897,10.);
#1592=VECTOR('',#5902,10.);
#1593=VECTOR('',#5903,10.);
#1594=VECTOR('',#5906,10.);
#1595=VECTOR('',#5907,10.);
#1596=VECTOR('',#5912,10.);
#1597=VECTOR('',#5913,10.);
#1598=VECTOR('',#5914,10.);
#1599=VECTOR('',#5915,10.);
#1600=VECTOR('',#5918,10.);
#1601=VECTOR('',#5919,10.);
#1602=VECTOR('',#5920,10.);
#1603=VECTOR('',#5923,10.);
#1604=VECTOR('',#5924,10.);
#1605=VECTOR('',#5925,10.);
#1606=VECTOR('',#5928,10.);
#1607=VECTOR('',#5929,10.);
#1608=VECTOR('',#5932,10.);
#1609=VECTOR('',#5933,10.);
#1610=VECTOR('',#5934,10.);
#1611=VECTOR('',#5935,10.);
#1612=VECTOR('',#5938,10.);
#1613=VECTOR('',#5939,10.);
#1614=VECTOR('',#5940,10.);
#1615=VECTOR('',#5943,10.);
#1616=VECTOR('',#5944,10.);
#1617=VECTOR('',#5945,10.);
#1618=VECTOR('',#5948,10.);
#1619=VECTOR('',#5949,10.);
#1620=VECTOR('',#5954,10.);
#1621=VECTOR('',#5957,10.);
#1622=VECTOR('',#5960,10.);
#1623=VECTOR('',#5961,10.);
#1624=VECTOR('',#5964,10.);
#1625=VECTOR('',#5967,10.);
#1626=VECTOR('',#5970,10.);
#1627=VECTOR('',#5973,10.);
#1628=VECTOR('',#5976,10.);
#1629=VECTOR('',#5979,10.);
#1630=VECTOR('',#5982,10.);
#1631=VECTOR('',#5985,10.);
#1632=VECTOR('',#5986,10.);
#1633=VECTOR('',#5989,10.);
#1634=VECTOR('',#5992,10.);
#1635=VECTOR('',#5995,10.);
#1636=VECTOR('',#5998,10.);
#1637=VECTOR('',#6001,10.);
#1638=VECTOR('',#6004,10.);
#1639=VECTOR('',#6007,10.);
#1640=VECTOR('',#6010,10.);
#1641=VECTOR('',#6011,10.);
#1642=VECTOR('',#6014,10.);
#1643=VECTOR('',#6017,10.);
#1644=VECTOR('',#6020,10.);
#1645=VECTOR('',#6023,10.);
#1646=VECTOR('',#6026,10.);
#1647=VECTOR('',#6029,10.);
#1648=VECTOR('',#6032,10.);
#1649=VECTOR('',#6035,10.);
#1650=VECTOR('',#6036,10.);
#1651=VECTOR('',#6039,10.);
#1652=VECTOR('',#6042,10.);
#1653=VECTOR('',#6045,10.);
#1654=VECTOR('',#6048,10.);
#1655=VECTOR('',#6051,10.);
#1656=VECTOR('',#6054,10.);
#1657=VECTOR('',#6057,10.);
#1658=VECTOR('',#6060,10.);
#1659=VECTOR('',#6061,10.);
#1660=VECTOR('',#6062,10.);
#1661=VECTOR('',#6063,10.);
#1662=VECTOR('',#6064,10.);
#1663=VECTOR('',#6065,10.);
#1664=VECTOR('',#6066,10.);
#1665=VECTOR('',#6067,10.);
#1666=VECTOR('',#6072,10.);
#1667=VECTOR('',#6073,10.);
#1668=VECTOR('',#6076,10.);
#1669=VECTOR('',#6079,10.);
#1670=VECTOR('',#6082,10.);
#1671=VECTOR('',#6085,10.);
#1672=VECTOR('',#6088,10.);
#1673=VECTOR('',#6091,10.);
#1674=VECTOR('',#6096,10.);
#1675=VECTOR('',#6103,10.);
#1676=VECTOR('',#6104,10.);
#1677=VECTOR('',#6107,10.);
#1678=VECTOR('',#6110,10.);
#1679=VECTOR('',#6113,10.);
#1680=VECTOR('',#6116,10.);
#1681=VECTOR('',#6119,10.);
#1682=VECTOR('',#6122,10.);
#1683=VECTOR('',#6127,10.);
#1684=VECTOR('',#6130,10.);
#1685=VECTOR('',#6133,10.);
#1686=VECTOR('',#6134,10.);
#1687=VECTOR('',#6139,10.);
#1688=VECTOR('',#6142,10.);
#1689=VECTOR('',#6145,10.);
#1690=VECTOR('',#6148,10.);
#1691=VECTOR('',#6151,10.);
#1692=VECTOR('',#6154,10.);
#1693=VECTOR('',#6155,10.);
#1694=VECTOR('',#6158,10.);
#1695=VECTOR('',#6165,10.);
#1696=VECTOR('',#6166,10.);
#1697=VECTOR('',#6169,10.);
#1698=VECTOR('',#6170,10.);
#1699=VECTOR('',#6173,10.);
#1700=VECTOR('',#6176,10.);
#1701=VECTOR('',#6179,10.);
#1702=VECTOR('',#6180,10.);
#1703=VECTOR('',#6181,10.);
#1704=VECTOR('',#6182,10.);
#1705=VECTOR('',#6185,10.);
#1706=VECTOR('',#6190,10.);
#1707=VECTOR('',#6191,10.);
#1708=VECTOR('',#6198,10.);
#1709=VECTOR('',#6201,10.);
#1710=VECTOR('',#6204,10.);
#1711=VECTOR('',#6207,10.);
#1712=VECTOR('',#6208,10.);
#1713=VECTOR('',#6213,10.);
#1714=VECTOR('',#6216,10.);
#1715=VECTOR('',#6219,10.);
#1716=VECTOR('',#6222,10.);
#1717=VECTOR('',#6225,10.);
#1718=VECTOR('',#6228,10.);
#1719=VECTOR('',#6229,10.);
#1720=VECTOR('',#6232,10.);
#1721=VECTOR('',#6237,10.);
#1722=VECTOR('',#6240,10.);
#1723=VECTOR('',#6243,10.);
#1724=VECTOR('',#6244,10.);
#1725=VECTOR('',#6249,10.);
#1726=VECTOR('',#6252,10.);
#1727=VECTOR('',#6255,10.);
#1728=VECTOR('',#6258,10.);
#1729=VECTOR('',#6261,10.);
#1730=VECTOR('',#6264,10.);
#1731=VECTOR('',#6265,10.);
#1732=VECTOR('',#6268,10.);
#1733=VECTOR('',#6273,10.);
#1734=VECTOR('',#6276,10.);
#1735=VECTOR('',#6279,10.);
#1736=VECTOR('',#6280,10.);
#1737=VECTOR('',#6281,10.);
#1738=VECTOR('',#6282,10.);
#1739=VECTOR('',#6283,10.);
#1740=VECTOR('',#6284,10.);
#1741=VECTOR('',#6285,10.);
#1742=VECTOR('',#6290,10.);
#1743=VECTOR('',#6291,10.);
#1744=VECTOR('',#6294,10.);
#1745=VECTOR('',#6299,10.);
#1746=VECTOR('',#6300,10.);
#1747=VECTOR('',#6303,10.);
#1748=VECTOR('',#6304,10.);
#1749=VECTOR('',#6309,10.);
#1750=VECTOR('',#6314,10.);
#1751=VECTOR('',#6321,10.);
#1752=VECTOR('',#6322,10.);
#1753=VECTOR('',#6325,10.);
#1754=VECTOR('',#6330,10.);
#1755=VECTOR('',#6331,10.);
#1756=VECTOR('',#6334,10.);
#1757=VECTOR('',#6335,10.);
#1758=VECTOR('',#6340,10.);
#1759=VECTOR('',#6355,10.);
#1760=VECTOR('',#6358,10.);
#1761=VECTOR('',#6359,10.);
#1762=VECTOR('',#6360,10.);
#1763=VECTOR('',#6361,10.);
#1764=VECTOR('',#6364,10.);
#1765=VECTOR('',#6365,10.);
#1766=VECTOR('',#6366,10.);
#1767=VECTOR('',#6369,10.);
#1768=VECTOR('',#6370,10.);
#1769=VECTOR('',#6371,10.);
#1770=VECTOR('',#6374,10.);
#1771=VECTOR('',#6375,10.);
#1772=VECTOR('',#6386,10.);
#1773=VECTOR('',#6389,10.);
#1774=VECTOR('',#6392,10.);
#1775=VECTOR('',#6393,10.);
#1776=VECTOR('',#6394,10.);
#1777=VECTOR('',#6397,10.);
#1778=VECTOR('',#6398,10.);
#1779=VECTOR('',#6399,10.);
#1780=VECTOR('',#6402,10.);
#1781=VECTOR('',#6403,10.);
#1782=VECTOR('',#6406,10.);
#1783=VECTOR('',#6411,10.);
#1784=VECTOR('',#6412,10.);
#1785=VECTOR('',#6415,10.);
#1786=VECTOR('',#6416,10.);
#1787=VECTOR('',#6419,10.);
#1788=VECTOR('',#6420,10.);
#1789=VECTOR('',#6421,10.);
#1790=VECTOR('',#6426,10.);
#1791=VECTOR('',#6429,10.);
#1792=VECTOR('',#6432,10.);
#1793=VECTOR('',#6433,10.);
#1794=VECTOR('',#6436,10.);
#1795=VECTOR('',#6439,10.);
#1796=VECTOR('',#6462,10.);
#1797=VECTOR('',#6463,10.);
#1798=VECTOR('',#6468,10.);
#1799=VECTOR('',#6469,10.);
#1800=VECTOR('',#6480,10.);
#1801=VECTOR('',#6481,10.);
#1802=VECTOR('',#6486,10.);
#1803=VECTOR('',#6487,10.);
#1804=VECTOR('',#6498,10.);
#1805=VECTOR('',#6499,10.);
#1806=VECTOR('',#6504,10.);
#1807=VECTOR('',#6505,10.);
#1808=VECTOR('',#6524,10.);
#1809=VECTOR('',#6525,10.);
#1810=VECTOR('',#6530,10.);
#1811=VECTOR('',#6531,10.);
#1812=VECTOR('',#6542,10.);
#1813=VECTOR('',#6543,10.);
#1814=VECTOR('',#6546,10.);
#1815=VECTOR('',#6547,10.);
#1816=VECTOR('',#6552,10.);
#1817=VECTOR('',#6553,10.);
#1818=VECTOR('',#6558,10.);
#1819=VECTOR('',#6559,10.);
#1820=VECTOR('',#6564,10.);
#1821=VECTOR('',#6565,10.);
#1822=VECTOR('',#6574,10.);
#1823=VECTOR('',#6577,10.);
#1824=VECTOR('',#6578,10.);
#1825=VECTOR('',#6581,10.);
#1826=VECTOR('',#6584,10.);
#1827=VECTOR('',#6587,10.);
#1828=VECTOR('',#6588,10.);
#1829=VECTOR('',#6589,10.);
#1830=VECTOR('',#6590,10.);
#1831=VECTOR('',#6593,10.);
#1832=VECTOR('',#6598,10.);
#1833=VECTOR('',#6603,10.);
#1834=VECTOR('',#6608,10.);
#1835=VECTOR('',#6611,10.);
#1836=VECTOR('',#6612,10.);
#1837=VECTOR('',#6613,10.);
#1838=VECTOR('',#6616,10.);
#1839=VECTOR('',#6617,10.);
#1840=VECTOR('',#6620,10.);
#1841=VECTOR('',#6621,10.);
#1842=VECTOR('',#6624,10.);
#1843=VECTOR('',#6625,10.);
#1844=VECTOR('',#6626,10.);
#1845=VECTOR('',#6627,10.);
#1846=VECTOR('',#6628,10.);
#1847=VECTOR('',#6629,10.);
#1848=VECTOR('',#6630,10.);
#1849=VECTOR('',#6631,10.);
#1850=VECTOR('',#6632,10.);
#1851=VECTOR('',#6633,10.);
#1852=VECTOR('',#6634,10.);
#1853=VECTOR('',#6635,10.);
#1854=VECTOR('',#6636,10.);
#1855=VECTOR('',#6637,10.);
#1856=VECTOR('',#6638,10.);
#1857=VECTOR('',#6665,10.);
#1858=VECTOR('',#6666,10.);
#1859=VECTOR('',#6685,10.);
#1860=VECTOR('',#6686,10.);
#1861=VECTOR('',#6689,10.);
#1862=VECTOR('',#6690,10.);
#1863=VECTOR('',#6709,10.);
#1864=VECTOR('',#6710,10.);
#1865=VECTOR('',#6729,10.);
#1866=VECTOR('',#6730,10.);
#1867=VECTOR('',#6733,10.);
#1868=VECTOR('',#6734,10.);
#1869=VECTOR('',#6761,10.);
#1870=VECTOR('',#6762,10.);
#1871=VECTOR('',#6765,10.);
#1872=VECTOR('',#6766,10.);
#1873=VECTOR('',#6777,10.);
#1874=VECTOR('',#6778,10.);
#1875=VECTOR('',#6781,10.);
#1876=VECTOR('',#6782,10.);
#1877=VECTOR('',#6785,10.);
#1878=VECTOR('',#6786,10.);
#1879=VECTOR('',#6789,10.);
#1880=VECTOR('',#6790,10.);
#1881=VECTOR('',#6795,10.);
#1882=VECTOR('',#6796,10.);
#1883=VECTOR('',#6805,10.);
#1884=VECTOR('',#6806,10.);
#1885=VECTOR('',#6809,10.);
#1886=VECTOR('',#6810,10.);
#1887=VECTOR('',#6813,10.);
#1888=VECTOR('',#6814,10.);
#1889=VECTOR('',#6817,10.);
#1890=VECTOR('',#6818,10.);
#1891=VECTOR('',#6829,10.);
#1892=VECTOR('',#6830,10.);
#1893=VECTOR('',#6833,10.);
#1894=VECTOR('',#6834,10.);
#1895=VECTOR('',#6839,10.);
#1896=VECTOR('',#6840,10.);
#1897=VECTOR('',#6851,10.);
#1898=VECTOR('',#6856,10.);
#1899=VECTOR('',#6857,10.);
#1900=VECTOR('',#6858,10.);
#1901=VECTOR('',#6859,10.);
#1902=VECTOR('',#6886,10.);
#1903=VECTOR('',#6893,10.);
#1904=VECTOR('',#6896,10.);
#1905=VECTOR('',#6897,10.);
#1906=VECTOR('',#6902,10.);
#1907=VECTOR('',#6903,10.);
#1908=VECTOR('',#6908,10.);
#1909=VECTOR('',#6909,10.);
#1910=VECTOR('',#6912,10.);
#1911=VECTOR('',#6913,10.);
#1912=VECTOR('',#6916,10.);
#1913=VECTOR('',#6917,10.);
#1914=VECTOR('',#6920,10.);
#1915=VECTOR('',#6947,10.);
#1916=VECTOR('',#6948,10.);
#1917=VECTOR('',#6959,10.);
#1918=VECTOR('',#6960,10.);
#1919=VECTOR('',#6971,10.);
#1920=VECTOR('',#6972,10.);
#1921=VECTOR('',#6975,10.);
#1922=VECTOR('',#6976,10.);
#1923=VECTOR('',#6989,10.);
#1924=VECTOR('',#6990,10.);
#1925=VECTOR('',#6993,10.);
#1926=VECTOR('',#6994,10.);
#1927=VECTOR('',#7005,10.);
#1928=VECTOR('',#7006,10.);
#1929=VECTOR('',#7019,10.);
#1930=VECTOR('',#7020,10.);
#1931=VECTOR('',#7039,10.);
#1932=VECTOR('',#7040,10.);
#1933=VECTOR('',#7051,10.);
#1934=VECTOR('',#7052,10.);
#1935=VECTOR('',#7055,10.);
#1936=VECTOR('',#7056,10.);
#1937=VECTOR('',#7059,10.);
#1938=VECTOR('',#7060,10.);
#1939=VECTOR('',#7065,10.);
#1940=VECTOR('',#7068,10.);
#1941=VECTOR('',#7069,10.);
#1942=VECTOR('',#7072,10.);
#1943=VECTOR('',#7073,10.);
#1944=VECTOR('',#7078,10.);
#1945=VECTOR('',#7079,10.);
#1946=VECTOR('',#7082,10.);
#1947=VECTOR('',#7083,10.);
#1948=VECTOR('',#7086,10.);
#1949=VECTOR('',#7087,10.);
#1950=VECTOR('',#7092,10.);
#1951=VECTOR('',#7093,10.);
#1952=VECTOR('',#7102,10.);
#1953=VECTOR('',#7103,10.);
#1954=VECTOR('',#7106,10.);
#1955=VECTOR('',#7109,10.);
#1956=VECTOR('',#7114,10.);
#1957=VECTOR('',#7115,10.);
#1958=VECTOR('',#7116,10.);
#1959=VECTOR('',#7117,10.);
#1960=VECTOR('',#7142,10.);
#1961=VECTOR('',#7151,10.);
#1962=VECTOR('',#7154,10.);
#1963=VECTOR('',#7157,10.);
#1964=VECTOR('',#7160,10.);
#1965=VECTOR('',#7167,10.);
#1966=VECTOR('',#7168,10.);
#1967=VECTOR('',#7169,10.);
#1968=VECTOR('',#7170,10.);
#1969=VECTOR('',#7173,10.);
#1970=VECTOR('',#7174,10.);
#1971=VECTOR('',#7175,10.);
#1972=VECTOR('',#7178,10.);
#1973=VECTOR('',#7179,10.);
#1974=VECTOR('',#7180,10.);
#1975=VECTOR('',#7183,10.);
#1976=VECTOR('',#7184,10.);
#1977=B_SPLINE_CURVE_WITH_KNOTS('',3,(#7202,#7203,#7204,#7205),
 .UNSPECIFIED.,.F.,.F.,(4,4),(-0.0303007476514671,0.),.UNSPECIFIED.);
#1978=B_SPLINE_CURVE_WITH_KNOTS('',3,(#7209,#7210,#7211,#7212,#7213,#7214,
#7215),.UNSPECIFIED.,.F.,.F.,(4,3,4),(-0.0368672710719739,-0.018433635535987,
0.),.UNSPECIFIED.);
#1979=B_SPLINE_CURVE_WITH_KNOTS('',3,(#7217,#7218,#7219,#7220,#7221,#7222,
#7223),.UNSPECIFIED.,.F.,.F.,(4,3,4),(-0.0545527534527447,-0.0272763767263724,
0.),.UNSPECIFIED.);
#1980=B_SPLINE_CURVE_WITH_KNOTS('',3,(#7225,#7226,#7227,#7228,#7229,#7230,
#7231,#7232,#7233,#7234),.UNSPECIFIED.,.F.,.F.,(4,3,3,4),(-0.0197829400189794,
-0.0131886266793196,-0.00659431333965981,0.),.UNSPECIFIED.);
#1981=B_SPLINE_CURVE_WITH_KNOTS('',3,(#7236,#7237,#7238,#7239,#7240,#7241,
#7242),.UNSPECIFIED.,.F.,.F.,(4,3,4),(-0.0273273149525392,-0.0136636574762696,
0.),.UNSPECIFIED.);
#1982=B_SPLINE_CURVE_WITH_KNOTS('',3,(#7244,#7245,#7246,#7247,#7248,#7249,
#7250),.UNSPECIFIED.,.F.,.F.,(4,3,4),(-0.0309214467331855,-0.0154607233665928,
0.),.UNSPECIFIED.);
#1983=B_SPLINE_CURVE_WITH_KNOTS('',3,(#7252,#7253,#7254,#7255,#7256,#7257,
#7258),.UNSPECIFIED.,.F.,.F.,(4,3,4),(-0.0515222167267701,-0.025761108363385,
0.),.UNSPECIFIED.);
#1984=B_SPLINE_CURVE_WITH_KNOTS('',3,(#7262,#7263,#7264,#7265,#7266,#7267,
#7268),.UNSPECIFIED.,.F.,.F.,(4,3,4),(-0.0258525472344493,-0.0129262736172246,
0.),.UNSPECIFIED.);
#1985=B_SPLINE_CURVE_WITH_KNOTS('',3,(#7270,#7271,#7272,#7273,#7274,#7275,
#7276),.UNSPECIFIED.,.F.,.F.,(4,3,4),(-0.0289397177741565,-0.0144698588870782,
0.),.UNSPECIFIED.);
#1986=B_SPLINE_CURVE_WITH_KNOTS('',3,(#7278,#7279,#7280,#7281,#7282,#7283,
#7284),.UNSPECIFIED.,.F.,.F.,(4,3,4),(-0.0334492134970648,-0.0167246067485324,
0.),.UNSPECIFIED.);
#1987=B_SPLINE_CURVE_WITH_KNOTS('',3,(#7290,#7291,#7292,#7293),
 .UNSPECIFIED.,.F.,.F.,(4,4),(-0.00717728838643159,0.),.UNSPECIFIED.);
#1988=B_SPLINE_CURVE_WITH_KNOTS('',3,(#7295,#7296,#7297,#7298,#7299,#7300,
#7301),.UNSPECIFIED.,.F.,.F.,(4,3,4),(-0.037917140991301,-0.0189585704956505,
0.),.UNSPECIFIED.);
#1989=B_SPLINE_CURVE_WITH_KNOTS('',3,(#7302,#7303,#7304,#7305,#7306,#7307,
#7308),.UNSPECIFIED.,.F.,.F.,(4,3,4),(-0.023908589848508,-0.011954294924254,
0.),.UNSPECIFIED.);
#1990=B_SPLINE_CURVE_WITH_KNOTS('',2,(#7325,#7326,#7327,#7328),
 .UNSPECIFIED.,.F.,.F.,(3,1,3),(0.,1.,2.),.UNSPECIFIED.);
#1991=B_SPLINE_CURVE_WITH_KNOTS('',2,(#7339,#7340,#7341,#7342),
 .UNSPECIFIED.,.F.,.F.,(3,1,3),(0.,1.,2.),.UNSPECIFIED.);
#1992=B_SPLINE_CURVE_WITH_KNOTS('',2,(#7353,#7354,#7355,#7356),
 .UNSPECIFIED.,.F.,.F.,(3,1,3),(0.,1.,2.),.UNSPECIFIED.);
#1993=B_SPLINE_CURVE_WITH_KNOTS('',2,(#7369,#7370,#7371,#7372,#7373),
 .UNSPECIFIED.,.F.,.F.,(3,1,1,3),(0.,1.,2.,3.),.UNSPECIFIED.);
#1994=B_SPLINE_CURVE_WITH_KNOTS('',2,(#7384,#7385,#7386,#7387),
 .UNSPECIFIED.,.F.,.F.,(3,1,3),(0.,1.,2.),.UNSPECIFIED.);
#1995=B_SPLINE_CURVE_WITH_KNOTS('',2,(#7398,#7399,#7400,#7401),
 .UNSPECIFIED.,.F.,.F.,(3,1,3),(0.,1.,2.),.UNSPECIFIED.);
#1996=B_SPLINE_CURVE_WITH_KNOTS('',2,(#7414,#7415,#7416),.UNSPECIFIED.,
 .F.,.F.,(3,3),(0.,1.),.UNSPECIFIED.);
#1997=B_SPLINE_CURVE_WITH_KNOTS('',2,(#7427,#7428,#7429,#7430),
 .UNSPECIFIED.,.F.,.F.,(3,1,3),(0.,1.,2.),.UNSPECIFIED.);
#1998=B_SPLINE_CURVE_WITH_KNOTS('',2,(#7441,#7442,#7443,#7444),
 .UNSPECIFIED.,.F.,.F.,(3,1,3),(0.,1.,2.),.UNSPECIFIED.);
#1999=B_SPLINE_CURVE_WITH_KNOTS('',2,(#7453,#7454,#7455),.UNSPECIFIED.,
 .F.,.F.,(3,3),(0.,1.),.UNSPECIFIED.);
#2000=B_SPLINE_CURVE_WITH_KNOTS('',2,(#7474,#7475,#7476,#7477),
 .UNSPECIFIED.,.F.,.F.,(3,1,3),(0.,1.,2.),.UNSPECIFIED.);
#2001=B_SPLINE_CURVE_WITH_KNOTS('',2,(#7488,#7489,#7490,#7491),
 .UNSPECIFIED.,.F.,.F.,(3,1,3),(0.,1.,2.),.UNSPECIFIED.);
#2002=B_SPLINE_CURVE_WITH_KNOTS('',2,(#7500,#7501,#7502,#7503),
 .UNSPECIFIED.,.F.,.F.,(3,1,3),(0.,1.,2.),.UNSPECIFIED.);
#2003=B_SPLINE_CURVE_WITH_KNOTS('',3,(#7514,#7515,#7516,#7517,#7518,#7519,
#7520),.UNSPECIFIED.,.F.,.F.,(4,3,4),(-0.0621670329517202,-0.0310835164758601,
0.),.UNSPECIFIED.);
#2004=B_SPLINE_CURVE_WITH_KNOTS('',2,(#7524,#7525,#7526,#7527),
 .UNSPECIFIED.,.F.,.F.,(3,1,3),(0.,1.,2.),.UNSPECIFIED.);
#2005=B_SPLINE_CURVE_WITH_KNOTS('',3,(#7544,#7545,#7546,#7547,#7548,#7549,
#7550),.UNSPECIFIED.,.F.,.F.,(4,3,4),(-0.0330233485942404,-0.0165116742971202,
0.),.UNSPECIFIED.);
#2006=B_SPLINE_CURVE_WITH_KNOTS('',2,(#7552,#7553,#7554,#7555),
 .UNSPECIFIED.,.F.,.F.,(3,1,3),(0.,1.,2.),.UNSPECIFIED.);
#2007=B_SPLINE_CURVE_WITH_KNOTS('',3,(#8254,#8255,#8256,#8257,#8258,#8259),
 .UNSPECIFIED.,.F.,.F.,(4,2,4),(0.0252766120019255,0.029099773330059,0.0349779142867044),
 .UNSPECIFIED.);
#2008=B_SPLINE_CURVE_WITH_KNOTS('',3,(#8399,#8400,#8401,#8402,#8403,#8404),
 .UNSPECIFIED.,.F.,.F.,(4,2,4),(0.,0.00587814095664539,0.0097013022847789),
 .UNSPECIFIED.);
#2009=B_SPLINE_CURVE_WITH_KNOTS('',3,(#8459,#8460,#8461,#8462,#8463,#8464),
 .UNSPECIFIED.,.F.,.F.,(4,2,4),(0.,0.00587814095664543,0.00970130228477895),
 .UNSPECIFIED.);
#2010=B_SPLINE_CURVE_WITH_KNOTS('',3,(#8468,#8469,#8470,#8471,#8472,#8473),
 .UNSPECIFIED.,.F.,.F.,(4,2,4),(0.0252766120019254,0.029099773330059,0.0349779142867044),
 .UNSPECIFIED.);
#2011=B_SPLINE_CURVE_WITH_KNOTS('',3,(#8481,#8482,#8483,#8484,#8485,#8486),
 .UNSPECIFIED.,.F.,.F.,(4,2,4),(0.,0.00587814095664543,0.00970130228477895),
 .UNSPECIFIED.);
#2012=B_SPLINE_CURVE_WITH_KNOTS('',3,(#8494,#8495,#8496,#8497,#8498,#8499),
 .UNSPECIFIED.,.F.,.F.,(4,2,4),(0.0252766120019254,0.0290997733300589,0.0349779142867044),
 .UNSPECIFIED.);
#2013=B_SPLINE_CURVE_WITH_KNOTS('',3,(#8507,#8508,#8509,#8510,#8511,#8512),
 .UNSPECIFIED.,.F.,.F.,(4,2,4),(0.,0.00587814095664543,0.00970130228477895),
 .UNSPECIFIED.);
#2014=B_SPLINE_CURVE_WITH_KNOTS('',3,(#8516,#8517,#8518,#8519,#8520,#8521),
 .UNSPECIFIED.,.F.,.F.,(4,2,4),(0.0252766120019254,0.0290997733300589,0.0349779142867044),
 .UNSPECIFIED.);
#2015=VERTEX_POINT('',#7200);
#2016=VERTEX_POINT('',#7201);
#2017=VERTEX_POINT('',#7206);
#2018=VERTEX_POINT('',#7208);
#2019=VERTEX_POINT('',#7216);
#2020=VERTEX_POINT('',#7224);
#2021=VERTEX_POINT('',#7235);
#2022=VERTEX_POINT('',#7243);
#2023=VERTEX_POINT('',#7251);
#2024=VERTEX_POINT('',#7259);
#2025=VERTEX_POINT('',#7261);
#2026=VERTEX_POINT('',#7269);
#2027=VERTEX_POINT('',#7277);
#2028=VERTEX_POINT('',#7285);
#2029=VERTEX_POINT('',#7287);
#2030=VERTEX_POINT('',#7289);
#2031=VERTEX_POINT('',#7294);
#2032=VERTEX_POINT('',#7310);
#2033=VERTEX_POINT('',#7312);
#2034=VERTEX_POINT('',#7323);
#2035=VERTEX_POINT('',#7337);
#2036=VERTEX_POINT('',#7351);
#2037=VERTEX_POINT('',#7367);
#2038=VERTEX_POINT('',#7382);
#2039=VERTEX_POINT('',#7396);
#2040=VERTEX_POINT('',#7403);
#2041=VERTEX_POINT('',#7412);
#2042=VERTEX_POINT('',#7425);
#2043=VERTEX_POINT('',#7439);
#2044=VERTEX_POINT('',#7451);
#2045=VERTEX_POINT('',#7457);
#2046=VERTEX_POINT('',#7461);
#2047=VERTEX_POINT('',#7472);
#2048=VERTEX_POINT('',#7486);
#2049=VERTEX_POINT('',#7512);
#2050=VERTEX_POINT('',#7513);
#2051=VERTEX_POINT('',#7521);
#2052=VERTEX_POINT('',#7523);
#2053=VERTEX_POINT('',#7530);
#2054=VERTEX_POINT('',#7532);
#2055=VERTEX_POINT('',#7543);
#2056=VERTEX_POINT('',#7551);
#2057=VERTEX_POINT('',#7558);
#2058=VERTEX_POINT('',#7560);
#2059=VERTEX_POINT('',#7564);
#2060=VERTEX_POINT('',#7566);
#2061=VERTEX_POINT('',#7570);
#2062=VERTEX_POINT('',#7572);
#2063=VERTEX_POINT('',#7580);
#2064=VERTEX_POINT('',#7582);
#2065=VERTEX_POINT('',#7585);
#2066=VERTEX_POINT('',#7589);
#2067=VERTEX_POINT('',#7591);
#2068=VERTEX_POINT('',#7594);
#2069=VERTEX_POINT('',#7598);
#2070=VERTEX_POINT('',#7600);
#2071=VERTEX_POINT('',#7605);
#2072=VERTEX_POINT('',#7607);
#2073=VERTEX_POINT('',#7612);
#2074=VERTEX_POINT('',#7614);
#2075=VERTEX_POINT('',#7619);
#2076=VERTEX_POINT('',#7620);
#2077=VERTEX_POINT('',#7622);
#2078=VERTEX_POINT('',#7624);
#2079=VERTEX_POINT('',#7628);
#2080=VERTEX_POINT('',#7629);
#2081=VERTEX_POINT('',#7631);
#2082=VERTEX_POINT('',#7633);
#2083=VERTEX_POINT('',#7644);
#2084=VERTEX_POINT('',#7645);
#2085=VERTEX_POINT('',#7647);
#2086=VERTEX_POINT('',#7649);
#2087=VERTEX_POINT('',#7653);
#2088=VERTEX_POINT('',#7654);
#2089=VERTEX_POINT('',#7656);
#2090=VERTEX_POINT('',#7658);
#2091=VERTEX_POINT('',#7669);
#2092=VERTEX_POINT('',#7670);
#2093=VERTEX_POINT('',#7672);
#2094=VERTEX_POINT('',#7674);
#2095=VERTEX_POINT('',#7678);
#2096=VERTEX_POINT('',#7679);
#2097=VERTEX_POINT('',#7681);
#2098=VERTEX_POINT('',#7683);
#2099=VERTEX_POINT('',#7694);
#2100=VERTEX_POINT('',#7695);
#2101=VERTEX_POINT('',#7697);
#2102=VERTEX_POINT('',#7699);
#2103=VERTEX_POINT('',#7703);
#2104=VERTEX_POINT('',#7705);
#2105=VERTEX_POINT('',#7709);
#2106=VERTEX_POINT('',#7711);
#2107=VERTEX_POINT('',#7718);
#2108=VERTEX_POINT('',#7719);
#2109=VERTEX_POINT('',#7721);
#2110=VERTEX_POINT('',#7723);
#2111=VERTEX_POINT('',#7727);
#2112=VERTEX_POINT('',#7729);
#2113=VERTEX_POINT('',#7733);
#2114=VERTEX_POINT('',#7735);
#2115=VERTEX_POINT('',#7742);
#2116=VERTEX_POINT('',#7743);
#2117=VERTEX_POINT('',#7745);
#2118=VERTEX_POINT('',#7747);
#2119=VERTEX_POINT('',#7751);
#2120=VERTEX_POINT('',#7753);
#2121=VERTEX_POINT('',#7755);
#2122=VERTEX_POINT('',#7757);
#2123=VERTEX_POINT('',#7759);
#2124=VERTEX_POINT('',#7761);
#2125=VERTEX_POINT('',#7763);
#2126=VERTEX_POINT('',#7765);
#2127=VERTEX_POINT('',#7767);
#2128=VERTEX_POINT('',#7769);
#2129=VERTEX_POINT('',#7771);
#2130=VERTEX_POINT('',#7773);
#2131=VERTEX_POINT('',#7775);
#2132=VERTEX_POINT('',#7777);
#2133=VERTEX_POINT('',#7779);
#2134=VERTEX_POINT('',#7781);
#2135=VERTEX_POINT('',#7783);
#2136=VERTEX_POINT('',#7785);
#2137=VERTEX_POINT('',#7787);
#2138=VERTEX_POINT('',#7789);
#2139=VERTEX_POINT('',#7791);
#2140=VERTEX_POINT('',#7793);
#2141=VERTEX_POINT('',#7795);
#2142=VERTEX_POINT('',#7797);
#2143=VERTEX_POINT('',#7799);
#2144=VERTEX_POINT('',#7801);
#2145=VERTEX_POINT('',#7803);
#2146=VERTEX_POINT('',#7805);
#2147=VERTEX_POINT('',#7807);
#2148=VERTEX_POINT('',#7809);
#2149=VERTEX_POINT('',#7811);
#2150=VERTEX_POINT('',#7813);
#2151=VERTEX_POINT('',#7815);
#2152=VERTEX_POINT('',#7817);
#2153=VERTEX_POINT('',#7819);
#2154=VERTEX_POINT('',#7821);
#2155=VERTEX_POINT('',#7823);
#2156=VERTEX_POINT('',#7825);
#2157=VERTEX_POINT('',#7827);
#2158=VERTEX_POINT('',#7829);
#2159=VERTEX_POINT('',#7831);
#2160=VERTEX_POINT('',#7833);
#2161=VERTEX_POINT('',#7835);
#2162=VERTEX_POINT('',#7837);
#2163=VERTEX_POINT('',#7839);
#2164=VERTEX_POINT('',#7841);
#2165=VERTEX_POINT('',#7843);
#2166=VERTEX_POINT('',#7845);
#2167=VERTEX_POINT('',#7847);
#2168=VERTEX_POINT('',#7849);
#2169=VERTEX_POINT('',#7851);
#2170=VERTEX_POINT('',#7853);
#2171=VERTEX_POINT('',#7855);
#2172=VERTEX_POINT('',#7857);
#2173=VERTEX_POINT('',#7859);
#2174=VERTEX_POINT('',#7861);
#2175=VERTEX_POINT('',#7863);
#2176=VERTEX_POINT('',#7865);
#2177=VERTEX_POINT('',#7867);
#2178=VERTEX_POINT('',#7869);
#2179=VERTEX_POINT('',#7871);
#2180=VERTEX_POINT('',#7873);
#2181=VERTEX_POINT('',#7875);
#2182=VERTEX_POINT('',#7877);
#2183=VERTEX_POINT('',#7879);
#2184=VERTEX_POINT('',#7881);
#2185=VERTEX_POINT('',#7885);
#2186=VERTEX_POINT('',#7888);
#2187=VERTEX_POINT('',#7890);
#2188=VERTEX_POINT('',#7893);
#2189=VERTEX_POINT('',#7895);
#2190=VERTEX_POINT('',#7899);
#2191=VERTEX_POINT('',#7900);
#2192=VERTEX_POINT('',#7905);
#2193=VERTEX_POINT('',#7907);
#2194=VERTEX_POINT('',#7909);
#2195=VERTEX_POINT('',#7921);
#2196=VERTEX_POINT('',#7925);
#2197=VERTEX_POINT('',#7926);
#2198=VERTEX_POINT('',#7931);
#2199=VERTEX_POINT('',#7933);
#2200=VERTEX_POINT('',#7935);
#2201=VERTEX_POINT('',#7947);
#2202=VERTEX_POINT('',#7949);
#2203=VERTEX_POINT('',#7953);
#2204=VERTEX_POINT('',#7957);
#2205=VERTEX_POINT('',#7961);
#2206=VERTEX_POINT('',#7963);
#2207=VERTEX_POINT('',#7965);
#2208=VERTEX_POINT('',#7967);
#2209=VERTEX_POINT('',#7979);
#2210=VERTEX_POINT('',#7980);
#2211=VERTEX_POINT('',#7985);
#2212=VERTEX_POINT('',#7989);
#2213=VERTEX_POINT('',#7991);
#2214=VERTEX_POINT('',#7995);
#2215=VERTEX_POINT('',#7998);
#2216=VERTEX_POINT('',#8002);
#2217=VERTEX_POINT('',#8006);
#2218=VERTEX_POINT('',#8014);
#2219=VERTEX_POINT('',#8016);
#2220=VERTEX_POINT('',#8020);
#2221=VERTEX_POINT('',#8024);
#2222=VERTEX_POINT('',#8028);
#2223=VERTEX_POINT('',#8030);
#2224=VERTEX_POINT('',#8032);
#2225=VERTEX_POINT('',#8034);
#2226=VERTEX_POINT('',#8046);
#2227=VERTEX_POINT('',#8048);
#2228=VERTEX_POINT('',#8052);
#2229=VERTEX_POINT('',#8056);
#2230=VERTEX_POINT('',#8060);
#2231=VERTEX_POINT('',#8062);
#2232=VERTEX_POINT('',#8064);
#2233=VERTEX_POINT('',#8066);
#2234=VERTEX_POINT('',#8078);
#2235=VERTEX_POINT('',#8080);
#2236=VERTEX_POINT('',#8084);
#2237=VERTEX_POINT('',#8087);
#2238=VERTEX_POINT('',#8089);
#2239=VERTEX_POINT('',#8092);
#2240=VERTEX_POINT('',#8096);
#2241=VERTEX_POINT('',#8097);
#2242=VERTEX_POINT('',#8104);
#2243=VERTEX_POINT('',#8105);
#2244=VERTEX_POINT('',#8111);
#2245=VERTEX_POINT('',#8118);
#2246=VERTEX_POINT('',#8122);
#2247=VERTEX_POINT('',#8123);
#2248=VERTEX_POINT('',#8130);
#2249=VERTEX_POINT('',#8131);
#2250=VERTEX_POINT('',#8137);
#2251=VERTEX_POINT('',#8151);
#2252=VERTEX_POINT('',#8152);
#2253=VERTEX_POINT('',#8154);
#2254=VERTEX_POINT('',#8156);
#2255=VERTEX_POINT('',#8160);
#2256=VERTEX_POINT('',#8162);
#2257=VERTEX_POINT('',#8166);
#2258=VERTEX_POINT('',#8168);
#2259=VERTEX_POINT('',#8178);
#2260=VERTEX_POINT('',#8179);
#2261=VERTEX_POINT('',#8181);
#2262=VERTEX_POINT('',#8183);
#2263=VERTEX_POINT('',#8187);
#2264=VERTEX_POINT('',#8189);
#2265=VERTEX_POINT('',#8193);
#2266=VERTEX_POINT('',#8195);
#2267=VERTEX_POINT('',#8197);
#2268=VERTEX_POINT('',#8199);
#2269=VERTEX_POINT('',#8201);
#2270=VERTEX_POINT('',#8203);
#2271=VERTEX_POINT('',#8205);
#2272=VERTEX_POINT('',#8209);
#2273=VERTEX_POINT('',#8210);
#2274=VERTEX_POINT('',#8215);
#2275=VERTEX_POINT('',#8219);
#2276=VERTEX_POINT('',#8221);
#2277=VERTEX_POINT('',#8225);
#2278=VERTEX_POINT('',#8231);
#2279=VERTEX_POINT('',#8241);
#2280=VERTEX_POINT('',#8242);
#2281=VERTEX_POINT('',#8244);
#2282=VERTEX_POINT('',#8248);
#2283=VERTEX_POINT('',#8249);
#2284=VERTEX_POINT('',#8251);
#2285=VERTEX_POINT('',#8253);
#2286=VERTEX_POINT('',#8265);
#2287=VERTEX_POINT('',#8266);
#2288=VERTEX_POINT('',#8279);
#2289=VERTEX_POINT('',#8280);
#2290=VERTEX_POINT('',#8282);
#2291=VERTEX_POINT('',#8284);
#2292=VERTEX_POINT('',#8291);
#2293=VERTEX_POINT('',#8292);
#2294=VERTEX_POINT('',#8305);
#2295=VERTEX_POINT('',#8306);
#2296=VERTEX_POINT('',#8308);
#2297=VERTEX_POINT('',#8310);
#2298=VERTEX_POINT('',#8317);
#2299=VERTEX_POINT('',#8318);
#2300=VERTEX_POINT('',#8323);
#2301=VERTEX_POINT('',#8324);
#2302=VERTEX_POINT('',#8326);
#2303=VERTEX_POINT('',#8338);
#2304=VERTEX_POINT('',#8339);
#2305=VERTEX_POINT('',#8341);
#2306=VERTEX_POINT('',#8343);
#2307=VERTEX_POINT('',#8350);
#2308=VERTEX_POINT('',#8351);
#2309=VERTEX_POINT('',#8364);
#2310=VERTEX_POINT('',#8365);
#2311=VERTEX_POINT('',#8367);
#2312=VERTEX_POINT('',#8369);
#2313=VERTEX_POINT('',#8379);
#2314=VERTEX_POINT('',#8380);
#2315=VERTEX_POINT('',#8385);
#2316=VERTEX_POINT('',#8386);
#2317=VERTEX_POINT('',#8391);
#2318=VERTEX_POINT('',#8392);
#2319=VERTEX_POINT('',#8397);
#2320=VERTEX_POINT('',#8398);
#2321=VERTEX_POINT('',#8410);
#2322=VERTEX_POINT('',#8414);
#2323=VERTEX_POINT('',#8416);
#2324=VERTEX_POINT('',#8420);
#2325=VERTEX_POINT('',#8422);
#2326=VERTEX_POINT('',#8424);
#2327=VERTEX_POINT('',#8428);
#2328=VERTEX_POINT('',#8432);
#2329=VERTEX_POINT('',#8436);
#2330=VERTEX_POINT('',#8442);
#2331=VERTEX_POINT('',#8444);
#2332=VERTEX_POINT('',#8448);
#2333=VERTEX_POINT('',#8452);
#2334=VERTEX_POINT('',#8456);
#2335=VERTEX_POINT('',#8458);
#2336=VERTEX_POINT('',#8465);
#2337=VERTEX_POINT('',#8467);
#2338=VERTEX_POINT('',#8474);
#2339=VERTEX_POINT('',#8476);
#2340=VERTEX_POINT('',#8478);
#2341=VERTEX_POINT('',#8480);
#2342=VERTEX_POINT('',#8487);
#2343=VERTEX_POINT('',#8489);
#2344=VERTEX_POINT('',#8491);
#2345=VERTEX_POINT('',#8493);
#2346=VERTEX_POINT('',#8500);
#2347=VERTEX_POINT('',#8502);
#2348=VERTEX_POINT('',#8504);
#2349=VERTEX_POINT('',#8506);
#2350=VERTEX_POINT('',#8513);
#2351=VERTEX_POINT('',#8515);
#2352=VERTEX_POINT('',#8523);
#2353=VERTEX_POINT('',#8527);
#2354=VERTEX_POINT('',#8528);
#2355=VERTEX_POINT('',#8530);
#2356=VERTEX_POINT('',#8542);
#2357=VERTEX_POINT('',#8543);
#2358=VERTEX_POINT('',#8545);
#2359=VERTEX_POINT('',#8547);
#2360=VERTEX_POINT('',#8551);
#2361=VERTEX_POINT('',#8552);
#2362=VERTEX_POINT('',#8554);
#2363=VERTEX_POINT('',#8569);
#2364=VERTEX_POINT('',#8570);
#2365=VERTEX_POINT('',#8572);
#2366=VERTEX_POINT('',#8574);
#2367=VERTEX_POINT('',#8586);
#2368=VERTEX_POINT('',#8587);
#2369=VERTEX_POINT('',#8589);
#2370=VERTEX_POINT('',#8591);
#2371=VERTEX_POINT('',#8601);
#2372=VERTEX_POINT('',#8602);
#2373=VERTEX_POINT('',#8604);
#2374=VERTEX_POINT('',#8608);
#2375=VERTEX_POINT('',#8609);
#2376=VERTEX_POINT('',#8625);
#2377=VERTEX_POINT('',#8626);
#2378=VERTEX_POINT('',#8628);
#2379=VERTEX_POINT('',#8630);
#2380=VERTEX_POINT('',#8642);
#2381=VERTEX_POINT('',#8643);
#2382=VERTEX_POINT('',#8645);
#2383=VERTEX_POINT('',#8647);
#2384=VERTEX_POINT('',#8665);
#2385=VERTEX_POINT('',#8666);
#2386=VERTEX_POINT('',#8668);
#2387=VERTEX_POINT('',#8670);
#2388=VERTEX_POINT('',#8674);
#2389=VERTEX_POINT('',#8675);
#2390=VERTEX_POINT('',#8677);
#2391=VERTEX_POINT('',#8689);
#2392=VERTEX_POINT('',#8690);
#2393=VERTEX_POINT('',#8692);
#2394=VERTEX_POINT('',#8694);
#2395=VERTEX_POINT('',#8712);
#2396=VERTEX_POINT('',#8713);
#2397=VERTEX_POINT('',#8715);
#2398=VERTEX_POINT('',#8717);
#2399=VERTEX_POINT('',#8733);
#2400=VERTEX_POINT('',#8734);
#2401=VERTEX_POINT('',#8754);
#2402=VERTEX_POINT('',#8755);
#2403=VERTEX_POINT('',#8766);
#2404=VERTEX_POINT('',#8767);
#2405=VERTEX_POINT('',#8776);
#2406=VERTEX_POINT('',#8780);
#2407=VERTEX_POINT('',#8782);
#2408=VERTEX_POINT('',#8784);
#2409=VERTEX_POINT('',#8800);
#2410=VERTEX_POINT('',#8804);
#2411=VERTEX_POINT('',#8808);
#2412=VERTEX_POINT('',#8810);
#2413=VERTEX_POINT('',#8814);
#2414=VERTEX_POINT('',#8816);
#2415=VERTEX_POINT('',#8823);
#2416=VERTEX_POINT('',#8827);
#2417=VERTEX_POINT('',#8841);
#2418=VERTEX_POINT('',#8842);
#2419=VERTEX_POINT('',#8844);
#2420=VERTEX_POINT('',#8846);
#2421=VERTEX_POINT('',#8858);
#2422=VERTEX_POINT('',#8859);
#2423=VERTEX_POINT('',#8861);
#2424=VERTEX_POINT('',#8863);
#2425=VERTEX_POINT('',#8867);
#2426=VERTEX_POINT('',#8868);
#2427=VERTEX_POINT('',#8870);
#2428=VERTEX_POINT('',#8877);
#2429=VERTEX_POINT('',#8878);
#2430=VERTEX_POINT('',#8880);
#2431=VERTEX_POINT('',#8887);
#2432=VERTEX_POINT('',#8888);
#2433=VERTEX_POINT('',#8890);
#2434=VERTEX_POINT('',#8897);
#2435=VERTEX_POINT('',#8899);
#2436=VERTEX_POINT('',#8911);
#2437=VERTEX_POINT('',#8912);
#2438=VERTEX_POINT('',#8914);
#2439=VERTEX_POINT('',#8916);
#2440=VERTEX_POINT('',#8934);
#2441=VERTEX_POINT('',#8935);
#2442=VERTEX_POINT('',#8937);
#2443=VERTEX_POINT('',#8939);
#2444=VERTEX_POINT('',#8944);
#2445=VERTEX_POINT('',#8948);
#2446=VERTEX_POINT('',#8949);
#2447=VERTEX_POINT('',#8951);
#2448=VERTEX_POINT('',#8958);
#2449=VERTEX_POINT('',#8959);
#2450=VERTEX_POINT('',#8961);
#2451=VERTEX_POINT('',#8965);
#2452=VERTEX_POINT('',#8966);
#2453=VERTEX_POINT('',#8982);
#2454=VERTEX_POINT('',#8983);
#2455=VERTEX_POINT('',#8985);
#2456=VERTEX_POINT('',#8987);
#2457=VERTEX_POINT('',#8997);
#2458=VERTEX_POINT('',#9007);
#2459=VERTEX_POINT('',#9009);
#2460=VERTEX_POINT('',#9022);
#2461=VERTEX_POINT('',#9023);
#2462=VERTEX_POINT('',#9036);
#2463=VERTEX_POINT('',#9040);
#2464=VERTEX_POINT('',#9042);
#2465=VERTEX_POINT('',#9044);
#2466=VERTEX_POINT('',#9074);
#2467=VERTEX_POINT('',#9075);
#2468=VERTEX_POINT('',#9077);
#2469=VERTEX_POINT('',#9079);
#2470=VERTEX_POINT('',#9083);
#2471=VERTEX_POINT('',#9085);
#2472=VERTEX_POINT('',#9089);
#2473=VERTEX_POINT('',#9091);
#2474=EDGE_CURVE('',#2015,#2016,#1977,.T.);
#2475=EDGE_CURVE('',#2016,#2017,#1073,.T.);
#2476=EDGE_CURVE('',#2017,#2018,#1978,.T.);
#2477=EDGE_CURVE('',#2018,#2019,#1979,.T.);
#2478=EDGE_CURVE('',#2019,#2020,#1980,.T.);
#2479=EDGE_CURVE('',#2020,#2021,#1981,.T.);
#2480=EDGE_CURVE('',#2021,#2022,#1982,.T.);
#2481=EDGE_CURVE('',#2022,#2023,#1983,.T.);
#2482=EDGE_CURVE('',#2023,#2024,#1074,.T.);
#2483=EDGE_CURVE('',#2024,#2025,#1984,.T.);
#2484=EDGE_CURVE('',#2025,#2026,#1985,.T.);
#2485=EDGE_CURVE('',#2026,#2027,#1986,.T.);
#2486=EDGE_CURVE('',#2027,#2028,#1075,.T.);
#2487=EDGE_CURVE('',#2028,#2029,#1076,.T.);
#2488=EDGE_CURVE('',#2029,#2030,#1987,.T.);
#2489=EDGE_CURVE('',#2030,#2031,#1988,.T.);
#2490=EDGE_CURVE('',#2031,#2015,#1989,.T.);
#2491=EDGE_CURVE('',#2032,#2023,#1077,.T.);
#2492=EDGE_CURVE('',#2033,#2032,#1078,.T.);
#2493=EDGE_CURVE('',#2033,#2024,#1079,.T.);
#2494=EDGE_CURVE('',#2034,#2022,#1080,.T.);
#2495=EDGE_CURVE('',#2032,#2034,#1990,.T.);
#2496=EDGE_CURVE('',#2035,#2021,#1081,.T.);
#2497=EDGE_CURVE('',#2034,#2035,#1991,.T.);
#2498=EDGE_CURVE('',#2036,#2020,#1082,.T.);
#2499=EDGE_CURVE('',#2035,#2036,#1992,.T.);
#2500=EDGE_CURVE('',#2037,#2019,#1083,.T.);
#2501=EDGE_CURVE('',#2036,#2037,#1993,.T.);
#2502=EDGE_CURVE('',#2038,#2018,#1084,.T.);
#2503=EDGE_CURVE('',#2037,#2038,#1994,.T.);
#2504=EDGE_CURVE('',#2039,#2017,#1085,.T.);
#2505=EDGE_CURVE('',#2038,#2039,#1995,.T.);
#2506=EDGE_CURVE('',#2040,#2016,#1086,.T.);
#2507=EDGE_CURVE('',#2039,#2040,#1087,.T.);
#2508=EDGE_CURVE('',#2041,#2015,#1088,.T.);
#2509=EDGE_CURVE('',#2040,#2041,#1996,.T.);
#2510=EDGE_CURVE('',#2042,#2031,#1089,.T.);
#2511=EDGE_CURVE('',#2041,#2042,#1997,.T.);
#2512=EDGE_CURVE('',#2043,#2030,#1090,.T.);
#2513=EDGE_CURVE('',#2042,#2043,#1998,.T.);
#2514=EDGE_CURVE('',#2044,#2029,#1091,.T.);
#2515=EDGE_CURVE('',#2043,#2044,#1999,.T.);
#2516=EDGE_CURVE('',#2045,#2028,#1092,.T.);
#2517=EDGE_CURVE('',#2044,#2045,#1093,.T.);
#2518=EDGE_CURVE('',#2046,#2027,#1094,.T.);
#2519=EDGE_CURVE('',#2045,#2046,#1095,.T.);
#2520=EDGE_CURVE('',#2047,#2026,#1096,.T.);
#2521=EDGE_CURVE('',#2046,#2047,#2000,.T.);
#2522=EDGE_CURVE('',#2048,#2025,#1097,.T.);
#2523=EDGE_CURVE('',#2047,#2048,#2001,.T.);
#2524=EDGE_CURVE('',#2048,#2033,#2002,.T.);
#2525=EDGE_CURVE('',#2049,#2050,#2003,.T.);
#2526=EDGE_CURVE('',#2051,#2049,#1098,.T.);
#2527=EDGE_CURVE('',#2052,#2051,#2004,.T.);
#2528=EDGE_CURVE('',#2052,#2050,#1099,.T.);
#2529=EDGE_CURVE('',#2050,#2053,#1100,.T.);
#2530=EDGE_CURVE('',#2054,#2052,#1101,.T.);
#2531=EDGE_CURVE('',#2054,#2053,#1102,.T.);
#2532=EDGE_CURVE('',#2053,#2055,#2005,.T.);
#2533=EDGE_CURVE('',#2056,#2054,#2006,.T.);
#2534=EDGE_CURVE('',#2056,#2055,#1103,.T.);
#2535=EDGE_CURVE('',#2055,#2057,#1104,.T.);
#2536=EDGE_CURVE('',#2058,#2056,#1105,.T.);
#2537=EDGE_CURVE('',#2058,#2057,#1106,.T.);
#2538=EDGE_CURVE('',#2057,#2059,#1107,.T.);
#2539=EDGE_CURVE('',#2060,#2058,#1108,.T.);
#2540=EDGE_CURVE('',#2060,#2059,#1109,.T.);
#2541=EDGE_CURVE('',#2059,#2061,#1110,.T.);
#2542=EDGE_CURVE('',#2062,#2060,#1111,.T.);
#2543=EDGE_CURVE('',#2062,#2061,#1112,.T.);
#2544=EDGE_CURVE('',#2061,#2049,#1113,.T.);
#2545=EDGE_CURVE('',#2051,#2062,#1114,.T.);
#2546=EDGE_CURVE('',#2063,#2063,#216,.T.);
#2547=EDGE_CURVE('',#2063,#2064,#217,.T.);
#2548=EDGE_CURVE('',#2063,#2065,#1115,.T.);
#2549=EDGE_CURVE('',#2065,#2065,#218,.T.);
#2550=EDGE_CURVE('',#2066,#2066,#219,.T.);
#2551=EDGE_CURVE('',#2066,#2067,#220,.T.);
#2552=EDGE_CURVE('',#2066,#2068,#1116,.T.);
#2553=EDGE_CURVE('',#2068,#2068,#221,.T.);
#2554=EDGE_CURVE('',#2069,#2069,#222,.T.);
#2555=EDGE_CURVE('',#2069,#2070,#1117,.T.);
#2556=EDGE_CURVE('',#2070,#2070,#223,.T.);
#2557=EDGE_CURVE('',#2071,#2071,#224,.T.);
#2558=EDGE_CURVE('',#2071,#2072,#1118,.T.);
#2559=EDGE_CURVE('',#2072,#2072,#225,.T.);
#2560=EDGE_CURVE('',#2073,#2073,#226,.T.);
#2561=EDGE_CURVE('',#2073,#2074,#1119,.T.);
#2562=EDGE_CURVE('',#2074,#2074,#227,.T.);
#2563=EDGE_CURVE('',#2075,#2076,#1120,.T.);
#2564=EDGE_CURVE('',#2076,#2077,#228,.T.);
#2565=EDGE_CURVE('',#2078,#2077,#1121,.T.);
#2566=EDGE_CURVE('',#2075,#2078,#229,.T.);
#2567=EDGE_CURVE('',#2079,#2080,#1122,.T.);
#2568=EDGE_CURVE('',#2081,#2079,#230,.T.);
#2569=EDGE_CURVE('',#2081,#2082,#1123,.T.);
#2570=EDGE_CURVE('',#2082,#2080,#231,.T.);
#2571=EDGE_CURVE('',#2080,#2076,#1124,.T.);
#2572=EDGE_CURVE('',#2079,#2075,#1125,.T.);
#2573=EDGE_CURVE('',#2077,#2082,#1126,.T.);
#2574=EDGE_CURVE('',#2078,#2081,#1127,.T.);
#2575=EDGE_CURVE('',#2083,#2084,#1128,.T.);
#2576=EDGE_CURVE('',#2084,#2085,#232,.T.);
#2577=EDGE_CURVE('',#2086,#2085,#1129,.T.);
#2578=EDGE_CURVE('',#2083,#2086,#233,.T.);
#2579=EDGE_CURVE('',#2087,#2088,#1130,.T.);
#2580=EDGE_CURVE('',#2089,#2087,#234,.T.);
#2581=EDGE_CURVE('',#2089,#2090,#1131,.T.);
#2582=EDGE_CURVE('',#2090,#2088,#235,.T.);
#2583=EDGE_CURVE('',#2088,#2084,#1132,.T.);
#2584=EDGE_CURVE('',#2087,#2083,#1133,.T.);
#2585=EDGE_CURVE('',#2085,#2090,#1134,.T.);
#2586=EDGE_CURVE('',#2086,#2089,#1135,.T.);
#2587=EDGE_CURVE('',#2091,#2092,#1136,.T.);
#2588=EDGE_CURVE('',#2092,#2093,#236,.T.);
#2589=EDGE_CURVE('',#2094,#2093,#1137,.T.);
#2590=EDGE_CURVE('',#2091,#2094,#237,.T.);
#2591=EDGE_CURVE('',#2095,#2096,#1138,.T.);
#2592=EDGE_CURVE('',#2097,#2095,#238,.T.);
#2593=EDGE_CURVE('',#2097,#2098,#1139,.T.);
#2594=EDGE_CURVE('',#2098,#2096,#239,.T.);
#2595=EDGE_CURVE('',#2096,#2092,#1140,.T.);
#2596=EDGE_CURVE('',#2095,#2091,#1141,.T.);
#2597=EDGE_CURVE('',#2093,#2098,#1142,.T.);
#2598=EDGE_CURVE('',#2094,#2097,#1143,.T.);
#2599=EDGE_CURVE('',#2099,#2100,#1144,.T.);
#2600=EDGE_CURVE('',#2101,#2099,#1145,.T.);
#2601=EDGE_CURVE('',#2102,#2101,#1146,.T.);
#2602=EDGE_CURVE('',#2102,#2100,#1147,.T.);
#2603=EDGE_CURVE('',#2100,#2103,#1148,.T.);
#2604=EDGE_CURVE('',#2104,#2102,#1149,.T.);
#2605=EDGE_CURVE('',#2104,#2103,#1150,.T.);
#2606=EDGE_CURVE('',#2103,#2105,#1151,.T.);
#2607=EDGE_CURVE('',#2106,#2104,#1152,.T.);
#2608=EDGE_CURVE('',#2106,#2105,#1153,.T.);
#2609=EDGE_CURVE('',#2105,#2099,#1154,.T.);
#2610=EDGE_CURVE('',#2101,#2106,#1155,.T.);
#2611=EDGE_CURVE('',#2107,#2108,#1156,.T.);
#2612=EDGE_CURVE('',#2109,#2107,#1157,.T.);
#2613=EDGE_CURVE('',#2110,#2109,#1158,.T.);
#2614=EDGE_CURVE('',#2110,#2108,#1159,.T.);
#2615=EDGE_CURVE('',#2108,#2111,#1160,.T.);
#2616=EDGE_CURVE('',#2112,#2110,#1161,.T.);
#2617=EDGE_CURVE('',#2112,#2111,#1162,.T.);
#2618=EDGE_CURVE('',#2111,#2113,#1163,.T.);
#2619=EDGE_CURVE('',#2114,#2112,#1164,.T.);
#2620=EDGE_CURVE('',#2114,#2113,#1165,.T.);
#2621=EDGE_CURVE('',#2113,#2107,#1166,.T.);
#2622=EDGE_CURVE('',#2109,#2114,#1167,.T.);
#2623=EDGE_CURVE('',#2115,#2116,#240,.T.);
#2624=EDGE_CURVE('',#2116,#2117,#1168,.T.);
#2625=EDGE_CURVE('',#2117,#2118,#241,.F.);
#2626=EDGE_CURVE('',#2118,#2115,#1169,.T.);
#2627=EDGE_CURVE('',#2119,#2115,#1170,.T.);
#2628=EDGE_CURVE('',#2120,#2119,#1171,.T.);
#2629=EDGE_CURVE('',#2121,#2120,#242,.T.);
#2630=EDGE_CURVE('',#2121,#2122,#1172,.T.);
#2631=EDGE_CURVE('',#2123,#2122,#243,.T.);
#2632=EDGE_CURVE('',#2123,#2124,#1173,.T.);
#2633=EDGE_CURVE('',#2125,#2124,#244,.T.);
#2634=EDGE_CURVE('',#2125,#2126,#1174,.T.);
#2635=EDGE_CURVE('',#2127,#2126,#245,.T.);
#2636=EDGE_CURVE('',#2128,#2127,#1175,.T.);
#2637=EDGE_CURVE('',#2129,#2128,#246,.T.);
#2638=EDGE_CURVE('',#2129,#2130,#1176,.T.);
#2639=EDGE_CURVE('',#2131,#2130,#247,.T.);
#2640=EDGE_CURVE('',#2131,#2132,#1177,.T.);
#2641=EDGE_CURVE('',#2133,#2132,#248,.T.);
#2642=EDGE_CURVE('',#2133,#2134,#1178,.T.);
#2643=EDGE_CURVE('',#2135,#2134,#249,.T.);
#2644=EDGE_CURVE('',#2136,#2135,#1179,.T.);
#2645=EDGE_CURVE('',#2137,#2136,#1180,.T.);
#2646=EDGE_CURVE('',#2138,#2137,#250,.T.);
#2647=EDGE_CURVE('',#2138,#2139,#1181,.T.);
#2648=EDGE_CURVE('',#2140,#2139,#251,.T.);
#2649=EDGE_CURVE('',#2140,#2141,#1182,.T.);
#2650=EDGE_CURVE('',#2142,#2141,#252,.T.);
#2651=EDGE_CURVE('',#2142,#2143,#1183,.T.);
#2652=EDGE_CURVE('',#2144,#2143,#253,.T.);
#2653=EDGE_CURVE('',#2145,#2144,#1184,.T.);
#2654=EDGE_CURVE('',#2146,#2145,#254,.T.);
#2655=EDGE_CURVE('',#2146,#2147,#1185,.T.);
#2656=EDGE_CURVE('',#2148,#2147,#255,.T.);
#2657=EDGE_CURVE('',#2148,#2149,#1186,.T.);
#2658=EDGE_CURVE('',#2150,#2149,#256,.T.);
#2659=EDGE_CURVE('',#2150,#2151,#1187,.T.);
#2660=EDGE_CURVE('',#2152,#2151,#257,.T.);
#2661=EDGE_CURVE('',#2153,#2152,#1188,.T.);
#2662=EDGE_CURVE('',#2154,#2153,#1189,.T.);
#2663=EDGE_CURVE('',#2155,#2154,#258,.T.);
#2664=EDGE_CURVE('',#2155,#2156,#1190,.T.);
#2665=EDGE_CURVE('',#2157,#2156,#259,.T.);
#2666=EDGE_CURVE('',#2157,#2158,#1191,.T.);
#2667=EDGE_CURVE('',#2159,#2158,#260,.T.);
#2668=EDGE_CURVE('',#2159,#2160,#1192,.T.);
#2669=EDGE_CURVE('',#2161,#2160,#261,.T.);
#2670=EDGE_CURVE('',#2162,#2161,#1193,.T.);
#2671=EDGE_CURVE('',#2163,#2162,#262,.T.);
#2672=EDGE_CURVE('',#2163,#2164,#1194,.T.);
#2673=EDGE_CURVE('',#2165,#2164,#263,.T.);
#2674=EDGE_CURVE('',#2165,#2166,#1195,.T.);
#2675=EDGE_CURVE('',#2167,#2166,#264,.T.);
#2676=EDGE_CURVE('',#2167,#2168,#1196,.T.);
#2677=EDGE_CURVE('',#2169,#2168,#265,.T.);
#2678=EDGE_CURVE('',#2170,#2169,#1197,.T.);
#2679=EDGE_CURVE('',#2171,#2170,#1198,.T.);
#2680=EDGE_CURVE('',#2172,#2171,#266,.T.);
#2681=EDGE_CURVE('',#2172,#2173,#1199,.T.);
#2682=EDGE_CURVE('',#2174,#2173,#267,.T.);
#2683=EDGE_CURVE('',#2174,#2175,#1200,.T.);
#2684=EDGE_CURVE('',#2176,#2175,#268,.T.);
#2685=EDGE_CURVE('',#2176,#2177,#1201,.T.);
#2686=EDGE_CURVE('',#2178,#2177,#269,.T.);
#2687=EDGE_CURVE('',#2179,#2178,#1202,.T.);
#2688=EDGE_CURVE('',#2180,#2179,#270,.T.);
#2689=EDGE_CURVE('',#2180,#2181,#1203,.T.);
#2690=EDGE_CURVE('',#2182,#2181,#271,.T.);
#2691=EDGE_CURVE('',#2182,#2183,#1204,.T.);
#2692=EDGE_CURVE('',#2184,#2183,#272,.T.);
#2693=EDGE_CURVE('',#2184,#2116,#1205,.T.);
#2694=EDGE_CURVE('',#2185,#2118,#1206,.T.);
#2695=EDGE_CURVE('',#2179,#2185,#1207,.T.);
#2696=EDGE_CURVE('',#2186,#2178,#1208,.T.);
#2697=EDGE_CURVE('',#2187,#2186,#1209,.T.);
#2698=EDGE_CURVE('',#2171,#2187,#1210,.T.);
#2699=EDGE_CURVE('',#2170,#2188,#1211,.T.);
#2700=EDGE_CURVE('',#2188,#2189,#1212,.T.);
#2701=EDGE_CURVE('',#2119,#2189,#1213,.T.);
#2702=EDGE_CURVE('',#2190,#2191,#273,.T.);
#2703=EDGE_CURVE('',#2190,#2184,#1214,.T.);
#2704=EDGE_CURVE('',#2183,#2191,#1215,.T.);
#2705=EDGE_CURVE('',#2191,#2192,#1216,.T.);
#2706=EDGE_CURVE('',#2192,#2193,#274,.T.);
#2707=EDGE_CURVE('',#2193,#2194,#1217,.T.);
#2708=EDGE_CURVE('',#2185,#2194,#275,.F.);
#2709=EDGE_CURVE('',#2117,#2190,#1218,.T.);
#2710=EDGE_CURVE('',#2192,#2182,#1219,.T.);
#2711=EDGE_CURVE('',#2181,#2193,#1220,.T.);
#2712=EDGE_CURVE('',#2194,#2180,#1221,.T.);
#2713=EDGE_CURVE('',#2177,#2195,#1222,.T.);
#2714=EDGE_CURVE('',#2195,#2186,#276,.F.);
#2715=EDGE_CURVE('',#2196,#2197,#277,.T.);
#2716=EDGE_CURVE('',#2196,#2176,#1223,.T.);
#2717=EDGE_CURVE('',#2175,#2197,#1224,.T.);
#2718=EDGE_CURVE('',#2198,#2197,#1225,.T.);
#2719=EDGE_CURVE('',#2198,#2199,#278,.T.);
#2720=EDGE_CURVE('',#2200,#2199,#1226,.T.);
#2721=EDGE_CURVE('',#2187,#2200,#279,.F.);
#2722=EDGE_CURVE('',#2196,#2195,#1227,.T.);
#2723=EDGE_CURVE('',#2198,#2174,#1228,.T.);
#2724=EDGE_CURVE('',#2173,#2199,#1229,.T.);
#2725=EDGE_CURVE('',#2200,#2172,#1230,.T.);
#2726=EDGE_CURVE('',#2168,#2201,#1231,.T.);
#2727=EDGE_CURVE('',#2201,#2202,#280,.F.);
#2728=EDGE_CURVE('',#2202,#2169,#1232,.T.);
#2729=EDGE_CURVE('',#2203,#2167,#1233,.T.);
#2730=EDGE_CURVE('',#2201,#2203,#1234,.T.);
#2731=EDGE_CURVE('',#2203,#2204,#281,.T.);
#2732=EDGE_CURVE('',#2166,#2204,#1235,.T.);
#2733=EDGE_CURVE('',#2204,#2205,#1236,.T.);
#2734=EDGE_CURVE('',#2205,#2206,#282,.T.);
#2735=EDGE_CURVE('',#2206,#2207,#1237,.T.);
#2736=EDGE_CURVE('',#2208,#2207,#283,.F.);
#2737=EDGE_CURVE('',#2208,#2202,#1238,.T.);
#2738=EDGE_CURVE('',#2205,#2165,#1239,.T.);
#2739=EDGE_CURVE('',#2162,#2208,#1240,.T.);
#2740=EDGE_CURVE('',#2207,#2163,#1241,.T.);
#2741=EDGE_CURVE('',#2164,#2206,#1242,.T.);
#2742=EDGE_CURVE('',#2209,#2210,#284,.T.);
#2743=EDGE_CURVE('',#2209,#2157,#1243,.T.);
#2744=EDGE_CURVE('',#2156,#2210,#1244,.T.);
#2745=EDGE_CURVE('',#2209,#2211,#1245,.T.);
#2746=EDGE_CURVE('',#2158,#2211,#1246,.T.);
#2747=EDGE_CURVE('',#2154,#2212,#1247,.T.);
#2748=EDGE_CURVE('',#2212,#2213,#285,.F.);
#2749=EDGE_CURVE('',#2213,#2155,#1248,.T.);
#2750=EDGE_CURVE('',#2214,#2161,#1249,.T.);
#2751=EDGE_CURVE('',#2212,#2214,#1250,.T.);
#2752=EDGE_CURVE('',#2153,#2215,#1251,.T.);
#2753=EDGE_CURVE('',#2215,#2188,#1252,.T.);
#2754=EDGE_CURVE('',#2160,#2216,#1253,.T.);
#2755=EDGE_CURVE('',#2216,#2214,#286,.F.);
#2756=EDGE_CURVE('',#2217,#2159,#1254,.T.);
#2757=EDGE_CURVE('',#2217,#2216,#1255,.T.);
#2758=EDGE_CURVE('',#2217,#2211,#287,.T.);
#2759=EDGE_CURVE('',#2213,#2210,#1256,.T.);
#2760=EDGE_CURVE('',#2151,#2218,#1257,.T.);
#2761=EDGE_CURVE('',#2218,#2219,#288,.F.);
#2762=EDGE_CURVE('',#2219,#2152,#1258,.T.);
#2763=EDGE_CURVE('',#2220,#2150,#1259,.T.);
#2764=EDGE_CURVE('',#2218,#2220,#1260,.T.);
#2765=EDGE_CURVE('',#2220,#2221,#289,.T.);
#2766=EDGE_CURVE('',#2149,#2221,#1261,.T.);
#2767=EDGE_CURVE('',#2221,#2222,#1262,.T.);
#2768=EDGE_CURVE('',#2222,#2223,#290,.T.);
#2769=EDGE_CURVE('',#2223,#2224,#1263,.T.);
#2770=EDGE_CURVE('',#2225,#2224,#291,.F.);
#2771=EDGE_CURVE('',#2225,#2219,#1264,.T.);
#2772=EDGE_CURVE('',#2222,#2148,#1265,.T.);
#2773=EDGE_CURVE('',#2145,#2225,#1266,.T.);
#2774=EDGE_CURVE('',#2224,#2146,#1267,.T.);
#2775=EDGE_CURVE('',#2147,#2223,#1268,.T.);
#2776=EDGE_CURVE('',#2143,#2226,#1269,.T.);
#2777=EDGE_CURVE('',#2226,#2227,#292,.F.);
#2778=EDGE_CURVE('',#2227,#2144,#1270,.T.);
#2779=EDGE_CURVE('',#2228,#2142,#1271,.T.);
#2780=EDGE_CURVE('',#2228,#2226,#1272,.T.);
#2781=EDGE_CURVE('',#2228,#2229,#293,.T.);
#2782=EDGE_CURVE('',#2141,#2229,#1273,.T.);
#2783=EDGE_CURVE('',#2230,#2229,#1274,.T.);
#2784=EDGE_CURVE('',#2230,#2231,#294,.T.);
#2785=EDGE_CURVE('',#2232,#2231,#1275,.T.);
#2786=EDGE_CURVE('',#2233,#2232,#295,.F.);
#2787=EDGE_CURVE('',#2233,#2227,#1276,.T.);
#2788=EDGE_CURVE('',#2230,#2140,#1277,.T.);
#2789=EDGE_CURVE('',#2137,#2233,#1278,.T.);
#2790=EDGE_CURVE('',#2232,#2138,#1279,.T.);
#2791=EDGE_CURVE('',#2139,#2231,#1280,.T.);
#2792=EDGE_CURVE('',#2134,#2234,#1281,.T.);
#2793=EDGE_CURVE('',#2234,#2235,#296,.F.);
#2794=EDGE_CURVE('',#2235,#2135,#1282,.T.);
#2795=EDGE_CURVE('',#2236,#2235,#1283,.T.);
#2796=EDGE_CURVE('',#2128,#2236,#1284,.T.);
#2797=EDGE_CURVE('',#2237,#2127,#1285,.T.);
#2798=EDGE_CURVE('',#2238,#2237,#1286,.T.);
#2799=EDGE_CURVE('',#2120,#2238,#1287,.T.);
#2800=EDGE_CURVE('',#2189,#2239,#1288,.T.);
#2801=EDGE_CURVE('',#2136,#2239,#1289,.T.);
#2802=EDGE_CURVE('',#2240,#2241,#297,.T.);
#2803=EDGE_CURVE('',#2240,#2133,#1290,.T.);
#2804=EDGE_CURVE('',#2132,#2241,#1291,.T.);
#2805=EDGE_CURVE('',#2234,#2240,#1292,.T.);
#2806=EDGE_CURVE('',#2242,#2243,#298,.T.);
#2807=EDGE_CURVE('',#2242,#2131,#1293,.T.);
#2808=EDGE_CURVE('',#2130,#2243,#1294,.T.);
#2809=EDGE_CURVE('',#2241,#2242,#1295,.T.);
#2810=EDGE_CURVE('',#2243,#2244,#1296,.T.);
#2811=EDGE_CURVE('',#2236,#2244,#299,.F.);
#2812=EDGE_CURVE('',#2244,#2129,#1297,.T.);
#2813=EDGE_CURVE('',#2126,#2245,#1298,.T.);
#2814=EDGE_CURVE('',#2245,#2237,#300,.F.);
#2815=EDGE_CURVE('',#2246,#2247,#301,.T.);
#2816=EDGE_CURVE('',#2246,#2125,#1299,.T.);
#2817=EDGE_CURVE('',#2124,#2247,#1300,.T.);
#2818=EDGE_CURVE('',#2246,#2245,#1301,.T.);
#2819=EDGE_CURVE('',#2248,#2249,#302,.T.);
#2820=EDGE_CURVE('',#2248,#2123,#1302,.T.);
#2821=EDGE_CURVE('',#2122,#2249,#1303,.T.);
#2822=EDGE_CURVE('',#2248,#2247,#1304,.T.);
#2823=EDGE_CURVE('',#2250,#2249,#1305,.T.);
#2824=EDGE_CURVE('',#2238,#2250,#303,.F.);
#2825=EDGE_CURVE('',#2250,#2121,#1306,.T.);
#2826=EDGE_CURVE('',#2239,#2215,#1307,.T.);
#2827=EDGE_CURVE('',#2251,#2252,#1308,.T.);
#2828=EDGE_CURVE('',#2253,#2251,#1309,.T.);
#2829=EDGE_CURVE('',#2254,#2253,#1310,.T.);
#2830=EDGE_CURVE('',#2254,#2252,#1311,.T.);
#2831=EDGE_CURVE('',#2252,#2255,#1312,.T.);
#2832=EDGE_CURVE('',#2256,#2254,#1313,.T.);
#2833=EDGE_CURVE('',#2256,#2255,#1314,.T.);
#2834=EDGE_CURVE('',#2255,#2257,#1315,.T.);
#2835=EDGE_CURVE('',#2258,#2256,#1316,.T.);
#2836=EDGE_CURVE('',#2258,#2257,#1317,.T.);
#2837=EDGE_CURVE('',#2257,#2251,#1318,.T.);
#2838=EDGE_CURVE('',#2253,#2258,#1319,.T.);
#2839=EDGE_CURVE('',#2259,#2260,#304,.T.);
#2840=EDGE_CURVE('',#2260,#2261,#1320,.T.);
#2841=EDGE_CURVE('',#2261,#2262,#305,.T.);
#2842=EDGE_CURVE('',#2262,#2259,#1321,.T.);
#2843=EDGE_CURVE('',#2262,#2263,#1322,.T.);
#2844=EDGE_CURVE('',#2263,#2264,#1323,.T.);
#2845=EDGE_CURVE('',#2264,#2259,#1324,.T.);
#2846=EDGE_CURVE('',#2265,#2261,#1325,.T.);
#2847=EDGE_CURVE('',#2266,#2265,#1326,.T.);
#2848=EDGE_CURVE('',#2267,#2266,#1327,.T.);
#2849=EDGE_CURVE('',#2268,#2267,#306,.T.);
#2850=EDGE_CURVE('',#2269,#2268,#1328,.T.);
#2851=EDGE_CURVE('',#2270,#2269,#1329,.T.);
#2852=EDGE_CURVE('',#2271,#2270,#307,.T.);
#2853=EDGE_CURVE('',#2263,#2271,#1330,.T.);
#2854=EDGE_CURVE('',#2272,#2273,#308,.T.);
#2855=EDGE_CURVE('',#2273,#2268,#1331,.T.);
#2856=EDGE_CURVE('',#2267,#2272,#1332,.T.);
#2857=EDGE_CURVE('',#2266,#2274,#1333,.T.);
#2858=EDGE_CURVE('',#2274,#2272,#1334,.T.);
#2859=EDGE_CURVE('',#2270,#2275,#1335,.T.);
#2860=EDGE_CURVE('',#2269,#2276,#1336,.T.);
#2861=EDGE_CURVE('',#2276,#2275,#1337,.T.);
#2862=EDGE_CURVE('',#2275,#2277,#309,.T.);
#2863=EDGE_CURVE('',#2277,#2271,#1338,.T.);
#2864=EDGE_CURVE('',#2277,#2264,#1339,.T.);
#2865=EDGE_CURVE('',#2278,#2274,#1340,.T.);
#2866=EDGE_CURVE('',#2265,#2278,#1341,.T.);
#2867=EDGE_CURVE('',#2273,#2276,#1342,.T.);
#2868=EDGE_CURVE('',#2260,#2278,#1343,.T.);
#2869=EDGE_CURVE('',#2279,#2280,#310,.F.);
#2870=EDGE_CURVE('',#2281,#2279,#311,.F.);
#2871=EDGE_CURVE('',#2280,#2281,#312,.F.);
#2872=EDGE_CURVE('',#2282,#2283,#313,.T.);
#2873=EDGE_CURVE('',#2283,#2284,#314,.T.);
#2874=EDGE_CURVE('',#2284,#2285,#2007,.F.);
#2875=EDGE_CURVE('',#2285,#2282,#315,.T.);
#2876=EDGE_CURVE('',#2279,#2283,#1344,.T.);
#2877=EDGE_CURVE('',#2282,#2281,#1345,.T.);
#2878=EDGE_CURVE('',#2286,#2287,#316,.F.);
#2879=EDGE_CURVE('',#2287,#2280,#1346,.T.);
#2880=EDGE_CURVE('',#2281,#2286,#1347,.T.);
#2881=EDGE_CURVE('',#2288,#2289,#317,.T.);
#2882=EDGE_CURVE('',#2290,#2289,#318,.T.);
#2883=EDGE_CURVE('',#2291,#2290,#319,.F.);
#2884=EDGE_CURVE('',#2288,#2291,#320,.T.);
#2885=EDGE_CURVE('',#2280,#2290,#1348,.T.);
#2886=EDGE_CURVE('',#2289,#2279,#1349,.T.);
#2887=EDGE_CURVE('',#2292,#2293,#321,.F.);
#2888=EDGE_CURVE('',#2293,#2291,#1350,.T.);
#2889=EDGE_CURVE('',#2290,#2292,#1351,.T.);
#2890=EDGE_CURVE('',#2294,#2295,#322,.T.);
#2891=EDGE_CURVE('',#2296,#2295,#323,.T.);
#2892=EDGE_CURVE('',#2297,#2296,#324,.F.);
#2893=EDGE_CURVE('',#2294,#2297,#325,.T.);
#2894=EDGE_CURVE('',#2291,#2296,#1352,.T.);
#2895=EDGE_CURVE('',#2295,#2288,#1353,.T.);
#2896=EDGE_CURVE('',#2298,#2299,#326,.F.);
#2897=EDGE_CURVE('',#2299,#2297,#1354,.T.);
#2898=EDGE_CURVE('',#2296,#2298,#1355,.T.);
#2899=EDGE_CURVE('',#2300,#2301,#327,.F.);
#2900=EDGE_CURVE('',#2302,#2300,#328,.F.);
#2901=EDGE_CURVE('',#2301,#2302,#329,.F.);
#2902=EDGE_CURVE('',#2303,#2304,#330,.T.);
#2903=EDGE_CURVE('',#2305,#2304,#331,.T.);
#2904=EDGE_CURVE('',#2306,#2305,#332,.F.);
#2905=EDGE_CURVE('',#2303,#2306,#333,.T.);
#2906=EDGE_CURVE('',#2297,#2305,#1356,.T.);
#2907=EDGE_CURVE('',#2304,#2294,#1357,.T.);
#2908=EDGE_CURVE('',#2307,#2308,#334,.F.);
#2909=EDGE_CURVE('',#2308,#2306,#1358,.T.);
#2910=EDGE_CURVE('',#2305,#2307,#1359,.T.);
#2911=EDGE_CURVE('',#2309,#2310,#335,.F.);
#2912=EDGE_CURVE('',#2311,#2309,#336,.T.);
#2913=EDGE_CURVE('',#2311,#2312,#337,.T.);
#2914=EDGE_CURVE('',#2310,#2312,#338,.T.);
#2915=EDGE_CURVE('',#2309,#2302,#1360,.T.);
#2916=EDGE_CURVE('',#2300,#2311,#1361,.T.);
#2917=EDGE_CURVE('',#2306,#2310,#1362,.T.);
#2918=EDGE_CURVE('',#2312,#2303,#1363,.T.);
#2919=EDGE_CURVE('',#2313,#2314,#339,.F.);
#2920=EDGE_CURVE('',#2314,#2309,#1364,.T.);
#2921=EDGE_CURVE('',#2310,#2313,#1365,.T.);
#2922=EDGE_CURVE('',#2315,#2316,#340,.F.);
#2923=EDGE_CURVE('',#2316,#2301,#1366,.T.);
#2924=EDGE_CURVE('',#2302,#2315,#1367,.T.);
#2925=EDGE_CURVE('',#2317,#2318,#341,.T.);
#2926=EDGE_CURVE('',#2318,#2300,#1368,.T.);
#2927=EDGE_CURVE('',#2301,#2317,#1369,.T.);
#2928=EDGE_CURVE('',#2319,#2320,#2008,.F.);
#2929=EDGE_CURVE('',#2320,#2318,#342,.T.);
#2930=EDGE_CURVE('',#2317,#2319,#343,.T.);
#2931=EDGE_CURVE('',#2292,#2287,#1370,.T.);
#2932=EDGE_CURVE('',#2321,#2285,#1371,.T.);
#2933=EDGE_CURVE('',#2286,#2321,#1372,.T.);
#2934=EDGE_CURVE('',#2283,#2322,#1373,.T.);
#2935=EDGE_CURVE('',#2322,#2323,#27,.T.);
#2936=EDGE_CURVE('',#2323,#2284,#1374,.T.);
#2937=EDGE_CURVE('',#2324,#2318,#1375,.T.);
#2938=EDGE_CURVE('',#2325,#2324,#1376,.T.);
#2939=EDGE_CURVE('',#2326,#2325,#1377,.T.);
#2940=EDGE_CURVE('',#2322,#2326,#1378,.T.);
#2941=EDGE_CURVE('',#2320,#2327,#1379,.T.);
#2942=EDGE_CURVE('',#2327,#2324,#28,.T.);
#2943=EDGE_CURVE('',#2327,#2328,#1380,.T.);
#2944=EDGE_CURVE('',#2328,#2325,#29,.T.);
#2945=EDGE_CURVE('',#2328,#2329,#1381,.T.);
#2946=EDGE_CURVE('',#2329,#2326,#30,.T.);
#2947=EDGE_CURVE('',#2329,#2323,#1382,.T.);
#2948=EDGE_CURVE('',#2330,#2329,#1383,.T.);
#2949=EDGE_CURVE('',#2331,#2330,#1384,.T.);
#2950=EDGE_CURVE('',#2323,#2331,#1385,.T.);
#2951=EDGE_CURVE('',#2332,#2328,#1386,.T.);
#2952=EDGE_CURVE('',#2330,#2332,#1387,.T.);
#2953=EDGE_CURVE('',#2333,#2327,#1388,.T.);
#2954=EDGE_CURVE('',#2332,#2333,#1389,.T.);
#2955=EDGE_CURVE('',#2334,#2331,#1390,.T.);
#2956=EDGE_CURVE('',#2335,#2334,#2009,.F.);
#2957=EDGE_CURVE('',#2335,#2336,#1391,.T.);
#2958=EDGE_CURVE('',#2337,#2336,#2010,.F.);
#2959=EDGE_CURVE('',#2338,#2337,#1392,.T.);
#2960=EDGE_CURVE('',#2338,#2339,#1393,.T.);
#2961=EDGE_CURVE('',#2340,#2339,#1394,.T.);
#2962=EDGE_CURVE('',#2341,#2340,#2011,.F.);
#2963=EDGE_CURVE('',#2342,#2341,#1395,.T.);
#2964=EDGE_CURVE('',#2343,#2342,#1396,.T.);
#2965=EDGE_CURVE('',#2343,#2344,#1397,.T.);
#2966=EDGE_CURVE('',#2345,#2344,#2012,.F.);
#2967=EDGE_CURVE('',#2346,#2345,#1398,.T.);
#2968=EDGE_CURVE('',#2346,#2347,#1399,.T.);
#2969=EDGE_CURVE('',#2348,#2347,#1400,.T.);
#2970=EDGE_CURVE('',#2349,#2348,#2013,.F.);
#2971=EDGE_CURVE('',#2349,#2350,#1401,.T.);
#2972=EDGE_CURVE('',#2351,#2350,#2014,.F.);
#2973=EDGE_CURVE('',#2333,#2351,#1402,.T.);
#2974=EDGE_CURVE('',#2352,#2319,#1403,.T.);
#2975=EDGE_CURVE('',#2321,#2352,#1404,.T.);
#2976=EDGE_CURVE('',#2353,#2354,#344,.F.);
#2977=EDGE_CURVE('',#2355,#2353,#345,.F.);
#2978=EDGE_CURVE('',#2354,#2355,#346,.F.);
#2979=EDGE_CURVE('',#2356,#2357,#347,.T.);
#2980=EDGE_CURVE('',#2358,#2356,#348,.F.);
#2981=EDGE_CURVE('',#2359,#2358,#349,.T.);
#2982=EDGE_CURVE('',#2359,#2357,#350,.T.);
#2983=EDGE_CURVE('',#2360,#2361,#351,.F.);
#2984=EDGE_CURVE('',#2362,#2360,#352,.F.);
#2985=EDGE_CURVE('',#2361,#2362,#353,.F.);
#2986=EDGE_CURVE('',#2355,#2362,#1405,.T.);
#2987=EDGE_CURVE('',#2360,#2354,#1406,.T.);
#2988=EDGE_CURVE('',#2363,#2364,#354,.T.);
#2989=EDGE_CURVE('',#2365,#2363,#355,.F.);
#2990=EDGE_CURVE('',#2366,#2365,#356,.T.);
#2991=EDGE_CURVE('',#2366,#2364,#357,.T.);
#2992=EDGE_CURVE('',#2367,#2368,#358,.T.);
#2993=EDGE_CURVE('',#2369,#2368,#359,.T.);
#2994=EDGE_CURVE('',#2370,#2369,#360,.F.);
#2995=EDGE_CURVE('',#2367,#2370,#361,.T.);
#2996=EDGE_CURVE('',#2362,#2369,#1407,.T.);
#2997=EDGE_CURVE('',#2368,#2361,#1408,.T.);
#2998=EDGE_CURVE('',#2369,#2358,#1409,.T.);
#2999=EDGE_CURVE('',#2356,#2370,#1410,.T.);
#3000=EDGE_CURVE('',#2371,#2372,#362,.F.);
#3001=EDGE_CURVE('',#2373,#2371,#363,.F.);
#3002=EDGE_CURVE('',#2372,#2373,#364,.F.);
#3003=EDGE_CURVE('',#2374,#2375,#365,.T.);
#3004=EDGE_CURVE('',#2375,#2351,#366,.T.);
#3005=EDGE_CURVE('',#2350,#2374,#367,.T.);
#3006=EDGE_CURVE('',#2371,#2375,#1411,.T.);
#3007=EDGE_CURVE('',#2374,#2373,#1412,.T.);
#3008=EDGE_CURVE('',#2376,#2377,#368,.T.);
#3009=EDGE_CURVE('',#2378,#2376,#369,.F.);
#3010=EDGE_CURVE('',#2379,#2378,#370,.T.);
#3011=EDGE_CURVE('',#2379,#2377,#371,.T.);
#3012=EDGE_CURVE('',#2380,#2381,#372,.T.);
#3013=EDGE_CURVE('',#2382,#2381,#373,.T.);
#3014=EDGE_CURVE('',#2383,#2382,#374,.F.);
#3015=EDGE_CURVE('',#2380,#2383,#375,.T.);
#3016=EDGE_CURVE('',#2370,#2382,#1413,.T.);
#3017=EDGE_CURVE('',#2381,#2367,#1414,.T.);
#3018=EDGE_CURVE('',#2382,#2365,#1415,.T.);
#3019=EDGE_CURVE('',#2363,#2383,#1416,.T.);
#3020=EDGE_CURVE('',#2384,#2385,#376,.T.);
#3021=EDGE_CURVE('',#2386,#2384,#377,.F.);
#3022=EDGE_CURVE('',#2387,#2386,#378,.T.);
#3023=EDGE_CURVE('',#2387,#2385,#379,.T.);
#3024=EDGE_CURVE('',#2388,#2389,#380,.F.);
#3025=EDGE_CURVE('',#2390,#2388,#381,.F.);
#3026=EDGE_CURVE('',#2389,#2390,#382,.F.);
#3027=EDGE_CURVE('',#2391,#2392,#383,.T.);
#3028=EDGE_CURVE('',#2393,#2392,#384,.T.);
#3029=EDGE_CURVE('',#2394,#2393,#385,.F.);
#3030=EDGE_CURVE('',#2391,#2394,#386,.T.);
#3031=EDGE_CURVE('',#2383,#2393,#1417,.T.);
#3032=EDGE_CURVE('',#2392,#2380,#1418,.T.);
#3033=EDGE_CURVE('',#2393,#2378,#1419,.T.);
#3034=EDGE_CURVE('',#2376,#2394,#1420,.T.);
#3035=EDGE_CURVE('',#2395,#2396,#387,.F.);
#3036=EDGE_CURVE('',#2397,#2395,#388,.T.);
#3037=EDGE_CURVE('',#2397,#2398,#389,.T.);
#3038=EDGE_CURVE('',#2396,#2398,#390,.T.);
#3039=EDGE_CURVE('',#2395,#2390,#1421,.T.);
#3040=EDGE_CURVE('',#2388,#2397,#1422,.T.);
#3041=EDGE_CURVE('',#2394,#2396,#1423,.T.);
#3042=EDGE_CURVE('',#2398,#2391,#1424,.T.);
#3043=EDGE_CURVE('',#2396,#2386,#1425,.T.);
#3044=EDGE_CURVE('',#2384,#2395,#1426,.T.);
#3045=EDGE_CURVE('',#2390,#2372,#1427,.T.);
#3046=EDGE_CURVE('',#2373,#2389,#1428,.T.);
#3047=EDGE_CURVE('',#2399,#2400,#391,.T.);
#3048=EDGE_CURVE('',#2400,#2388,#1429,.T.);
#3049=EDGE_CURVE('',#2389,#2399,#1430,.T.);
#3050=EDGE_CURVE('',#2348,#2400,#392,.T.);
#3051=EDGE_CURVE('',#2399,#2349,#393,.T.);
#3052=EDGE_CURVE('',#2386,#2376,#1431,.T.);
#3053=EDGE_CURVE('',#2377,#2387,#1432,.T.);
#3054=EDGE_CURVE('',#2372,#2384,#1433,.T.);
#3055=EDGE_CURVE('',#2385,#2371,#1434,.T.);
#3056=EDGE_CURVE('',#2378,#2363,#1435,.T.);
#3057=EDGE_CURVE('',#2364,#2379,#1436,.T.);
#3058=EDGE_CURVE('',#2365,#2356,#1437,.T.);
#3059=EDGE_CURVE('',#2357,#2366,#1438,.T.);
#3060=EDGE_CURVE('',#2401,#2402,#394,.T.);
#3061=EDGE_CURVE('',#2402,#2337,#395,.T.);
#3062=EDGE_CURVE('',#2336,#2401,#396,.T.);
#3063=EDGE_CURVE('',#2361,#2402,#1439,.T.);
#3064=EDGE_CURVE('',#2401,#2360,#1440,.T.);
#3065=EDGE_CURVE('',#2358,#2355,#1441,.T.);
#3066=EDGE_CURVE('',#2353,#2359,#1442,.T.);
#3067=EDGE_CURVE('',#2403,#2404,#397,.T.);
#3068=EDGE_CURVE('',#2404,#2353,#1443,.T.);
#3069=EDGE_CURVE('',#2354,#2403,#1444,.T.);
#3070=EDGE_CURVE('',#2334,#2404,#398,.T.);
#3071=EDGE_CURVE('',#2403,#2335,#399,.T.);
#3072=EDGE_CURVE('',#2375,#2405,#1445,.T.);
#3073=EDGE_CURVE('',#2405,#2333,#31,.T.);
#3074=EDGE_CURVE('',#2406,#2404,#1446,.T.);
#3075=EDGE_CURVE('',#2407,#2406,#1447,.T.);
#3076=EDGE_CURVE('',#2408,#2407,#1448,.T.);
#3077=EDGE_CURVE('',#2405,#2408,#1449,.T.);
#3078=EDGE_CURVE('',#2331,#2406,#32,.T.);
#3079=EDGE_CURVE('',#2330,#2407,#33,.T.);
#3080=EDGE_CURVE('',#2332,#2408,#34,.T.);
#3081=EDGE_CURVE('',#2402,#2409,#1450,.T.);
#3082=EDGE_CURVE('',#2409,#2338,#35,.T.);
#3083=EDGE_CURVE('',#2347,#2410,#36,.T.);
#3084=EDGE_CURVE('',#2410,#2400,#1451,.T.);
#3085=EDGE_CURVE('',#2411,#2410,#1452,.T.);
#3086=EDGE_CURVE('',#2347,#2412,#1453,.T.);
#3087=EDGE_CURVE('',#2412,#2411,#37,.T.);
#3088=EDGE_CURVE('',#2413,#2411,#1454,.T.);
#3089=EDGE_CURVE('',#2412,#2414,#1455,.T.);
#3090=EDGE_CURVE('',#2414,#2413,#38,.T.);
#3091=EDGE_CURVE('',#2409,#2413,#1456,.T.);
#3092=EDGE_CURVE('',#2414,#2338,#1457,.T.);
#3093=EDGE_CURVE('',#2415,#2414,#1458,.T.);
#3094=EDGE_CURVE('',#2339,#2415,#1459,.T.);
#3095=EDGE_CURVE('',#2416,#2412,#1460,.T.);
#3096=EDGE_CURVE('',#2415,#2416,#1461,.T.);
#3097=EDGE_CURVE('',#2416,#2346,#1462,.T.);
#3098=EDGE_CURVE('',#2417,#2418,#400,.T.);
#3099=EDGE_CURVE('',#2419,#2417,#401,.F.);
#3100=EDGE_CURVE('',#2420,#2419,#402,.T.);
#3101=EDGE_CURVE('',#2420,#2418,#403,.T.);
#3102=EDGE_CURVE('',#2421,#2422,#404,.T.);
#3103=EDGE_CURVE('',#2423,#2421,#405,.F.);
#3104=EDGE_CURVE('',#2424,#2423,#406,.T.);
#3105=EDGE_CURVE('',#2424,#2422,#407,.T.);
#3106=EDGE_CURVE('',#2425,#2426,#408,.F.);
#3107=EDGE_CURVE('',#2427,#2425,#409,.F.);
#3108=EDGE_CURVE('',#2426,#2427,#410,.F.);
#3109=EDGE_CURVE('',#2425,#2419,#1463,.T.);
#3110=EDGE_CURVE('',#2417,#2427,#1464,.T.);
#3111=EDGE_CURVE('',#2428,#2429,#411,.F.);
#3112=EDGE_CURVE('',#2430,#2428,#412,.F.);
#3113=EDGE_CURVE('',#2429,#2430,#413,.F.);
#3114=EDGE_CURVE('',#2419,#2430,#1465,.T.);
#3115=EDGE_CURVE('',#2428,#2420,#1466,.T.);
#3116=EDGE_CURVE('',#2431,#2432,#414,.F.);
#3117=EDGE_CURVE('',#2433,#2431,#415,.F.);
#3118=EDGE_CURVE('',#2432,#2433,#416,.F.);
#3119=EDGE_CURVE('',#2431,#2423,#1467,.T.);
#3120=EDGE_CURVE('',#2421,#2433,#1468,.T.);
#3121=EDGE_CURVE('',#2434,#2421,#1469,.T.);
#3122=EDGE_CURVE('',#2422,#2435,#1470,.T.);
#3123=EDGE_CURVE('',#2435,#2434,#39,.T.);
#3124=EDGE_CURVE('',#2436,#2437,#417,.T.);
#3125=EDGE_CURVE('',#2438,#2437,#418,.T.);
#3126=EDGE_CURVE('',#2439,#2438,#419,.F.);
#3127=EDGE_CURVE('',#2436,#2439,#420,.T.);
#3128=EDGE_CURVE('',#2430,#2438,#1471,.T.);
#3129=EDGE_CURVE('',#2437,#2429,#1472,.T.);
#3130=EDGE_CURVE('',#2438,#2425,#1473,.T.);
#3131=EDGE_CURVE('',#2426,#2439,#1474,.T.);
#3132=EDGE_CURVE('',#2440,#2441,#421,.T.);
#3133=EDGE_CURVE('',#2442,#2440,#422,.F.);
#3134=EDGE_CURVE('',#2443,#2442,#423,.T.);
#3135=EDGE_CURVE('',#2443,#2441,#424,.T.);
#3136=EDGE_CURVE('',#2342,#2436,#1475,.T.);
#3137=EDGE_CURVE('',#2439,#2444,#1476,.T.);
#3138=EDGE_CURVE('',#2444,#2342,#40,.T.);
#3139=EDGE_CURVE('',#2445,#2446,#425,.F.);
#3140=EDGE_CURVE('',#2447,#2445,#426,.F.);
#3141=EDGE_CURVE('',#2446,#2447,#427,.F.);
#3142=EDGE_CURVE('',#2445,#2442,#1477,.T.);
#3143=EDGE_CURVE('',#2440,#2447,#1478,.T.);
#3144=EDGE_CURVE('',#2448,#2449,#428,.F.);
#3145=EDGE_CURVE('',#2450,#2448,#429,.F.);
#3146=EDGE_CURVE('',#2449,#2450,#430,.F.);
#3147=EDGE_CURVE('',#2451,#2452,#431,.T.);
#3148=EDGE_CURVE('',#2452,#2345,#432,.T.);
#3149=EDGE_CURVE('',#2344,#2451,#433,.T.);
#3150=EDGE_CURVE('',#2448,#2452,#1479,.T.);
#3151=EDGE_CURVE('',#2451,#2450,#1480,.T.);
#3152=EDGE_CURVE('',#2453,#2454,#434,.T.);
#3153=EDGE_CURVE('',#2455,#2453,#435,.F.);
#3154=EDGE_CURVE('',#2456,#2455,#436,.T.);
#3155=EDGE_CURVE('',#2456,#2454,#437,.T.);
#3156=EDGE_CURVE('',#2447,#2455,#1481,.T.);
#3157=EDGE_CURVE('',#2453,#2446,#1482,.T.);
#3158=EDGE_CURVE('',#2455,#2449,#1483,.T.);
#3159=EDGE_CURVE('',#2450,#2456,#1484,.T.);
#3160=EDGE_CURVE('',#2457,#2453,#1485,.T.);
#3161=EDGE_CURVE('',#2454,#2343,#1486,.T.);
#3162=EDGE_CURVE('',#2343,#2457,#41,.T.);
#3163=EDGE_CURVE('',#2444,#2457,#1487,.T.);
#3164=EDGE_CURVE('',#2449,#2440,#1488,.T.);
#3165=EDGE_CURVE('',#2441,#2448,#1489,.T.);
#3166=EDGE_CURVE('',#2458,#2445,#1490,.T.);
#3167=EDGE_CURVE('',#2446,#2459,#1491,.T.);
#3168=EDGE_CURVE('',#2459,#2458,#42,.T.);
#3169=EDGE_CURVE('',#2435,#2443,#1492,.T.);
#3170=EDGE_CURVE('',#2442,#2434,#1493,.T.);
#3171=EDGE_CURVE('',#2459,#2432,#1494,.T.);
#3172=EDGE_CURVE('',#2433,#2458,#1495,.T.);
#3173=EDGE_CURVE('',#2427,#2431,#1496,.T.);
#3174=EDGE_CURVE('',#2432,#2426,#1497,.T.);
#3175=EDGE_CURVE('',#2460,#2461,#438,.T.);
#3176=EDGE_CURVE('',#2461,#2428,#1498,.T.);
#3177=EDGE_CURVE('',#2429,#2460,#1499,.T.);
#3178=EDGE_CURVE('',#2340,#2461,#439,.T.);
#3179=EDGE_CURVE('',#2460,#2341,#440,.T.);
#3180=EDGE_CURVE('',#2423,#2417,#1500,.T.);
#3181=EDGE_CURVE('',#2418,#2424,#1501,.T.);
#3182=EDGE_CURVE('',#2434,#2458,#1502,.T.);
#3183=EDGE_CURVE('',#2452,#2462,#1503,.T.);
#3184=EDGE_CURVE('',#2462,#2346,#43,.T.);
#3185=EDGE_CURVE('',#2463,#2461,#1504,.T.);
#3186=EDGE_CURVE('',#2464,#2463,#1505,.T.);
#3187=EDGE_CURVE('',#2465,#2464,#1506,.T.);
#3188=EDGE_CURVE('',#2462,#2465,#1507,.T.);
#3189=EDGE_CURVE('',#2339,#2463,#44,.T.);
#3190=EDGE_CURVE('',#2415,#2464,#45,.T.);
#3191=EDGE_CURVE('',#2416,#2465,#46,.T.);
#3192=EDGE_CURVE('',#2316,#2352,#1508,.T.);
#3193=EDGE_CURVE('',#2315,#2314,#1509,.T.);
#3194=EDGE_CURVE('',#2313,#2308,#1510,.T.);
#3195=EDGE_CURVE('',#2307,#2299,#1511,.T.);
#3196=EDGE_CURVE('',#2298,#2293,#1512,.T.);
#3197=EDGE_CURVE('',#2466,#2467,#1513,.T.);
#3198=EDGE_CURVE('',#2468,#2467,#1514,.T.);
#3199=EDGE_CURVE('',#2468,#2469,#1515,.T.);
#3200=EDGE_CURVE('',#2469,#2466,#1516,.T.);
#3201=EDGE_CURVE('',#2467,#2470,#1517,.T.);
#3202=EDGE_CURVE('',#2471,#2470,#1518,.T.);
#3203=EDGE_CURVE('',#2471,#2468,#1519,.T.);
#3204=EDGE_CURVE('',#2470,#2472,#1520,.T.);
#3205=EDGE_CURVE('',#2473,#2472,#1521,.T.);
#3206=EDGE_CURVE('',#2473,#2471,#1522,.T.);
#3207=EDGE_CURVE('',#2472,#2466,#1523,.T.);
#3208=EDGE_CURVE('',#2469,#2473,#1524,.T.);
#3209=ORIENTED_EDGE('',*,*,#2474,.T.);
#3210=ORIENTED_EDGE('',*,*,#2475,.T.);
#3211=ORIENTED_EDGE('',*,*,#2476,.T.);
#3212=ORIENTED_EDGE('',*,*,#2477,.T.);
#3213=ORIENTED_EDGE('',*,*,#2478,.T.);
#3214=ORIENTED_EDGE('',*,*,#2479,.T.);
#3215=ORIENTED_EDGE('',*,*,#2480,.T.);
#3216=ORIENTED_EDGE('',*,*,#2481,.T.);
#3217=ORIENTED_EDGE('',*,*,#2482,.T.);
#3218=ORIENTED_EDGE('',*,*,#2483,.T.);
#3219=ORIENTED_EDGE('',*,*,#2484,.T.);
#3220=ORIENTED_EDGE('',*,*,#2485,.T.);
#3221=ORIENTED_EDGE('',*,*,#2486,.T.);
#3222=ORIENTED_EDGE('',*,*,#2487,.T.);
#3223=ORIENTED_EDGE('',*,*,#2488,.T.);
#3224=ORIENTED_EDGE('',*,*,#2489,.T.);
#3225=ORIENTED_EDGE('',*,*,#2490,.T.);
#3226=ORIENTED_EDGE('',*,*,#2482,.F.);
#3227=ORIENTED_EDGE('',*,*,#2491,.F.);
#3228=ORIENTED_EDGE('',*,*,#2492,.F.);
#3229=ORIENTED_EDGE('',*,*,#2493,.T.);
#3230=ORIENTED_EDGE('',*,*,#2481,.F.);
#3231=ORIENTED_EDGE('',*,*,#2494,.F.);
#3232=ORIENTED_EDGE('',*,*,#2495,.F.);
#3233=ORIENTED_EDGE('',*,*,#2491,.T.);
#3234=ORIENTED_EDGE('',*,*,#2480,.F.);
#3235=ORIENTED_EDGE('',*,*,#2496,.F.);
#3236=ORIENTED_EDGE('',*,*,#2497,.F.);
#3237=ORIENTED_EDGE('',*,*,#2494,.T.);
#3238=ORIENTED_EDGE('',*,*,#2479,.F.);
#3239=ORIENTED_EDGE('',*,*,#2498,.F.);
#3240=ORIENTED_EDGE('',*,*,#2499,.F.);
#3241=ORIENTED_EDGE('',*,*,#2496,.T.);
#3242=ORIENTED_EDGE('',*,*,#2478,.F.);
#3243=ORIENTED_EDGE('',*,*,#2500,.F.);
#3244=ORIENTED_EDGE('',*,*,#2501,.F.);
#3245=ORIENTED_EDGE('',*,*,#2498,.T.);
#3246=ORIENTED_EDGE('',*,*,#2477,.F.);
#3247=ORIENTED_EDGE('',*,*,#2502,.F.);
#3248=ORIENTED_EDGE('',*,*,#2503,.F.);
#3249=ORIENTED_EDGE('',*,*,#2500,.T.);
#3250=ORIENTED_EDGE('',*,*,#2476,.F.);
#3251=ORIENTED_EDGE('',*,*,#2504,.F.);
#3252=ORIENTED_EDGE('',*,*,#2505,.F.);
#3253=ORIENTED_EDGE('',*,*,#2502,.T.);
#3254=ORIENTED_EDGE('',*,*,#2475,.F.);
#3255=ORIENTED_EDGE('',*,*,#2506,.F.);
#3256=ORIENTED_EDGE('',*,*,#2507,.F.);
#3257=ORIENTED_EDGE('',*,*,#2504,.T.);
#3258=ORIENTED_EDGE('',*,*,#2474,.F.);
#3259=ORIENTED_EDGE('',*,*,#2508,.F.);
#3260=ORIENTED_EDGE('',*,*,#2509,.F.);
#3261=ORIENTED_EDGE('',*,*,#2506,.T.);
#3262=ORIENTED_EDGE('',*,*,#2490,.F.);
#3263=ORIENTED_EDGE('',*,*,#2510,.F.);
#3264=ORIENTED_EDGE('',*,*,#2511,.F.);
#3265=ORIENTED_EDGE('',*,*,#2508,.T.);
#3266=ORIENTED_EDGE('',*,*,#2489,.F.);
#3267=ORIENTED_EDGE('',*,*,#2512,.F.);
#3268=ORIENTED_EDGE('',*,*,#2513,.F.);
#3269=ORIENTED_EDGE('',*,*,#2510,.T.);
#3270=ORIENTED_EDGE('',*,*,#2488,.F.);
#3271=ORIENTED_EDGE('',*,*,#2514,.F.);
#3272=ORIENTED_EDGE('',*,*,#2515,.F.);
#3273=ORIENTED_EDGE('',*,*,#2512,.T.);
#3274=ORIENTED_EDGE('',*,*,#2487,.F.);
#3275=ORIENTED_EDGE('',*,*,#2516,.F.);
#3276=ORIENTED_EDGE('',*,*,#2517,.F.);
#3277=ORIENTED_EDGE('',*,*,#2514,.T.);
#3278=ORIENTED_EDGE('',*,*,#2486,.F.);
#3279=ORIENTED_EDGE('',*,*,#2518,.F.);
#3280=ORIENTED_EDGE('',*,*,#2519,.F.);
#3281=ORIENTED_EDGE('',*,*,#2516,.T.);
#3282=ORIENTED_EDGE('',*,*,#2485,.F.);
#3283=ORIENTED_EDGE('',*,*,#2520,.F.);
#3284=ORIENTED_EDGE('',*,*,#2521,.F.);
#3285=ORIENTED_EDGE('',*,*,#2518,.T.);
#3286=ORIENTED_EDGE('',*,*,#2484,.F.);
#3287=ORIENTED_EDGE('',*,*,#2522,.F.);
#3288=ORIENTED_EDGE('',*,*,#2523,.F.);
#3289=ORIENTED_EDGE('',*,*,#2520,.T.);
#3290=ORIENTED_EDGE('',*,*,#2483,.F.);
#3291=ORIENTED_EDGE('',*,*,#2493,.F.);
#3292=ORIENTED_EDGE('',*,*,#2524,.F.);
#3293=ORIENTED_EDGE('',*,*,#2522,.T.);
#3294=ORIENTED_EDGE('',*,*,#2525,.F.);
#3295=ORIENTED_EDGE('',*,*,#2526,.F.);
#3296=ORIENTED_EDGE('',*,*,#2527,.F.);
#3297=ORIENTED_EDGE('',*,*,#2528,.T.);
#3298=ORIENTED_EDGE('',*,*,#2529,.F.);
#3299=ORIENTED_EDGE('',*,*,#2528,.F.);
#3300=ORIENTED_EDGE('',*,*,#2530,.F.);
#3301=ORIENTED_EDGE('',*,*,#2531,.T.);
#3302=ORIENTED_EDGE('',*,*,#2532,.F.);
#3303=ORIENTED_EDGE('',*,*,#2531,.F.);
#3304=ORIENTED_EDGE('',*,*,#2533,.F.);
#3305=ORIENTED_EDGE('',*,*,#2534,.T.);
#3306=ORIENTED_EDGE('',*,*,#2535,.F.);
#3307=ORIENTED_EDGE('',*,*,#2534,.F.);
#3308=ORIENTED_EDGE('',*,*,#2536,.F.);
#3309=ORIENTED_EDGE('',*,*,#2537,.T.);
#3310=ORIENTED_EDGE('',*,*,#2538,.F.);
#3311=ORIENTED_EDGE('',*,*,#2537,.F.);
#3312=ORIENTED_EDGE('',*,*,#2539,.F.);
#3313=ORIENTED_EDGE('',*,*,#2540,.T.);
#3314=ORIENTED_EDGE('',*,*,#2541,.F.);
#3315=ORIENTED_EDGE('',*,*,#2540,.F.);
#3316=ORIENTED_EDGE('',*,*,#2542,.F.);
#3317=ORIENTED_EDGE('',*,*,#2543,.T.);
#3318=ORIENTED_EDGE('',*,*,#2544,.F.);
#3319=ORIENTED_EDGE('',*,*,#2543,.F.);
#3320=ORIENTED_EDGE('',*,*,#2545,.F.);
#3321=ORIENTED_EDGE('',*,*,#2526,.T.);
#3322=ORIENTED_EDGE('',*,*,#2535,.T.);
#3323=ORIENTED_EDGE('',*,*,#2538,.T.);
#3324=ORIENTED_EDGE('',*,*,#2541,.T.);
#3325=ORIENTED_EDGE('',*,*,#2544,.T.);
#3326=ORIENTED_EDGE('',*,*,#2525,.T.);
#3327=ORIENTED_EDGE('',*,*,#2529,.T.);
#3328=ORIENTED_EDGE('',*,*,#2532,.T.);
#3329=ORIENTED_EDGE('',*,*,#2546,.T.);
#3330=ORIENTED_EDGE('',*,*,#2547,.T.);
#3331=ORIENTED_EDGE('',*,*,#2547,.F.);
#3332=ORIENTED_EDGE('',*,*,#2546,.F.);
#3333=ORIENTED_EDGE('',*,*,#2548,.T.);
#3334=ORIENTED_EDGE('',*,*,#2549,.F.);
#3335=ORIENTED_EDGE('',*,*,#2548,.F.);
#3336=ORIENTED_EDGE('',*,*,#2550,.T.);
#3337=ORIENTED_EDGE('',*,*,#2551,.T.);
#3338=ORIENTED_EDGE('',*,*,#2551,.F.);
#3339=ORIENTED_EDGE('',*,*,#2550,.F.);
#3340=ORIENTED_EDGE('',*,*,#2552,.T.);
#3341=ORIENTED_EDGE('',*,*,#2553,.F.);
#3342=ORIENTED_EDGE('',*,*,#2552,.F.);
#3343=ORIENTED_EDGE('',*,*,#2554,.T.);
#3344=ORIENTED_EDGE('',*,*,#2555,.T.);
#3345=ORIENTED_EDGE('',*,*,#2556,.F.);
#3346=ORIENTED_EDGE('',*,*,#2555,.F.);
#3347=ORIENTED_EDGE('',*,*,#2554,.F.);
#3348=ORIENTED_EDGE('',*,*,#2549,.T.);
#3349=ORIENTED_EDGE('',*,*,#2557,.T.);
#3350=ORIENTED_EDGE('',*,*,#2558,.T.);
#3351=ORIENTED_EDGE('',*,*,#2559,.F.);
#3352=ORIENTED_EDGE('',*,*,#2558,.F.);
#3353=ORIENTED_EDGE('',*,*,#2557,.F.);
#3354=ORIENTED_EDGE('',*,*,#2553,.T.);
#3355=ORIENTED_EDGE('',*,*,#2560,.T.);
#3356=ORIENTED_EDGE('',*,*,#2561,.T.);
#3357=ORIENTED_EDGE('',*,*,#2562,.F.);
#3358=ORIENTED_EDGE('',*,*,#2561,.F.);
#3359=ORIENTED_EDGE('',*,*,#2560,.F.);
#3360=ORIENTED_EDGE('',*,*,#2563,.T.);
#3361=ORIENTED_EDGE('',*,*,#2564,.T.);
#3362=ORIENTED_EDGE('',*,*,#2565,.F.);
#3363=ORIENTED_EDGE('',*,*,#2566,.F.);
#3364=ORIENTED_EDGE('',*,*,#2567,.F.);
#3365=ORIENTED_EDGE('',*,*,#2568,.F.);
#3366=ORIENTED_EDGE('',*,*,#2569,.T.);
#3367=ORIENTED_EDGE('',*,*,#2570,.T.);
#3368=ORIENTED_EDGE('',*,*,#2571,.T.);
#3369=ORIENTED_EDGE('',*,*,#2563,.F.);
#3370=ORIENTED_EDGE('',*,*,#2572,.F.);
#3371=ORIENTED_EDGE('',*,*,#2567,.T.);
#3372=ORIENTED_EDGE('',*,*,#2573,.T.);
#3373=ORIENTED_EDGE('',*,*,#2569,.F.);
#3374=ORIENTED_EDGE('',*,*,#2574,.F.);
#3375=ORIENTED_EDGE('',*,*,#2565,.T.);
#3376=ORIENTED_EDGE('',*,*,#2573,.F.);
#3377=ORIENTED_EDGE('',*,*,#2564,.F.);
#3378=ORIENTED_EDGE('',*,*,#2571,.F.);
#3379=ORIENTED_EDGE('',*,*,#2570,.F.);
#3380=ORIENTED_EDGE('',*,*,#2575,.T.);
#3381=ORIENTED_EDGE('',*,*,#2576,.T.);
#3382=ORIENTED_EDGE('',*,*,#2577,.F.);
#3383=ORIENTED_EDGE('',*,*,#2578,.F.);
#3384=ORIENTED_EDGE('',*,*,#2579,.F.);
#3385=ORIENTED_EDGE('',*,*,#2580,.F.);
#3386=ORIENTED_EDGE('',*,*,#2581,.T.);
#3387=ORIENTED_EDGE('',*,*,#2582,.T.);
#3388=ORIENTED_EDGE('',*,*,#2583,.T.);
#3389=ORIENTED_EDGE('',*,*,#2575,.F.);
#3390=ORIENTED_EDGE('',*,*,#2584,.F.);
#3391=ORIENTED_EDGE('',*,*,#2579,.T.);
#3392=ORIENTED_EDGE('',*,*,#2585,.T.);
#3393=ORIENTED_EDGE('',*,*,#2581,.F.);
#3394=ORIENTED_EDGE('',*,*,#2586,.F.);
#3395=ORIENTED_EDGE('',*,*,#2577,.T.);
#3396=ORIENTED_EDGE('',*,*,#2585,.F.);
#3397=ORIENTED_EDGE('',*,*,#2576,.F.);
#3398=ORIENTED_EDGE('',*,*,#2583,.F.);
#3399=ORIENTED_EDGE('',*,*,#2582,.F.);
#3400=ORIENTED_EDGE('',*,*,#2587,.T.);
#3401=ORIENTED_EDGE('',*,*,#2588,.T.);
#3402=ORIENTED_EDGE('',*,*,#2589,.F.);
#3403=ORIENTED_EDGE('',*,*,#2590,.F.);
#3404=ORIENTED_EDGE('',*,*,#2591,.F.);
#3405=ORIENTED_EDGE('',*,*,#2592,.F.);
#3406=ORIENTED_EDGE('',*,*,#2593,.T.);
#3407=ORIENTED_EDGE('',*,*,#2594,.T.);
#3408=ORIENTED_EDGE('',*,*,#2595,.T.);
#3409=ORIENTED_EDGE('',*,*,#2587,.F.);
#3410=ORIENTED_EDGE('',*,*,#2596,.F.);
#3411=ORIENTED_EDGE('',*,*,#2591,.T.);
#3412=ORIENTED_EDGE('',*,*,#2597,.T.);
#3413=ORIENTED_EDGE('',*,*,#2593,.F.);
#3414=ORIENTED_EDGE('',*,*,#2598,.F.);
#3415=ORIENTED_EDGE('',*,*,#2589,.T.);
#3416=ORIENTED_EDGE('',*,*,#2597,.F.);
#3417=ORIENTED_EDGE('',*,*,#2588,.F.);
#3418=ORIENTED_EDGE('',*,*,#2595,.F.);
#3419=ORIENTED_EDGE('',*,*,#2594,.F.);
#3420=ORIENTED_EDGE('',*,*,#2599,.F.);
#3421=ORIENTED_EDGE('',*,*,#2600,.F.);
#3422=ORIENTED_EDGE('',*,*,#2601,.F.);
#3423=ORIENTED_EDGE('',*,*,#2602,.T.);
#3424=ORIENTED_EDGE('',*,*,#2603,.F.);
#3425=ORIENTED_EDGE('',*,*,#2602,.F.);
#3426=ORIENTED_EDGE('',*,*,#2604,.F.);
#3427=ORIENTED_EDGE('',*,*,#2605,.T.);
#3428=ORIENTED_EDGE('',*,*,#2606,.F.);
#3429=ORIENTED_EDGE('',*,*,#2605,.F.);
#3430=ORIENTED_EDGE('',*,*,#2607,.F.);
#3431=ORIENTED_EDGE('',*,*,#2608,.T.);
#3432=ORIENTED_EDGE('',*,*,#2609,.F.);
#3433=ORIENTED_EDGE('',*,*,#2608,.F.);
#3434=ORIENTED_EDGE('',*,*,#2610,.F.);
#3435=ORIENTED_EDGE('',*,*,#2600,.T.);
#3436=ORIENTED_EDGE('',*,*,#2611,.F.);
#3437=ORIENTED_EDGE('',*,*,#2612,.F.);
#3438=ORIENTED_EDGE('',*,*,#2613,.F.);
#3439=ORIENTED_EDGE('',*,*,#2614,.T.);
#3440=ORIENTED_EDGE('',*,*,#2615,.F.);
#3441=ORIENTED_EDGE('',*,*,#2614,.F.);
#3442=ORIENTED_EDGE('',*,*,#2616,.F.);
#3443=ORIENTED_EDGE('',*,*,#2617,.T.);
#3444=ORIENTED_EDGE('',*,*,#2618,.F.);
#3445=ORIENTED_EDGE('',*,*,#2617,.F.);
#3446=ORIENTED_EDGE('',*,*,#2619,.F.);
#3447=ORIENTED_EDGE('',*,*,#2620,.T.);
#3448=ORIENTED_EDGE('',*,*,#2621,.F.);
#3449=ORIENTED_EDGE('',*,*,#2620,.F.);
#3450=ORIENTED_EDGE('',*,*,#2622,.F.);
#3451=ORIENTED_EDGE('',*,*,#2612,.T.);
#3452=ORIENTED_EDGE('',*,*,#2623,.T.);
#3453=ORIENTED_EDGE('',*,*,#2624,.T.);
#3454=ORIENTED_EDGE('',*,*,#2625,.T.);
#3455=ORIENTED_EDGE('',*,*,#2626,.T.);
#3456=ORIENTED_EDGE('',*,*,#2623,.F.);
#3457=ORIENTED_EDGE('',*,*,#2627,.F.);
#3458=ORIENTED_EDGE('',*,*,#2628,.F.);
#3459=ORIENTED_EDGE('',*,*,#2629,.F.);
#3460=ORIENTED_EDGE('',*,*,#2630,.T.);
#3461=ORIENTED_EDGE('',*,*,#2631,.F.);
#3462=ORIENTED_EDGE('',*,*,#2632,.T.);
#3463=ORIENTED_EDGE('',*,*,#2633,.F.);
#3464=ORIENTED_EDGE('',*,*,#2634,.T.);
#3465=ORIENTED_EDGE('',*,*,#2635,.F.);
#3466=ORIENTED_EDGE('',*,*,#2636,.F.);
#3467=ORIENTED_EDGE('',*,*,#2637,.F.);
#3468=ORIENTED_EDGE('',*,*,#2638,.T.);
#3469=ORIENTED_EDGE('',*,*,#2639,.F.);
#3470=ORIENTED_EDGE('',*,*,#2640,.T.);
#3471=ORIENTED_EDGE('',*,*,#2641,.F.);
#3472=ORIENTED_EDGE('',*,*,#2642,.T.);
#3473=ORIENTED_EDGE('',*,*,#2643,.F.);
#3474=ORIENTED_EDGE('',*,*,#2644,.F.);
#3475=ORIENTED_EDGE('',*,*,#2645,.F.);
#3476=ORIENTED_EDGE('',*,*,#2646,.F.);
#3477=ORIENTED_EDGE('',*,*,#2647,.T.);
#3478=ORIENTED_EDGE('',*,*,#2648,.F.);
#3479=ORIENTED_EDGE('',*,*,#2649,.T.);
#3480=ORIENTED_EDGE('',*,*,#2650,.F.);
#3481=ORIENTED_EDGE('',*,*,#2651,.T.);
#3482=ORIENTED_EDGE('',*,*,#2652,.F.);
#3483=ORIENTED_EDGE('',*,*,#2653,.F.);
#3484=ORIENTED_EDGE('',*,*,#2654,.F.);
#3485=ORIENTED_EDGE('',*,*,#2655,.T.);
#3486=ORIENTED_EDGE('',*,*,#2656,.F.);
#3487=ORIENTED_EDGE('',*,*,#2657,.T.);
#3488=ORIENTED_EDGE('',*,*,#2658,.F.);
#3489=ORIENTED_EDGE('',*,*,#2659,.T.);
#3490=ORIENTED_EDGE('',*,*,#2660,.F.);
#3491=ORIENTED_EDGE('',*,*,#2661,.F.);
#3492=ORIENTED_EDGE('',*,*,#2662,.F.);
#3493=ORIENTED_EDGE('',*,*,#2663,.F.);
#3494=ORIENTED_EDGE('',*,*,#2664,.T.);
#3495=ORIENTED_EDGE('',*,*,#2665,.F.);
#3496=ORIENTED_EDGE('',*,*,#2666,.T.);
#3497=ORIENTED_EDGE('',*,*,#2667,.F.);
#3498=ORIENTED_EDGE('',*,*,#2668,.T.);
#3499=ORIENTED_EDGE('',*,*,#2669,.F.);
#3500=ORIENTED_EDGE('',*,*,#2670,.F.);
#3501=ORIENTED_EDGE('',*,*,#2671,.F.);
#3502=ORIENTED_EDGE('',*,*,#2672,.T.);
#3503=ORIENTED_EDGE('',*,*,#2673,.F.);
#3504=ORIENTED_EDGE('',*,*,#2674,.T.);
#3505=ORIENTED_EDGE('',*,*,#2675,.F.);
#3506=ORIENTED_EDGE('',*,*,#2676,.T.);
#3507=ORIENTED_EDGE('',*,*,#2677,.F.);
#3508=ORIENTED_EDGE('',*,*,#2678,.F.);
#3509=ORIENTED_EDGE('',*,*,#2679,.F.);
#3510=ORIENTED_EDGE('',*,*,#2680,.F.);
#3511=ORIENTED_EDGE('',*,*,#2681,.T.);
#3512=ORIENTED_EDGE('',*,*,#2682,.F.);
#3513=ORIENTED_EDGE('',*,*,#2683,.T.);
#3514=ORIENTED_EDGE('',*,*,#2684,.F.);
#3515=ORIENTED_EDGE('',*,*,#2685,.T.);
#3516=ORIENTED_EDGE('',*,*,#2686,.F.);
#3517=ORIENTED_EDGE('',*,*,#2687,.F.);
#3518=ORIENTED_EDGE('',*,*,#2688,.F.);
#3519=ORIENTED_EDGE('',*,*,#2689,.T.);
#3520=ORIENTED_EDGE('',*,*,#2690,.F.);
#3521=ORIENTED_EDGE('',*,*,#2691,.T.);
#3522=ORIENTED_EDGE('',*,*,#2692,.F.);
#3523=ORIENTED_EDGE('',*,*,#2693,.T.);
#3524=ORIENTED_EDGE('',*,*,#2492,.T.);
#3525=ORIENTED_EDGE('',*,*,#2495,.T.);
#3526=ORIENTED_EDGE('',*,*,#2497,.T.);
#3527=ORIENTED_EDGE('',*,*,#2499,.T.);
#3528=ORIENTED_EDGE('',*,*,#2501,.T.);
#3529=ORIENTED_EDGE('',*,*,#2503,.T.);
#3530=ORIENTED_EDGE('',*,*,#2505,.T.);
#3531=ORIENTED_EDGE('',*,*,#2507,.T.);
#3532=ORIENTED_EDGE('',*,*,#2509,.T.);
#3533=ORIENTED_EDGE('',*,*,#2511,.T.);
#3534=ORIENTED_EDGE('',*,*,#2513,.T.);
#3535=ORIENTED_EDGE('',*,*,#2515,.T.);
#3536=ORIENTED_EDGE('',*,*,#2517,.T.);
#3537=ORIENTED_EDGE('',*,*,#2519,.T.);
#3538=ORIENTED_EDGE('',*,*,#2521,.T.);
#3539=ORIENTED_EDGE('',*,*,#2523,.T.);
#3540=ORIENTED_EDGE('',*,*,#2524,.T.);
#3541=ORIENTED_EDGE('',*,*,#2527,.T.);
#3542=ORIENTED_EDGE('',*,*,#2545,.T.);
#3543=ORIENTED_EDGE('',*,*,#2542,.T.);
#3544=ORIENTED_EDGE('',*,*,#2539,.T.);
#3545=ORIENTED_EDGE('',*,*,#2536,.T.);
#3546=ORIENTED_EDGE('',*,*,#2533,.T.);
#3547=ORIENTED_EDGE('',*,*,#2530,.T.);
#3548=ORIENTED_EDGE('',*,*,#2556,.T.);
#3549=ORIENTED_EDGE('',*,*,#2559,.T.);
#3550=ORIENTED_EDGE('',*,*,#2562,.T.);
#3551=ORIENTED_EDGE('',*,*,#2568,.T.);
#3552=ORIENTED_EDGE('',*,*,#2572,.T.);
#3553=ORIENTED_EDGE('',*,*,#2566,.T.);
#3554=ORIENTED_EDGE('',*,*,#2574,.T.);
#3555=ORIENTED_EDGE('',*,*,#2580,.T.);
#3556=ORIENTED_EDGE('',*,*,#2584,.T.);
#3557=ORIENTED_EDGE('',*,*,#2578,.T.);
#3558=ORIENTED_EDGE('',*,*,#2586,.T.);
#3559=ORIENTED_EDGE('',*,*,#2592,.T.);
#3560=ORIENTED_EDGE('',*,*,#2596,.T.);
#3561=ORIENTED_EDGE('',*,*,#2590,.T.);
#3562=ORIENTED_EDGE('',*,*,#2598,.T.);
#3563=ORIENTED_EDGE('',*,*,#2601,.T.);
#3564=ORIENTED_EDGE('',*,*,#2610,.T.);
#3565=ORIENTED_EDGE('',*,*,#2607,.T.);
#3566=ORIENTED_EDGE('',*,*,#2604,.T.);
#3567=ORIENTED_EDGE('',*,*,#2613,.T.);
#3568=ORIENTED_EDGE('',*,*,#2622,.T.);
#3569=ORIENTED_EDGE('',*,*,#2619,.T.);
#3570=ORIENTED_EDGE('',*,*,#2616,.T.);
#3571=ORIENTED_EDGE('',*,*,#2626,.F.);
#3572=ORIENTED_EDGE('',*,*,#2694,.F.);
#3573=ORIENTED_EDGE('',*,*,#2695,.F.);
#3574=ORIENTED_EDGE('',*,*,#2687,.T.);
#3575=ORIENTED_EDGE('',*,*,#2696,.F.);
#3576=ORIENTED_EDGE('',*,*,#2697,.F.);
#3577=ORIENTED_EDGE('',*,*,#2698,.F.);
#3578=ORIENTED_EDGE('',*,*,#2679,.T.);
#3579=ORIENTED_EDGE('',*,*,#2699,.T.);
#3580=ORIENTED_EDGE('',*,*,#2700,.T.);
#3581=ORIENTED_EDGE('',*,*,#2701,.F.);
#3582=ORIENTED_EDGE('',*,*,#2627,.T.);
#3583=ORIENTED_EDGE('',*,*,#2702,.F.);
#3584=ORIENTED_EDGE('',*,*,#2703,.T.);
#3585=ORIENTED_EDGE('',*,*,#2692,.T.);
#3586=ORIENTED_EDGE('',*,*,#2704,.T.);
#3587=ORIENTED_EDGE('',*,*,#2702,.T.);
#3588=ORIENTED_EDGE('',*,*,#2705,.T.);
#3589=ORIENTED_EDGE('',*,*,#2706,.T.);
#3590=ORIENTED_EDGE('',*,*,#2707,.T.);
#3591=ORIENTED_EDGE('',*,*,#2708,.F.);
#3592=ORIENTED_EDGE('',*,*,#2694,.T.);
#3593=ORIENTED_EDGE('',*,*,#2625,.F.);
#3594=ORIENTED_EDGE('',*,*,#2709,.T.);
#3595=ORIENTED_EDGE('',*,*,#2704,.F.);
#3596=ORIENTED_EDGE('',*,*,#2691,.F.);
#3597=ORIENTED_EDGE('',*,*,#2710,.F.);
#3598=ORIENTED_EDGE('',*,*,#2705,.F.);
#3599=ORIENTED_EDGE('',*,*,#2706,.F.);
#3600=ORIENTED_EDGE('',*,*,#2710,.T.);
#3601=ORIENTED_EDGE('',*,*,#2690,.T.);
#3602=ORIENTED_EDGE('',*,*,#2711,.T.);
#3603=ORIENTED_EDGE('',*,*,#2711,.F.);
#3604=ORIENTED_EDGE('',*,*,#2689,.F.);
#3605=ORIENTED_EDGE('',*,*,#2712,.F.);
#3606=ORIENTED_EDGE('',*,*,#2707,.F.);
#3607=ORIENTED_EDGE('',*,*,#2688,.T.);
#3608=ORIENTED_EDGE('',*,*,#2695,.T.);
#3609=ORIENTED_EDGE('',*,*,#2708,.T.);
#3610=ORIENTED_EDGE('',*,*,#2712,.T.);
#3611=ORIENTED_EDGE('',*,*,#2686,.T.);
#3612=ORIENTED_EDGE('',*,*,#2713,.T.);
#3613=ORIENTED_EDGE('',*,*,#2714,.T.);
#3614=ORIENTED_EDGE('',*,*,#2696,.T.);
#3615=ORIENTED_EDGE('',*,*,#2715,.F.);
#3616=ORIENTED_EDGE('',*,*,#2716,.T.);
#3617=ORIENTED_EDGE('',*,*,#2684,.T.);
#3618=ORIENTED_EDGE('',*,*,#2717,.T.);
#3619=ORIENTED_EDGE('',*,*,#2715,.T.);
#3620=ORIENTED_EDGE('',*,*,#2718,.F.);
#3621=ORIENTED_EDGE('',*,*,#2719,.T.);
#3622=ORIENTED_EDGE('',*,*,#2720,.F.);
#3623=ORIENTED_EDGE('',*,*,#2721,.F.);
#3624=ORIENTED_EDGE('',*,*,#2697,.T.);
#3625=ORIENTED_EDGE('',*,*,#2714,.F.);
#3626=ORIENTED_EDGE('',*,*,#2722,.F.);
#3627=ORIENTED_EDGE('',*,*,#2717,.F.);
#3628=ORIENTED_EDGE('',*,*,#2683,.F.);
#3629=ORIENTED_EDGE('',*,*,#2723,.F.);
#3630=ORIENTED_EDGE('',*,*,#2718,.T.);
#3631=ORIENTED_EDGE('',*,*,#2719,.F.);
#3632=ORIENTED_EDGE('',*,*,#2723,.T.);
#3633=ORIENTED_EDGE('',*,*,#2682,.T.);
#3634=ORIENTED_EDGE('',*,*,#2724,.T.);
#3635=ORIENTED_EDGE('',*,*,#2724,.F.);
#3636=ORIENTED_EDGE('',*,*,#2681,.F.);
#3637=ORIENTED_EDGE('',*,*,#2725,.F.);
#3638=ORIENTED_EDGE('',*,*,#2720,.T.);
#3639=ORIENTED_EDGE('',*,*,#2680,.T.);
#3640=ORIENTED_EDGE('',*,*,#2698,.T.);
#3641=ORIENTED_EDGE('',*,*,#2721,.T.);
#3642=ORIENTED_EDGE('',*,*,#2725,.T.);
#3643=ORIENTED_EDGE('',*,*,#2677,.T.);
#3644=ORIENTED_EDGE('',*,*,#2726,.T.);
#3645=ORIENTED_EDGE('',*,*,#2727,.T.);
#3646=ORIENTED_EDGE('',*,*,#2728,.T.);
#3647=ORIENTED_EDGE('',*,*,#2726,.F.);
#3648=ORIENTED_EDGE('',*,*,#2676,.F.);
#3649=ORIENTED_EDGE('',*,*,#2729,.F.);
#3650=ORIENTED_EDGE('',*,*,#2730,.F.);
#3651=ORIENTED_EDGE('',*,*,#2731,.F.);
#3652=ORIENTED_EDGE('',*,*,#2729,.T.);
#3653=ORIENTED_EDGE('',*,*,#2675,.T.);
#3654=ORIENTED_EDGE('',*,*,#2732,.T.);
#3655=ORIENTED_EDGE('',*,*,#2731,.T.);
#3656=ORIENTED_EDGE('',*,*,#2733,.T.);
#3657=ORIENTED_EDGE('',*,*,#2734,.T.);
#3658=ORIENTED_EDGE('',*,*,#2735,.T.);
#3659=ORIENTED_EDGE('',*,*,#2736,.F.);
#3660=ORIENTED_EDGE('',*,*,#2737,.T.);
#3661=ORIENTED_EDGE('',*,*,#2727,.F.);
#3662=ORIENTED_EDGE('',*,*,#2730,.T.);
#3663=ORIENTED_EDGE('',*,*,#2732,.F.);
#3664=ORIENTED_EDGE('',*,*,#2674,.F.);
#3665=ORIENTED_EDGE('',*,*,#2738,.F.);
#3666=ORIENTED_EDGE('',*,*,#2733,.F.);
#3667=ORIENTED_EDGE('',*,*,#2671,.T.);
#3668=ORIENTED_EDGE('',*,*,#2739,.T.);
#3669=ORIENTED_EDGE('',*,*,#2736,.T.);
#3670=ORIENTED_EDGE('',*,*,#2740,.T.);
#3671=ORIENTED_EDGE('',*,*,#2740,.F.);
#3672=ORIENTED_EDGE('',*,*,#2735,.F.);
#3673=ORIENTED_EDGE('',*,*,#2741,.F.);
#3674=ORIENTED_EDGE('',*,*,#2672,.F.);
#3675=ORIENTED_EDGE('',*,*,#2734,.F.);
#3676=ORIENTED_EDGE('',*,*,#2738,.T.);
#3677=ORIENTED_EDGE('',*,*,#2673,.T.);
#3678=ORIENTED_EDGE('',*,*,#2741,.T.);
#3679=ORIENTED_EDGE('',*,*,#2742,.F.);
#3680=ORIENTED_EDGE('',*,*,#2743,.T.);
#3681=ORIENTED_EDGE('',*,*,#2665,.T.);
#3682=ORIENTED_EDGE('',*,*,#2744,.T.);
#3683=ORIENTED_EDGE('',*,*,#2743,.F.);
#3684=ORIENTED_EDGE('',*,*,#2745,.T.);
#3685=ORIENTED_EDGE('',*,*,#2746,.F.);
#3686=ORIENTED_EDGE('',*,*,#2666,.F.);
#3687=ORIENTED_EDGE('',*,*,#2663,.T.);
#3688=ORIENTED_EDGE('',*,*,#2747,.T.);
#3689=ORIENTED_EDGE('',*,*,#2748,.T.);
#3690=ORIENTED_EDGE('',*,*,#2749,.T.);
#3691=ORIENTED_EDGE('',*,*,#2737,.F.);
#3692=ORIENTED_EDGE('',*,*,#2739,.F.);
#3693=ORIENTED_EDGE('',*,*,#2670,.T.);
#3694=ORIENTED_EDGE('',*,*,#2750,.F.);
#3695=ORIENTED_EDGE('',*,*,#2751,.F.);
#3696=ORIENTED_EDGE('',*,*,#2747,.F.);
#3697=ORIENTED_EDGE('',*,*,#2662,.T.);
#3698=ORIENTED_EDGE('',*,*,#2752,.T.);
#3699=ORIENTED_EDGE('',*,*,#2753,.T.);
#3700=ORIENTED_EDGE('',*,*,#2699,.F.);
#3701=ORIENTED_EDGE('',*,*,#2678,.T.);
#3702=ORIENTED_EDGE('',*,*,#2728,.F.);
#3703=ORIENTED_EDGE('',*,*,#2669,.T.);
#3704=ORIENTED_EDGE('',*,*,#2754,.T.);
#3705=ORIENTED_EDGE('',*,*,#2755,.T.);
#3706=ORIENTED_EDGE('',*,*,#2750,.T.);
#3707=ORIENTED_EDGE('',*,*,#2754,.F.);
#3708=ORIENTED_EDGE('',*,*,#2668,.F.);
#3709=ORIENTED_EDGE('',*,*,#2756,.F.);
#3710=ORIENTED_EDGE('',*,*,#2757,.T.);
#3711=ORIENTED_EDGE('',*,*,#2758,.F.);
#3712=ORIENTED_EDGE('',*,*,#2756,.T.);
#3713=ORIENTED_EDGE('',*,*,#2667,.T.);
#3714=ORIENTED_EDGE('',*,*,#2746,.T.);
#3715=ORIENTED_EDGE('',*,*,#2742,.T.);
#3716=ORIENTED_EDGE('',*,*,#2759,.F.);
#3717=ORIENTED_EDGE('',*,*,#2748,.F.);
#3718=ORIENTED_EDGE('',*,*,#2751,.T.);
#3719=ORIENTED_EDGE('',*,*,#2755,.F.);
#3720=ORIENTED_EDGE('',*,*,#2757,.F.);
#3721=ORIENTED_EDGE('',*,*,#2758,.T.);
#3722=ORIENTED_EDGE('',*,*,#2745,.F.);
#3723=ORIENTED_EDGE('',*,*,#2660,.T.);
#3724=ORIENTED_EDGE('',*,*,#2760,.T.);
#3725=ORIENTED_EDGE('',*,*,#2761,.T.);
#3726=ORIENTED_EDGE('',*,*,#2762,.T.);
#3727=ORIENTED_EDGE('',*,*,#2760,.F.);
#3728=ORIENTED_EDGE('',*,*,#2659,.F.);
#3729=ORIENTED_EDGE('',*,*,#2763,.F.);
#3730=ORIENTED_EDGE('',*,*,#2764,.F.);
#3731=ORIENTED_EDGE('',*,*,#2765,.F.);
#3732=ORIENTED_EDGE('',*,*,#2763,.T.);
#3733=ORIENTED_EDGE('',*,*,#2658,.T.);
#3734=ORIENTED_EDGE('',*,*,#2766,.T.);
#3735=ORIENTED_EDGE('',*,*,#2765,.T.);
#3736=ORIENTED_EDGE('',*,*,#2767,.T.);
#3737=ORIENTED_EDGE('',*,*,#2768,.T.);
#3738=ORIENTED_EDGE('',*,*,#2769,.T.);
#3739=ORIENTED_EDGE('',*,*,#2770,.F.);
#3740=ORIENTED_EDGE('',*,*,#2771,.T.);
#3741=ORIENTED_EDGE('',*,*,#2761,.F.);
#3742=ORIENTED_EDGE('',*,*,#2764,.T.);
#3743=ORIENTED_EDGE('',*,*,#2766,.F.);
#3744=ORIENTED_EDGE('',*,*,#2657,.F.);
#3745=ORIENTED_EDGE('',*,*,#2772,.F.);
#3746=ORIENTED_EDGE('',*,*,#2767,.F.);
#3747=ORIENTED_EDGE('',*,*,#2654,.T.);
#3748=ORIENTED_EDGE('',*,*,#2773,.T.);
#3749=ORIENTED_EDGE('',*,*,#2770,.T.);
#3750=ORIENTED_EDGE('',*,*,#2774,.T.);
#3751=ORIENTED_EDGE('',*,*,#2774,.F.);
#3752=ORIENTED_EDGE('',*,*,#2769,.F.);
#3753=ORIENTED_EDGE('',*,*,#2775,.F.);
#3754=ORIENTED_EDGE('',*,*,#2655,.F.);
#3755=ORIENTED_EDGE('',*,*,#2768,.F.);
#3756=ORIENTED_EDGE('',*,*,#2772,.T.);
#3757=ORIENTED_EDGE('',*,*,#2656,.T.);
#3758=ORIENTED_EDGE('',*,*,#2775,.T.);
#3759=ORIENTED_EDGE('',*,*,#2652,.T.);
#3760=ORIENTED_EDGE('',*,*,#2776,.T.);
#3761=ORIENTED_EDGE('',*,*,#2777,.T.);
#3762=ORIENTED_EDGE('',*,*,#2778,.T.);
#3763=ORIENTED_EDGE('',*,*,#2776,.F.);
#3764=ORIENTED_EDGE('',*,*,#2651,.F.);
#3765=ORIENTED_EDGE('',*,*,#2779,.F.);
#3766=ORIENTED_EDGE('',*,*,#2780,.T.);
#3767=ORIENTED_EDGE('',*,*,#2781,.F.);
#3768=ORIENTED_EDGE('',*,*,#2779,.T.);
#3769=ORIENTED_EDGE('',*,*,#2650,.T.);
#3770=ORIENTED_EDGE('',*,*,#2782,.T.);
#3771=ORIENTED_EDGE('',*,*,#2781,.T.);
#3772=ORIENTED_EDGE('',*,*,#2783,.F.);
#3773=ORIENTED_EDGE('',*,*,#2784,.T.);
#3774=ORIENTED_EDGE('',*,*,#2785,.F.);
#3775=ORIENTED_EDGE('',*,*,#2786,.F.);
#3776=ORIENTED_EDGE('',*,*,#2787,.T.);
#3777=ORIENTED_EDGE('',*,*,#2777,.F.);
#3778=ORIENTED_EDGE('',*,*,#2780,.F.);
#3779=ORIENTED_EDGE('',*,*,#2782,.F.);
#3780=ORIENTED_EDGE('',*,*,#2649,.F.);
#3781=ORIENTED_EDGE('',*,*,#2788,.F.);
#3782=ORIENTED_EDGE('',*,*,#2783,.T.);
#3783=ORIENTED_EDGE('',*,*,#2646,.T.);
#3784=ORIENTED_EDGE('',*,*,#2789,.T.);
#3785=ORIENTED_EDGE('',*,*,#2786,.T.);
#3786=ORIENTED_EDGE('',*,*,#2790,.T.);
#3787=ORIENTED_EDGE('',*,*,#2790,.F.);
#3788=ORIENTED_EDGE('',*,*,#2785,.T.);
#3789=ORIENTED_EDGE('',*,*,#2791,.F.);
#3790=ORIENTED_EDGE('',*,*,#2647,.F.);
#3791=ORIENTED_EDGE('',*,*,#2784,.F.);
#3792=ORIENTED_EDGE('',*,*,#2788,.T.);
#3793=ORIENTED_EDGE('',*,*,#2648,.T.);
#3794=ORIENTED_EDGE('',*,*,#2791,.T.);
#3795=ORIENTED_EDGE('',*,*,#2643,.T.);
#3796=ORIENTED_EDGE('',*,*,#2792,.T.);
#3797=ORIENTED_EDGE('',*,*,#2793,.T.);
#3798=ORIENTED_EDGE('',*,*,#2794,.T.);
#3799=ORIENTED_EDGE('',*,*,#2794,.F.);
#3800=ORIENTED_EDGE('',*,*,#2795,.F.);
#3801=ORIENTED_EDGE('',*,*,#2796,.F.);
#3802=ORIENTED_EDGE('',*,*,#2636,.T.);
#3803=ORIENTED_EDGE('',*,*,#2797,.F.);
#3804=ORIENTED_EDGE('',*,*,#2798,.F.);
#3805=ORIENTED_EDGE('',*,*,#2799,.F.);
#3806=ORIENTED_EDGE('',*,*,#2628,.T.);
#3807=ORIENTED_EDGE('',*,*,#2701,.T.);
#3808=ORIENTED_EDGE('',*,*,#2800,.T.);
#3809=ORIENTED_EDGE('',*,*,#2801,.F.);
#3810=ORIENTED_EDGE('',*,*,#2644,.T.);
#3811=ORIENTED_EDGE('',*,*,#2802,.F.);
#3812=ORIENTED_EDGE('',*,*,#2803,.T.);
#3813=ORIENTED_EDGE('',*,*,#2641,.T.);
#3814=ORIENTED_EDGE('',*,*,#2804,.T.);
#3815=ORIENTED_EDGE('',*,*,#2792,.F.);
#3816=ORIENTED_EDGE('',*,*,#2642,.F.);
#3817=ORIENTED_EDGE('',*,*,#2803,.F.);
#3818=ORIENTED_EDGE('',*,*,#2805,.F.);
#3819=ORIENTED_EDGE('',*,*,#2806,.F.);
#3820=ORIENTED_EDGE('',*,*,#2807,.T.);
#3821=ORIENTED_EDGE('',*,*,#2639,.T.);
#3822=ORIENTED_EDGE('',*,*,#2808,.T.);
#3823=ORIENTED_EDGE('',*,*,#2802,.T.);
#3824=ORIENTED_EDGE('',*,*,#2809,.T.);
#3825=ORIENTED_EDGE('',*,*,#2806,.T.);
#3826=ORIENTED_EDGE('',*,*,#2810,.T.);
#3827=ORIENTED_EDGE('',*,*,#2811,.F.);
#3828=ORIENTED_EDGE('',*,*,#2795,.T.);
#3829=ORIENTED_EDGE('',*,*,#2793,.F.);
#3830=ORIENTED_EDGE('',*,*,#2805,.T.);
#3831=ORIENTED_EDGE('',*,*,#2808,.F.);
#3832=ORIENTED_EDGE('',*,*,#2638,.F.);
#3833=ORIENTED_EDGE('',*,*,#2812,.F.);
#3834=ORIENTED_EDGE('',*,*,#2810,.F.);
#3835=ORIENTED_EDGE('',*,*,#2637,.T.);
#3836=ORIENTED_EDGE('',*,*,#2796,.T.);
#3837=ORIENTED_EDGE('',*,*,#2811,.T.);
#3838=ORIENTED_EDGE('',*,*,#2812,.T.);
#3839=ORIENTED_EDGE('',*,*,#2635,.T.);
#3840=ORIENTED_EDGE('',*,*,#2813,.T.);
#3841=ORIENTED_EDGE('',*,*,#2814,.T.);
#3842=ORIENTED_EDGE('',*,*,#2797,.T.);
#3843=ORIENTED_EDGE('',*,*,#2815,.F.);
#3844=ORIENTED_EDGE('',*,*,#2816,.T.);
#3845=ORIENTED_EDGE('',*,*,#2633,.T.);
#3846=ORIENTED_EDGE('',*,*,#2817,.T.);
#3847=ORIENTED_EDGE('',*,*,#2813,.F.);
#3848=ORIENTED_EDGE('',*,*,#2634,.F.);
#3849=ORIENTED_EDGE('',*,*,#2816,.F.);
#3850=ORIENTED_EDGE('',*,*,#2818,.T.);
#3851=ORIENTED_EDGE('',*,*,#2819,.F.);
#3852=ORIENTED_EDGE('',*,*,#2820,.T.);
#3853=ORIENTED_EDGE('',*,*,#2631,.T.);
#3854=ORIENTED_EDGE('',*,*,#2821,.T.);
#3855=ORIENTED_EDGE('',*,*,#2815,.T.);
#3856=ORIENTED_EDGE('',*,*,#2822,.F.);
#3857=ORIENTED_EDGE('',*,*,#2819,.T.);
#3858=ORIENTED_EDGE('',*,*,#2823,.F.);
#3859=ORIENTED_EDGE('',*,*,#2824,.F.);
#3860=ORIENTED_EDGE('',*,*,#2798,.T.);
#3861=ORIENTED_EDGE('',*,*,#2814,.F.);
#3862=ORIENTED_EDGE('',*,*,#2818,.F.);
#3863=ORIENTED_EDGE('',*,*,#2821,.F.);
#3864=ORIENTED_EDGE('',*,*,#2630,.F.);
#3865=ORIENTED_EDGE('',*,*,#2825,.F.);
#3866=ORIENTED_EDGE('',*,*,#2823,.T.);
#3867=ORIENTED_EDGE('',*,*,#2629,.T.);
#3868=ORIENTED_EDGE('',*,*,#2799,.T.);
#3869=ORIENTED_EDGE('',*,*,#2824,.T.);
#3870=ORIENTED_EDGE('',*,*,#2825,.T.);
#3871=ORIENTED_EDGE('',*,*,#2744,.F.);
#3872=ORIENTED_EDGE('',*,*,#2664,.F.);
#3873=ORIENTED_EDGE('',*,*,#2749,.F.);
#3874=ORIENTED_EDGE('',*,*,#2759,.T.);
#3875=ORIENTED_EDGE('',*,*,#2713,.F.);
#3876=ORIENTED_EDGE('',*,*,#2685,.F.);
#3877=ORIENTED_EDGE('',*,*,#2716,.F.);
#3878=ORIENTED_EDGE('',*,*,#2722,.T.);
#3879=ORIENTED_EDGE('',*,*,#2817,.F.);
#3880=ORIENTED_EDGE('',*,*,#2632,.F.);
#3881=ORIENTED_EDGE('',*,*,#2820,.F.);
#3882=ORIENTED_EDGE('',*,*,#2822,.T.);
#3883=ORIENTED_EDGE('',*,*,#2624,.F.);
#3884=ORIENTED_EDGE('',*,*,#2693,.F.);
#3885=ORIENTED_EDGE('',*,*,#2703,.F.);
#3886=ORIENTED_EDGE('',*,*,#2709,.F.);
#3887=ORIENTED_EDGE('',*,*,#2804,.F.);
#3888=ORIENTED_EDGE('',*,*,#2640,.F.);
#3889=ORIENTED_EDGE('',*,*,#2807,.F.);
#3890=ORIENTED_EDGE('',*,*,#2809,.F.);
#3891=ORIENTED_EDGE('',*,*,#2771,.F.);
#3892=ORIENTED_EDGE('',*,*,#2773,.F.);
#3893=ORIENTED_EDGE('',*,*,#2653,.T.);
#3894=ORIENTED_EDGE('',*,*,#2778,.F.);
#3895=ORIENTED_EDGE('',*,*,#2787,.F.);
#3896=ORIENTED_EDGE('',*,*,#2789,.F.);
#3897=ORIENTED_EDGE('',*,*,#2645,.T.);
#3898=ORIENTED_EDGE('',*,*,#2801,.T.);
#3899=ORIENTED_EDGE('',*,*,#2826,.T.);
#3900=ORIENTED_EDGE('',*,*,#2752,.F.);
#3901=ORIENTED_EDGE('',*,*,#2661,.T.);
#3902=ORIENTED_EDGE('',*,*,#2762,.F.);
#3903=ORIENTED_EDGE('',*,*,#2827,.F.);
#3904=ORIENTED_EDGE('',*,*,#2828,.F.);
#3905=ORIENTED_EDGE('',*,*,#2829,.F.);
#3906=ORIENTED_EDGE('',*,*,#2830,.T.);
#3907=ORIENTED_EDGE('',*,*,#2831,.F.);
#3908=ORIENTED_EDGE('',*,*,#2830,.F.);
#3909=ORIENTED_EDGE('',*,*,#2832,.F.);
#3910=ORIENTED_EDGE('',*,*,#2833,.T.);
#3911=ORIENTED_EDGE('',*,*,#2834,.F.);
#3912=ORIENTED_EDGE('',*,*,#2833,.F.);
#3913=ORIENTED_EDGE('',*,*,#2835,.F.);
#3914=ORIENTED_EDGE('',*,*,#2836,.T.);
#3915=ORIENTED_EDGE('',*,*,#2837,.F.);
#3916=ORIENTED_EDGE('',*,*,#2836,.F.);
#3917=ORIENTED_EDGE('',*,*,#2838,.F.);
#3918=ORIENTED_EDGE('',*,*,#2828,.T.);
#3919=ORIENTED_EDGE('',*,*,#2827,.T.);
#3920=ORIENTED_EDGE('',*,*,#2831,.T.);
#3921=ORIENTED_EDGE('',*,*,#2834,.T.);
#3922=ORIENTED_EDGE('',*,*,#2837,.T.);
#3923=ORIENTED_EDGE('',*,*,#2599,.T.);
#3924=ORIENTED_EDGE('',*,*,#2603,.T.);
#3925=ORIENTED_EDGE('',*,*,#2606,.T.);
#3926=ORIENTED_EDGE('',*,*,#2609,.T.);
#3927=ORIENTED_EDGE('',*,*,#2611,.T.);
#3928=ORIENTED_EDGE('',*,*,#2615,.T.);
#3929=ORIENTED_EDGE('',*,*,#2618,.T.);
#3930=ORIENTED_EDGE('',*,*,#2621,.T.);
#3931=ORIENTED_EDGE('',*,*,#2800,.F.);
#3932=ORIENTED_EDGE('',*,*,#2700,.F.);
#3933=ORIENTED_EDGE('',*,*,#2753,.F.);
#3934=ORIENTED_EDGE('',*,*,#2826,.F.);
#3935=ORIENTED_EDGE('',*,*,#2829,.T.);
#3936=ORIENTED_EDGE('',*,*,#2838,.T.);
#3937=ORIENTED_EDGE('',*,*,#2835,.T.);
#3938=ORIENTED_EDGE('',*,*,#2832,.T.);
#3939=ORIENTED_EDGE('',*,*,#2839,.T.);
#3940=ORIENTED_EDGE('',*,*,#2840,.T.);
#3941=ORIENTED_EDGE('',*,*,#2841,.T.);
#3942=ORIENTED_EDGE('',*,*,#2842,.T.);
#3943=ORIENTED_EDGE('',*,*,#2842,.F.);
#3944=ORIENTED_EDGE('',*,*,#2843,.T.);
#3945=ORIENTED_EDGE('',*,*,#2844,.T.);
#3946=ORIENTED_EDGE('',*,*,#2845,.T.);
#3947=ORIENTED_EDGE('',*,*,#2841,.F.);
#3948=ORIENTED_EDGE('',*,*,#2846,.F.);
#3949=ORIENTED_EDGE('',*,*,#2847,.F.);
#3950=ORIENTED_EDGE('',*,*,#2848,.F.);
#3951=ORIENTED_EDGE('',*,*,#2849,.F.);
#3952=ORIENTED_EDGE('',*,*,#2850,.F.);
#3953=ORIENTED_EDGE('',*,*,#2851,.F.);
#3954=ORIENTED_EDGE('',*,*,#2852,.F.);
#3955=ORIENTED_EDGE('',*,*,#2853,.F.);
#3956=ORIENTED_EDGE('',*,*,#2843,.F.);
#3957=ORIENTED_EDGE('',*,*,#2854,.T.);
#3958=ORIENTED_EDGE('',*,*,#2855,.T.);
#3959=ORIENTED_EDGE('',*,*,#2849,.T.);
#3960=ORIENTED_EDGE('',*,*,#2856,.T.);
#3961=ORIENTED_EDGE('',*,*,#2856,.F.);
#3962=ORIENTED_EDGE('',*,*,#2848,.T.);
#3963=ORIENTED_EDGE('',*,*,#2857,.T.);
#3964=ORIENTED_EDGE('',*,*,#2858,.T.);
#3965=ORIENTED_EDGE('',*,*,#2859,.F.);
#3966=ORIENTED_EDGE('',*,*,#2851,.T.);
#3967=ORIENTED_EDGE('',*,*,#2860,.T.);
#3968=ORIENTED_EDGE('',*,*,#2861,.T.);
#3969=ORIENTED_EDGE('',*,*,#2862,.T.);
#3970=ORIENTED_EDGE('',*,*,#2863,.T.);
#3971=ORIENTED_EDGE('',*,*,#2852,.T.);
#3972=ORIENTED_EDGE('',*,*,#2859,.T.);
#3973=ORIENTED_EDGE('',*,*,#2863,.F.);
#3974=ORIENTED_EDGE('',*,*,#2864,.T.);
#3975=ORIENTED_EDGE('',*,*,#2844,.F.);
#3976=ORIENTED_EDGE('',*,*,#2853,.T.);
#3977=ORIENTED_EDGE('',*,*,#2865,.T.);
#3978=ORIENTED_EDGE('',*,*,#2857,.F.);
#3979=ORIENTED_EDGE('',*,*,#2847,.T.);
#3980=ORIENTED_EDGE('',*,*,#2866,.T.);
#3981=ORIENTED_EDGE('',*,*,#2855,.F.);
#3982=ORIENTED_EDGE('',*,*,#2867,.T.);
#3983=ORIENTED_EDGE('',*,*,#2860,.F.);
#3984=ORIENTED_EDGE('',*,*,#2850,.T.);
#3985=ORIENTED_EDGE('',*,*,#2840,.F.);
#3986=ORIENTED_EDGE('',*,*,#2868,.T.);
#3987=ORIENTED_EDGE('',*,*,#2866,.F.);
#3988=ORIENTED_EDGE('',*,*,#2846,.T.);
#3989=ORIENTED_EDGE('',*,*,#2839,.F.);
#3990=ORIENTED_EDGE('',*,*,#2845,.F.);
#3991=ORIENTED_EDGE('',*,*,#2864,.F.);
#3992=ORIENTED_EDGE('',*,*,#2862,.F.);
#3993=ORIENTED_EDGE('',*,*,#2861,.F.);
#3994=ORIENTED_EDGE('',*,*,#2867,.F.);
#3995=ORIENTED_EDGE('',*,*,#2854,.F.);
#3996=ORIENTED_EDGE('',*,*,#2858,.F.);
#3997=ORIENTED_EDGE('',*,*,#2865,.F.);
#3998=ORIENTED_EDGE('',*,*,#2868,.F.);
#3999=ORIENTED_EDGE('',*,*,#2869,.F.);
#4000=ORIENTED_EDGE('',*,*,#2870,.F.);
#4001=ORIENTED_EDGE('',*,*,#2871,.F.);
#4002=ORIENTED_EDGE('',*,*,#2872,.T.);
#4003=ORIENTED_EDGE('',*,*,#2873,.T.);
#4004=ORIENTED_EDGE('',*,*,#2874,.T.);
#4005=ORIENTED_EDGE('',*,*,#2875,.T.);
#4006=ORIENTED_EDGE('',*,*,#2870,.T.);
#4007=ORIENTED_EDGE('',*,*,#2876,.T.);
#4008=ORIENTED_EDGE('',*,*,#2872,.F.);
#4009=ORIENTED_EDGE('',*,*,#2877,.T.);
#4010=ORIENTED_EDGE('',*,*,#2878,.T.);
#4011=ORIENTED_EDGE('',*,*,#2879,.T.);
#4012=ORIENTED_EDGE('',*,*,#2871,.T.);
#4013=ORIENTED_EDGE('',*,*,#2880,.T.);
#4014=ORIENTED_EDGE('',*,*,#2881,.T.);
#4015=ORIENTED_EDGE('',*,*,#2882,.F.);
#4016=ORIENTED_EDGE('',*,*,#2883,.F.);
#4017=ORIENTED_EDGE('',*,*,#2884,.F.);
#4018=ORIENTED_EDGE('',*,*,#2869,.T.);
#4019=ORIENTED_EDGE('',*,*,#2885,.T.);
#4020=ORIENTED_EDGE('',*,*,#2882,.T.);
#4021=ORIENTED_EDGE('',*,*,#2886,.T.);
#4022=ORIENTED_EDGE('',*,*,#2887,.T.);
#4023=ORIENTED_EDGE('',*,*,#2888,.T.);
#4024=ORIENTED_EDGE('',*,*,#2883,.T.);
#4025=ORIENTED_EDGE('',*,*,#2889,.T.);
#4026=ORIENTED_EDGE('',*,*,#2890,.T.);
#4027=ORIENTED_EDGE('',*,*,#2891,.F.);
#4028=ORIENTED_EDGE('',*,*,#2892,.F.);
#4029=ORIENTED_EDGE('',*,*,#2893,.F.);
#4030=ORIENTED_EDGE('',*,*,#2884,.T.);
#4031=ORIENTED_EDGE('',*,*,#2894,.T.);
#4032=ORIENTED_EDGE('',*,*,#2891,.T.);
#4033=ORIENTED_EDGE('',*,*,#2895,.T.);
#4034=ORIENTED_EDGE('',*,*,#2896,.T.);
#4035=ORIENTED_EDGE('',*,*,#2897,.T.);
#4036=ORIENTED_EDGE('',*,*,#2892,.T.);
#4037=ORIENTED_EDGE('',*,*,#2898,.T.);
#4038=ORIENTED_EDGE('',*,*,#2899,.F.);
#4039=ORIENTED_EDGE('',*,*,#2900,.F.);
#4040=ORIENTED_EDGE('',*,*,#2901,.F.);
#4041=ORIENTED_EDGE('',*,*,#2902,.T.);
#4042=ORIENTED_EDGE('',*,*,#2903,.F.);
#4043=ORIENTED_EDGE('',*,*,#2904,.F.);
#4044=ORIENTED_EDGE('',*,*,#2905,.F.);
#4045=ORIENTED_EDGE('',*,*,#2893,.T.);
#4046=ORIENTED_EDGE('',*,*,#2906,.T.);
#4047=ORIENTED_EDGE('',*,*,#2903,.T.);
#4048=ORIENTED_EDGE('',*,*,#2907,.T.);
#4049=ORIENTED_EDGE('',*,*,#2908,.T.);
#4050=ORIENTED_EDGE('',*,*,#2909,.T.);
#4051=ORIENTED_EDGE('',*,*,#2904,.T.);
#4052=ORIENTED_EDGE('',*,*,#2910,.T.);
#4053=ORIENTED_EDGE('',*,*,#2911,.F.);
#4054=ORIENTED_EDGE('',*,*,#2912,.F.);
#4055=ORIENTED_EDGE('',*,*,#2913,.T.);
#4056=ORIENTED_EDGE('',*,*,#2914,.F.);
#4057=ORIENTED_EDGE('',*,*,#2912,.T.);
#4058=ORIENTED_EDGE('',*,*,#2915,.T.);
#4059=ORIENTED_EDGE('',*,*,#2900,.T.);
#4060=ORIENTED_EDGE('',*,*,#2916,.T.);
#4061=ORIENTED_EDGE('',*,*,#2905,.T.);
#4062=ORIENTED_EDGE('',*,*,#2917,.T.);
#4063=ORIENTED_EDGE('',*,*,#2914,.T.);
#4064=ORIENTED_EDGE('',*,*,#2918,.T.);
#4065=ORIENTED_EDGE('',*,*,#2919,.T.);
#4066=ORIENTED_EDGE('',*,*,#2920,.T.);
#4067=ORIENTED_EDGE('',*,*,#2911,.T.);
#4068=ORIENTED_EDGE('',*,*,#2921,.T.);
#4069=ORIENTED_EDGE('',*,*,#2922,.T.);
#4070=ORIENTED_EDGE('',*,*,#2923,.T.);
#4071=ORIENTED_EDGE('',*,*,#2901,.T.);
#4072=ORIENTED_EDGE('',*,*,#2924,.T.);
#4073=ORIENTED_EDGE('',*,*,#2925,.T.);
#4074=ORIENTED_EDGE('',*,*,#2926,.T.);
#4075=ORIENTED_EDGE('',*,*,#2899,.T.);
#4076=ORIENTED_EDGE('',*,*,#2927,.T.);
#4077=ORIENTED_EDGE('',*,*,#2928,.T.);
#4078=ORIENTED_EDGE('',*,*,#2929,.T.);
#4079=ORIENTED_EDGE('',*,*,#2925,.F.);
#4080=ORIENTED_EDGE('',*,*,#2930,.T.);
#4081=ORIENTED_EDGE('',*,*,#2889,.F.);
#4082=ORIENTED_EDGE('',*,*,#2885,.F.);
#4083=ORIENTED_EDGE('',*,*,#2879,.F.);
#4084=ORIENTED_EDGE('',*,*,#2931,.F.);
#4085=ORIENTED_EDGE('',*,*,#2880,.F.);
#4086=ORIENTED_EDGE('',*,*,#2877,.F.);
#4087=ORIENTED_EDGE('',*,*,#2875,.F.);
#4088=ORIENTED_EDGE('',*,*,#2932,.F.);
#4089=ORIENTED_EDGE('',*,*,#2933,.F.);
#4090=ORIENTED_EDGE('',*,*,#2873,.F.);
#4091=ORIENTED_EDGE('',*,*,#2934,.T.);
#4092=ORIENTED_EDGE('',*,*,#2935,.T.);
#4093=ORIENTED_EDGE('',*,*,#2936,.T.);
#4094=ORIENTED_EDGE('',*,*,#2876,.F.);
#4095=ORIENTED_EDGE('',*,*,#2886,.F.);
#4096=ORIENTED_EDGE('',*,*,#2881,.F.);
#4097=ORIENTED_EDGE('',*,*,#2895,.F.);
#4098=ORIENTED_EDGE('',*,*,#2890,.F.);
#4099=ORIENTED_EDGE('',*,*,#2907,.F.);
#4100=ORIENTED_EDGE('',*,*,#2902,.F.);
#4101=ORIENTED_EDGE('',*,*,#2918,.F.);
#4102=ORIENTED_EDGE('',*,*,#2913,.F.);
#4103=ORIENTED_EDGE('',*,*,#2916,.F.);
#4104=ORIENTED_EDGE('',*,*,#2926,.F.);
#4105=ORIENTED_EDGE('',*,*,#2937,.F.);
#4106=ORIENTED_EDGE('',*,*,#2938,.F.);
#4107=ORIENTED_EDGE('',*,*,#2939,.F.);
#4108=ORIENTED_EDGE('',*,*,#2940,.F.);
#4109=ORIENTED_EDGE('',*,*,#2934,.F.);
#4110=ORIENTED_EDGE('',*,*,#2929,.F.);
#4111=ORIENTED_EDGE('',*,*,#2941,.T.);
#4112=ORIENTED_EDGE('',*,*,#2942,.T.);
#4113=ORIENTED_EDGE('',*,*,#2937,.T.);
#4114=ORIENTED_EDGE('',*,*,#2938,.T.);
#4115=ORIENTED_EDGE('',*,*,#2942,.F.);
#4116=ORIENTED_EDGE('',*,*,#2943,.T.);
#4117=ORIENTED_EDGE('',*,*,#2944,.T.);
#4118=ORIENTED_EDGE('',*,*,#2939,.T.);
#4119=ORIENTED_EDGE('',*,*,#2944,.F.);
#4120=ORIENTED_EDGE('',*,*,#2945,.T.);
#4121=ORIENTED_EDGE('',*,*,#2946,.T.);
#4122=ORIENTED_EDGE('',*,*,#2940,.T.);
#4123=ORIENTED_EDGE('',*,*,#2946,.F.);
#4124=ORIENTED_EDGE('',*,*,#2947,.T.);
#4125=ORIENTED_EDGE('',*,*,#2935,.F.);
#4126=ORIENTED_EDGE('',*,*,#2947,.F.);
#4127=ORIENTED_EDGE('',*,*,#2948,.F.);
#4128=ORIENTED_EDGE('',*,*,#2949,.F.);
#4129=ORIENTED_EDGE('',*,*,#2950,.F.);
#4130=ORIENTED_EDGE('',*,*,#2945,.F.);
#4131=ORIENTED_EDGE('',*,*,#2951,.F.);
#4132=ORIENTED_EDGE('',*,*,#2952,.F.);
#4133=ORIENTED_EDGE('',*,*,#2948,.T.);
#4134=ORIENTED_EDGE('',*,*,#2943,.F.);
#4135=ORIENTED_EDGE('',*,*,#2953,.F.);
#4136=ORIENTED_EDGE('',*,*,#2954,.F.);
#4137=ORIENTED_EDGE('',*,*,#2951,.T.);
#4138=ORIENTED_EDGE('',*,*,#2932,.T.);
#4139=ORIENTED_EDGE('',*,*,#2874,.F.);
#4140=ORIENTED_EDGE('',*,*,#2936,.F.);
#4141=ORIENTED_EDGE('',*,*,#2950,.T.);
#4142=ORIENTED_EDGE('',*,*,#2955,.F.);
#4143=ORIENTED_EDGE('',*,*,#2956,.F.);
#4144=ORIENTED_EDGE('',*,*,#2957,.T.);
#4145=ORIENTED_EDGE('',*,*,#2958,.F.);
#4146=ORIENTED_EDGE('',*,*,#2959,.F.);
#4147=ORIENTED_EDGE('',*,*,#2960,.T.);
#4148=ORIENTED_EDGE('',*,*,#2961,.F.);
#4149=ORIENTED_EDGE('',*,*,#2962,.F.);
#4150=ORIENTED_EDGE('',*,*,#2963,.F.);
#4151=ORIENTED_EDGE('',*,*,#2964,.F.);
#4152=ORIENTED_EDGE('',*,*,#2965,.T.);
#4153=ORIENTED_EDGE('',*,*,#2966,.F.);
#4154=ORIENTED_EDGE('',*,*,#2967,.F.);
#4155=ORIENTED_EDGE('',*,*,#2968,.T.);
#4156=ORIENTED_EDGE('',*,*,#2969,.F.);
#4157=ORIENTED_EDGE('',*,*,#2970,.F.);
#4158=ORIENTED_EDGE('',*,*,#2971,.T.);
#4159=ORIENTED_EDGE('',*,*,#2972,.F.);
#4160=ORIENTED_EDGE('',*,*,#2973,.F.);
#4161=ORIENTED_EDGE('',*,*,#2953,.T.);
#4162=ORIENTED_EDGE('',*,*,#2941,.F.);
#4163=ORIENTED_EDGE('',*,*,#2928,.F.);
#4164=ORIENTED_EDGE('',*,*,#2974,.F.);
#4165=ORIENTED_EDGE('',*,*,#2975,.F.);
#4166=ORIENTED_EDGE('',*,*,#2976,.F.);
#4167=ORIENTED_EDGE('',*,*,#2977,.F.);
#4168=ORIENTED_EDGE('',*,*,#2978,.F.);
#4169=ORIENTED_EDGE('',*,*,#2979,.F.);
#4170=ORIENTED_EDGE('',*,*,#2980,.F.);
#4171=ORIENTED_EDGE('',*,*,#2981,.F.);
#4172=ORIENTED_EDGE('',*,*,#2982,.T.);
#4173=ORIENTED_EDGE('',*,*,#2983,.F.);
#4174=ORIENTED_EDGE('',*,*,#2984,.F.);
#4175=ORIENTED_EDGE('',*,*,#2985,.F.);
#4176=ORIENTED_EDGE('',*,*,#2978,.T.);
#4177=ORIENTED_EDGE('',*,*,#2986,.T.);
#4178=ORIENTED_EDGE('',*,*,#2984,.T.);
#4179=ORIENTED_EDGE('',*,*,#2987,.T.);
#4180=ORIENTED_EDGE('',*,*,#2988,.F.);
#4181=ORIENTED_EDGE('',*,*,#2989,.F.);
#4182=ORIENTED_EDGE('',*,*,#2990,.F.);
#4183=ORIENTED_EDGE('',*,*,#2991,.T.);
#4184=ORIENTED_EDGE('',*,*,#2992,.T.);
#4185=ORIENTED_EDGE('',*,*,#2993,.F.);
#4186=ORIENTED_EDGE('',*,*,#2994,.F.);
#4187=ORIENTED_EDGE('',*,*,#2995,.F.);
#4188=ORIENTED_EDGE('',*,*,#2985,.T.);
#4189=ORIENTED_EDGE('',*,*,#2996,.T.);
#4190=ORIENTED_EDGE('',*,*,#2993,.T.);
#4191=ORIENTED_EDGE('',*,*,#2997,.T.);
#4192=ORIENTED_EDGE('',*,*,#2994,.T.);
#4193=ORIENTED_EDGE('',*,*,#2998,.T.);
#4194=ORIENTED_EDGE('',*,*,#2980,.T.);
#4195=ORIENTED_EDGE('',*,*,#2999,.T.);
#4196=ORIENTED_EDGE('',*,*,#3000,.F.);
#4197=ORIENTED_EDGE('',*,*,#3001,.F.);
#4198=ORIENTED_EDGE('',*,*,#3002,.F.);
#4199=ORIENTED_EDGE('',*,*,#3003,.T.);
#4200=ORIENTED_EDGE('',*,*,#3004,.T.);
#4201=ORIENTED_EDGE('',*,*,#2972,.T.);
#4202=ORIENTED_EDGE('',*,*,#3005,.T.);
#4203=ORIENTED_EDGE('',*,*,#3001,.T.);
#4204=ORIENTED_EDGE('',*,*,#3006,.T.);
#4205=ORIENTED_EDGE('',*,*,#3003,.F.);
#4206=ORIENTED_EDGE('',*,*,#3007,.T.);
#4207=ORIENTED_EDGE('',*,*,#3008,.F.);
#4208=ORIENTED_EDGE('',*,*,#3009,.F.);
#4209=ORIENTED_EDGE('',*,*,#3010,.F.);
#4210=ORIENTED_EDGE('',*,*,#3011,.T.);
#4211=ORIENTED_EDGE('',*,*,#3012,.T.);
#4212=ORIENTED_EDGE('',*,*,#3013,.F.);
#4213=ORIENTED_EDGE('',*,*,#3014,.F.);
#4214=ORIENTED_EDGE('',*,*,#3015,.F.);
#4215=ORIENTED_EDGE('',*,*,#2995,.T.);
#4216=ORIENTED_EDGE('',*,*,#3016,.T.);
#4217=ORIENTED_EDGE('',*,*,#3013,.T.);
#4218=ORIENTED_EDGE('',*,*,#3017,.T.);
#4219=ORIENTED_EDGE('',*,*,#3014,.T.);
#4220=ORIENTED_EDGE('',*,*,#3018,.T.);
#4221=ORIENTED_EDGE('',*,*,#2989,.T.);
#4222=ORIENTED_EDGE('',*,*,#3019,.T.);
#4223=ORIENTED_EDGE('',*,*,#3020,.F.);
#4224=ORIENTED_EDGE('',*,*,#3021,.F.);
#4225=ORIENTED_EDGE('',*,*,#3022,.F.);
#4226=ORIENTED_EDGE('',*,*,#3023,.T.);
#4227=ORIENTED_EDGE('',*,*,#3024,.F.);
#4228=ORIENTED_EDGE('',*,*,#3025,.F.);
#4229=ORIENTED_EDGE('',*,*,#3026,.F.);
#4230=ORIENTED_EDGE('',*,*,#3027,.T.);
#4231=ORIENTED_EDGE('',*,*,#3028,.F.);
#4232=ORIENTED_EDGE('',*,*,#3029,.F.);
#4233=ORIENTED_EDGE('',*,*,#3030,.F.);
#4234=ORIENTED_EDGE('',*,*,#3015,.T.);
#4235=ORIENTED_EDGE('',*,*,#3031,.T.);
#4236=ORIENTED_EDGE('',*,*,#3028,.T.);
#4237=ORIENTED_EDGE('',*,*,#3032,.T.);
#4238=ORIENTED_EDGE('',*,*,#3029,.T.);
#4239=ORIENTED_EDGE('',*,*,#3033,.T.);
#4240=ORIENTED_EDGE('',*,*,#3009,.T.);
#4241=ORIENTED_EDGE('',*,*,#3034,.T.);
#4242=ORIENTED_EDGE('',*,*,#3035,.F.);
#4243=ORIENTED_EDGE('',*,*,#3036,.F.);
#4244=ORIENTED_EDGE('',*,*,#3037,.T.);
#4245=ORIENTED_EDGE('',*,*,#3038,.F.);
#4246=ORIENTED_EDGE('',*,*,#3036,.T.);
#4247=ORIENTED_EDGE('',*,*,#3039,.T.);
#4248=ORIENTED_EDGE('',*,*,#3025,.T.);
#4249=ORIENTED_EDGE('',*,*,#3040,.T.);
#4250=ORIENTED_EDGE('',*,*,#3030,.T.);
#4251=ORIENTED_EDGE('',*,*,#3041,.T.);
#4252=ORIENTED_EDGE('',*,*,#3038,.T.);
#4253=ORIENTED_EDGE('',*,*,#3042,.T.);
#4254=ORIENTED_EDGE('',*,*,#3035,.T.);
#4255=ORIENTED_EDGE('',*,*,#3043,.T.);
#4256=ORIENTED_EDGE('',*,*,#3021,.T.);
#4257=ORIENTED_EDGE('',*,*,#3044,.T.);
#4258=ORIENTED_EDGE('',*,*,#3026,.T.);
#4259=ORIENTED_EDGE('',*,*,#3045,.T.);
#4260=ORIENTED_EDGE('',*,*,#3002,.T.);
#4261=ORIENTED_EDGE('',*,*,#3046,.T.);
#4262=ORIENTED_EDGE('',*,*,#3047,.T.);
#4263=ORIENTED_EDGE('',*,*,#3048,.T.);
#4264=ORIENTED_EDGE('',*,*,#3024,.T.);
#4265=ORIENTED_EDGE('',*,*,#3049,.T.);
#4266=ORIENTED_EDGE('',*,*,#2970,.T.);
#4267=ORIENTED_EDGE('',*,*,#3050,.T.);
#4268=ORIENTED_EDGE('',*,*,#3047,.F.);
#4269=ORIENTED_EDGE('',*,*,#3051,.T.);
#4270=ORIENTED_EDGE('',*,*,#3022,.T.);
#4271=ORIENTED_EDGE('',*,*,#3052,.T.);
#4272=ORIENTED_EDGE('',*,*,#3008,.T.);
#4273=ORIENTED_EDGE('',*,*,#3053,.T.);
#4274=ORIENTED_EDGE('',*,*,#3000,.T.);
#4275=ORIENTED_EDGE('',*,*,#3054,.T.);
#4276=ORIENTED_EDGE('',*,*,#3020,.T.);
#4277=ORIENTED_EDGE('',*,*,#3055,.T.);
#4278=ORIENTED_EDGE('',*,*,#3010,.T.);
#4279=ORIENTED_EDGE('',*,*,#3056,.T.);
#4280=ORIENTED_EDGE('',*,*,#2988,.T.);
#4281=ORIENTED_EDGE('',*,*,#3057,.T.);
#4282=ORIENTED_EDGE('',*,*,#2990,.T.);
#4283=ORIENTED_EDGE('',*,*,#3058,.T.);
#4284=ORIENTED_EDGE('',*,*,#2979,.T.);
#4285=ORIENTED_EDGE('',*,*,#3059,.T.);
#4286=ORIENTED_EDGE('',*,*,#3060,.T.);
#4287=ORIENTED_EDGE('',*,*,#3061,.T.);
#4288=ORIENTED_EDGE('',*,*,#2958,.T.);
#4289=ORIENTED_EDGE('',*,*,#3062,.T.);
#4290=ORIENTED_EDGE('',*,*,#2983,.T.);
#4291=ORIENTED_EDGE('',*,*,#3063,.T.);
#4292=ORIENTED_EDGE('',*,*,#3060,.F.);
#4293=ORIENTED_EDGE('',*,*,#3064,.T.);
#4294=ORIENTED_EDGE('',*,*,#2981,.T.);
#4295=ORIENTED_EDGE('',*,*,#3065,.T.);
#4296=ORIENTED_EDGE('',*,*,#2977,.T.);
#4297=ORIENTED_EDGE('',*,*,#3066,.T.);
#4298=ORIENTED_EDGE('',*,*,#3067,.T.);
#4299=ORIENTED_EDGE('',*,*,#3068,.T.);
#4300=ORIENTED_EDGE('',*,*,#2976,.T.);
#4301=ORIENTED_EDGE('',*,*,#3069,.T.);
#4302=ORIENTED_EDGE('',*,*,#2956,.T.);
#4303=ORIENTED_EDGE('',*,*,#3070,.T.);
#4304=ORIENTED_EDGE('',*,*,#3067,.F.);
#4305=ORIENTED_EDGE('',*,*,#3071,.T.);
#4306=ORIENTED_EDGE('',*,*,#3051,.F.);
#4307=ORIENTED_EDGE('',*,*,#3049,.F.);
#4308=ORIENTED_EDGE('',*,*,#3046,.F.);
#4309=ORIENTED_EDGE('',*,*,#3007,.F.);
#4310=ORIENTED_EDGE('',*,*,#3005,.F.);
#4311=ORIENTED_EDGE('',*,*,#2971,.F.);
#4312=ORIENTED_EDGE('',*,*,#3004,.F.);
#4313=ORIENTED_EDGE('',*,*,#3072,.T.);
#4314=ORIENTED_EDGE('',*,*,#3073,.T.);
#4315=ORIENTED_EDGE('',*,*,#2973,.T.);
#4316=ORIENTED_EDGE('',*,*,#3006,.F.);
#4317=ORIENTED_EDGE('',*,*,#3055,.F.);
#4318=ORIENTED_EDGE('',*,*,#3023,.F.);
#4319=ORIENTED_EDGE('',*,*,#3053,.F.);
#4320=ORIENTED_EDGE('',*,*,#3011,.F.);
#4321=ORIENTED_EDGE('',*,*,#3057,.F.);
#4322=ORIENTED_EDGE('',*,*,#2991,.F.);
#4323=ORIENTED_EDGE('',*,*,#3059,.F.);
#4324=ORIENTED_EDGE('',*,*,#2982,.F.);
#4325=ORIENTED_EDGE('',*,*,#3066,.F.);
#4326=ORIENTED_EDGE('',*,*,#3068,.F.);
#4327=ORIENTED_EDGE('',*,*,#3074,.F.);
#4328=ORIENTED_EDGE('',*,*,#3075,.F.);
#4329=ORIENTED_EDGE('',*,*,#3076,.F.);
#4330=ORIENTED_EDGE('',*,*,#3077,.F.);
#4331=ORIENTED_EDGE('',*,*,#3072,.F.);
#4332=ORIENTED_EDGE('',*,*,#3070,.F.);
#4333=ORIENTED_EDGE('',*,*,#2955,.T.);
#4334=ORIENTED_EDGE('',*,*,#3078,.T.);
#4335=ORIENTED_EDGE('',*,*,#3074,.T.);
#4336=ORIENTED_EDGE('',*,*,#2986,.F.);
#4337=ORIENTED_EDGE('',*,*,#3065,.F.);
#4338=ORIENTED_EDGE('',*,*,#2998,.F.);
#4339=ORIENTED_EDGE('',*,*,#2996,.F.);
#4340=ORIENTED_EDGE('',*,*,#2999,.F.);
#4341=ORIENTED_EDGE('',*,*,#3058,.F.);
#4342=ORIENTED_EDGE('',*,*,#3018,.F.);
#4343=ORIENTED_EDGE('',*,*,#3016,.F.);
#4344=ORIENTED_EDGE('',*,*,#3019,.F.);
#4345=ORIENTED_EDGE('',*,*,#3056,.F.);
#4346=ORIENTED_EDGE('',*,*,#3033,.F.);
#4347=ORIENTED_EDGE('',*,*,#3031,.F.);
#4348=ORIENTED_EDGE('',*,*,#3034,.F.);
#4349=ORIENTED_EDGE('',*,*,#3052,.F.);
#4350=ORIENTED_EDGE('',*,*,#3043,.F.);
#4351=ORIENTED_EDGE('',*,*,#3041,.F.);
#4352=ORIENTED_EDGE('',*,*,#3039,.F.);
#4353=ORIENTED_EDGE('',*,*,#3044,.F.);
#4354=ORIENTED_EDGE('',*,*,#3054,.F.);
#4355=ORIENTED_EDGE('',*,*,#3045,.F.);
#4356=ORIENTED_EDGE('',*,*,#3075,.T.);
#4357=ORIENTED_EDGE('',*,*,#3078,.F.);
#4358=ORIENTED_EDGE('',*,*,#2949,.T.);
#4359=ORIENTED_EDGE('',*,*,#3079,.T.);
#4360=ORIENTED_EDGE('',*,*,#3076,.T.);
#4361=ORIENTED_EDGE('',*,*,#3079,.F.);
#4362=ORIENTED_EDGE('',*,*,#2952,.T.);
#4363=ORIENTED_EDGE('',*,*,#3080,.T.);
#4364=ORIENTED_EDGE('',*,*,#3077,.T.);
#4365=ORIENTED_EDGE('',*,*,#3080,.F.);
#4366=ORIENTED_EDGE('',*,*,#2954,.T.);
#4367=ORIENTED_EDGE('',*,*,#3073,.F.);
#4368=ORIENTED_EDGE('',*,*,#3061,.F.);
#4369=ORIENTED_EDGE('',*,*,#3081,.T.);
#4370=ORIENTED_EDGE('',*,*,#3082,.T.);
#4371=ORIENTED_EDGE('',*,*,#2959,.T.);
#4372=ORIENTED_EDGE('',*,*,#3050,.F.);
#4373=ORIENTED_EDGE('',*,*,#2969,.T.);
#4374=ORIENTED_EDGE('',*,*,#3083,.T.);
#4375=ORIENTED_EDGE('',*,*,#3084,.T.);
#4376=ORIENTED_EDGE('',*,*,#3085,.T.);
#4377=ORIENTED_EDGE('',*,*,#3083,.F.);
#4378=ORIENTED_EDGE('',*,*,#3086,.T.);
#4379=ORIENTED_EDGE('',*,*,#3087,.T.);
#4380=ORIENTED_EDGE('',*,*,#3088,.T.);
#4381=ORIENTED_EDGE('',*,*,#3087,.F.);
#4382=ORIENTED_EDGE('',*,*,#3089,.T.);
#4383=ORIENTED_EDGE('',*,*,#3090,.T.);
#4384=ORIENTED_EDGE('',*,*,#3091,.T.);
#4385=ORIENTED_EDGE('',*,*,#3090,.F.);
#4386=ORIENTED_EDGE('',*,*,#3092,.T.);
#4387=ORIENTED_EDGE('',*,*,#3082,.F.);
#4388=ORIENTED_EDGE('',*,*,#3092,.F.);
#4389=ORIENTED_EDGE('',*,*,#3093,.F.);
#4390=ORIENTED_EDGE('',*,*,#3094,.F.);
#4391=ORIENTED_EDGE('',*,*,#2960,.F.);
#4392=ORIENTED_EDGE('',*,*,#3089,.F.);
#4393=ORIENTED_EDGE('',*,*,#3095,.F.);
#4394=ORIENTED_EDGE('',*,*,#3096,.F.);
#4395=ORIENTED_EDGE('',*,*,#3093,.T.);
#4396=ORIENTED_EDGE('',*,*,#3086,.F.);
#4397=ORIENTED_EDGE('',*,*,#2968,.F.);
#4398=ORIENTED_EDGE('',*,*,#3097,.F.);
#4399=ORIENTED_EDGE('',*,*,#3095,.T.);
#4400=ORIENTED_EDGE('',*,*,#3098,.F.);
#4401=ORIENTED_EDGE('',*,*,#3099,.F.);
#4402=ORIENTED_EDGE('',*,*,#3100,.F.);
#4403=ORIENTED_EDGE('',*,*,#3101,.T.);
#4404=ORIENTED_EDGE('',*,*,#3102,.F.);
#4405=ORIENTED_EDGE('',*,*,#3103,.F.);
#4406=ORIENTED_EDGE('',*,*,#3104,.F.);
#4407=ORIENTED_EDGE('',*,*,#3105,.T.);
#4408=ORIENTED_EDGE('',*,*,#3106,.F.);
#4409=ORIENTED_EDGE('',*,*,#3107,.F.);
#4410=ORIENTED_EDGE('',*,*,#3108,.F.);
#4411=ORIENTED_EDGE('',*,*,#3107,.T.);
#4412=ORIENTED_EDGE('',*,*,#3109,.T.);
#4413=ORIENTED_EDGE('',*,*,#3099,.T.);
#4414=ORIENTED_EDGE('',*,*,#3110,.T.);
#4415=ORIENTED_EDGE('',*,*,#3111,.F.);
#4416=ORIENTED_EDGE('',*,*,#3112,.F.);
#4417=ORIENTED_EDGE('',*,*,#3113,.F.);
#4418=ORIENTED_EDGE('',*,*,#3100,.T.);
#4419=ORIENTED_EDGE('',*,*,#3114,.T.);
#4420=ORIENTED_EDGE('',*,*,#3112,.T.);
#4421=ORIENTED_EDGE('',*,*,#3115,.T.);
#4422=ORIENTED_EDGE('',*,*,#3116,.F.);
#4423=ORIENTED_EDGE('',*,*,#3117,.F.);
#4424=ORIENTED_EDGE('',*,*,#3118,.F.);
#4425=ORIENTED_EDGE('',*,*,#3117,.T.);
#4426=ORIENTED_EDGE('',*,*,#3119,.T.);
#4427=ORIENTED_EDGE('',*,*,#3103,.T.);
#4428=ORIENTED_EDGE('',*,*,#3120,.T.);
#4429=ORIENTED_EDGE('',*,*,#3121,.T.);
#4430=ORIENTED_EDGE('',*,*,#3102,.T.);
#4431=ORIENTED_EDGE('',*,*,#3122,.T.);
#4432=ORIENTED_EDGE('',*,*,#3123,.T.);
#4433=ORIENTED_EDGE('',*,*,#3124,.T.);
#4434=ORIENTED_EDGE('',*,*,#3125,.F.);
#4435=ORIENTED_EDGE('',*,*,#3126,.F.);
#4436=ORIENTED_EDGE('',*,*,#3127,.F.);
#4437=ORIENTED_EDGE('',*,*,#3113,.T.);
#4438=ORIENTED_EDGE('',*,*,#3128,.T.);
#4439=ORIENTED_EDGE('',*,*,#3125,.T.);
#4440=ORIENTED_EDGE('',*,*,#3129,.T.);
#4441=ORIENTED_EDGE('',*,*,#3126,.T.);
#4442=ORIENTED_EDGE('',*,*,#3130,.T.);
#4443=ORIENTED_EDGE('',*,*,#3106,.T.);
#4444=ORIENTED_EDGE('',*,*,#3131,.T.);
#4445=ORIENTED_EDGE('',*,*,#3132,.F.);
#4446=ORIENTED_EDGE('',*,*,#3133,.F.);
#4447=ORIENTED_EDGE('',*,*,#3134,.F.);
#4448=ORIENTED_EDGE('',*,*,#3135,.T.);
#4449=ORIENTED_EDGE('',*,*,#3136,.T.);
#4450=ORIENTED_EDGE('',*,*,#3127,.T.);
#4451=ORIENTED_EDGE('',*,*,#3137,.T.);
#4452=ORIENTED_EDGE('',*,*,#3138,.T.);
#4453=ORIENTED_EDGE('',*,*,#3139,.F.);
#4454=ORIENTED_EDGE('',*,*,#3140,.F.);
#4455=ORIENTED_EDGE('',*,*,#3141,.F.);
#4456=ORIENTED_EDGE('',*,*,#3140,.T.);
#4457=ORIENTED_EDGE('',*,*,#3142,.T.);
#4458=ORIENTED_EDGE('',*,*,#3133,.T.);
#4459=ORIENTED_EDGE('',*,*,#3143,.T.);
#4460=ORIENTED_EDGE('',*,*,#3144,.F.);
#4461=ORIENTED_EDGE('',*,*,#3145,.F.);
#4462=ORIENTED_EDGE('',*,*,#3146,.F.);
#4463=ORIENTED_EDGE('',*,*,#3147,.T.);
#4464=ORIENTED_EDGE('',*,*,#3148,.T.);
#4465=ORIENTED_EDGE('',*,*,#2966,.T.);
#4466=ORIENTED_EDGE('',*,*,#3149,.T.);
#4467=ORIENTED_EDGE('',*,*,#3145,.T.);
#4468=ORIENTED_EDGE('',*,*,#3150,.T.);
#4469=ORIENTED_EDGE('',*,*,#3147,.F.);
#4470=ORIENTED_EDGE('',*,*,#3151,.T.);
#4471=ORIENTED_EDGE('',*,*,#3152,.F.);
#4472=ORIENTED_EDGE('',*,*,#3153,.F.);
#4473=ORIENTED_EDGE('',*,*,#3154,.F.);
#4474=ORIENTED_EDGE('',*,*,#3155,.T.);
#4475=ORIENTED_EDGE('',*,*,#3141,.T.);
#4476=ORIENTED_EDGE('',*,*,#3156,.T.);
#4477=ORIENTED_EDGE('',*,*,#3153,.T.);
#4478=ORIENTED_EDGE('',*,*,#3157,.T.);
#4479=ORIENTED_EDGE('',*,*,#3154,.T.);
#4480=ORIENTED_EDGE('',*,*,#3158,.T.);
#4481=ORIENTED_EDGE('',*,*,#3146,.T.);
#4482=ORIENTED_EDGE('',*,*,#3159,.T.);
#4483=ORIENTED_EDGE('',*,*,#3160,.T.);
#4484=ORIENTED_EDGE('',*,*,#3152,.T.);
#4485=ORIENTED_EDGE('',*,*,#3161,.T.);
#4486=ORIENTED_EDGE('',*,*,#3162,.T.);
#4487=ORIENTED_EDGE('',*,*,#2964,.T.);
#4488=ORIENTED_EDGE('',*,*,#3138,.F.);
#4489=ORIENTED_EDGE('',*,*,#3163,.T.);
#4490=ORIENTED_EDGE('',*,*,#3162,.F.);
#4491=ORIENTED_EDGE('',*,*,#3144,.T.);
#4492=ORIENTED_EDGE('',*,*,#3164,.T.);
#4493=ORIENTED_EDGE('',*,*,#3132,.T.);
#4494=ORIENTED_EDGE('',*,*,#3165,.T.);
#4495=ORIENTED_EDGE('',*,*,#3166,.T.);
#4496=ORIENTED_EDGE('',*,*,#3139,.T.);
#4497=ORIENTED_EDGE('',*,*,#3167,.T.);
#4498=ORIENTED_EDGE('',*,*,#3168,.T.);
#4499=ORIENTED_EDGE('',*,*,#3169,.T.);
#4500=ORIENTED_EDGE('',*,*,#3134,.T.);
#4501=ORIENTED_EDGE('',*,*,#3170,.T.);
#4502=ORIENTED_EDGE('',*,*,#3123,.F.);
#4503=ORIENTED_EDGE('',*,*,#3171,.T.);
#4504=ORIENTED_EDGE('',*,*,#3118,.T.);
#4505=ORIENTED_EDGE('',*,*,#3172,.T.);
#4506=ORIENTED_EDGE('',*,*,#3168,.F.);
#4507=ORIENTED_EDGE('',*,*,#3108,.T.);
#4508=ORIENTED_EDGE('',*,*,#3173,.T.);
#4509=ORIENTED_EDGE('',*,*,#3116,.T.);
#4510=ORIENTED_EDGE('',*,*,#3174,.T.);
#4511=ORIENTED_EDGE('',*,*,#3175,.T.);
#4512=ORIENTED_EDGE('',*,*,#3176,.T.);
#4513=ORIENTED_EDGE('',*,*,#3111,.T.);
#4514=ORIENTED_EDGE('',*,*,#3177,.T.);
#4515=ORIENTED_EDGE('',*,*,#2962,.T.);
#4516=ORIENTED_EDGE('',*,*,#3178,.T.);
#4517=ORIENTED_EDGE('',*,*,#3175,.F.);
#4518=ORIENTED_EDGE('',*,*,#3179,.T.);
#4519=ORIENTED_EDGE('',*,*,#3104,.T.);
#4520=ORIENTED_EDGE('',*,*,#3180,.T.);
#4521=ORIENTED_EDGE('',*,*,#3098,.T.);
#4522=ORIENTED_EDGE('',*,*,#3181,.T.);
#4523=ORIENTED_EDGE('',*,*,#3170,.F.);
#4524=ORIENTED_EDGE('',*,*,#3142,.F.);
#4525=ORIENTED_EDGE('',*,*,#3166,.F.);
#4526=ORIENTED_EDGE('',*,*,#3182,.F.);
#4527=ORIENTED_EDGE('',*,*,#3148,.F.);
#4528=ORIENTED_EDGE('',*,*,#3183,.T.);
#4529=ORIENTED_EDGE('',*,*,#3184,.T.);
#4530=ORIENTED_EDGE('',*,*,#2967,.T.);
#4531=ORIENTED_EDGE('',*,*,#3150,.F.);
#4532=ORIENTED_EDGE('',*,*,#3165,.F.);
#4533=ORIENTED_EDGE('',*,*,#3135,.F.);
#4534=ORIENTED_EDGE('',*,*,#3169,.F.);
#4535=ORIENTED_EDGE('',*,*,#3122,.F.);
#4536=ORIENTED_EDGE('',*,*,#3105,.F.);
#4537=ORIENTED_EDGE('',*,*,#3181,.F.);
#4538=ORIENTED_EDGE('',*,*,#3101,.F.);
#4539=ORIENTED_EDGE('',*,*,#3115,.F.);
#4540=ORIENTED_EDGE('',*,*,#3176,.F.);
#4541=ORIENTED_EDGE('',*,*,#3185,.F.);
#4542=ORIENTED_EDGE('',*,*,#3186,.F.);
#4543=ORIENTED_EDGE('',*,*,#3187,.F.);
#4544=ORIENTED_EDGE('',*,*,#3188,.F.);
#4545=ORIENTED_EDGE('',*,*,#3183,.F.);
#4546=ORIENTED_EDGE('',*,*,#3178,.F.);
#4547=ORIENTED_EDGE('',*,*,#2961,.T.);
#4548=ORIENTED_EDGE('',*,*,#3189,.T.);
#4549=ORIENTED_EDGE('',*,*,#3185,.T.);
#4550=ORIENTED_EDGE('',*,*,#3109,.F.);
#4551=ORIENTED_EDGE('',*,*,#3130,.F.);
#4552=ORIENTED_EDGE('',*,*,#3128,.F.);
#4553=ORIENTED_EDGE('',*,*,#3114,.F.);
#4554=ORIENTED_EDGE('',*,*,#3119,.F.);
#4555=ORIENTED_EDGE('',*,*,#3173,.F.);
#4556=ORIENTED_EDGE('',*,*,#3110,.F.);
#4557=ORIENTED_EDGE('',*,*,#3180,.F.);
#4558=ORIENTED_EDGE('',*,*,#3143,.F.);
#4559=ORIENTED_EDGE('',*,*,#3164,.F.);
#4560=ORIENTED_EDGE('',*,*,#3158,.F.);
#4561=ORIENTED_EDGE('',*,*,#3156,.F.);
#4562=ORIENTED_EDGE('',*,*,#3157,.F.);
#4563=ORIENTED_EDGE('',*,*,#3160,.F.);
#4564=ORIENTED_EDGE('',*,*,#3163,.F.);
#4565=ORIENTED_EDGE('',*,*,#3137,.F.);
#4566=ORIENTED_EDGE('',*,*,#3131,.F.);
#4567=ORIENTED_EDGE('',*,*,#3174,.F.);
#4568=ORIENTED_EDGE('',*,*,#3171,.F.);
#4569=ORIENTED_EDGE('',*,*,#3167,.F.);
#4570=ORIENTED_EDGE('',*,*,#3186,.T.);
#4571=ORIENTED_EDGE('',*,*,#3189,.F.);
#4572=ORIENTED_EDGE('',*,*,#3094,.T.);
#4573=ORIENTED_EDGE('',*,*,#3190,.T.);
#4574=ORIENTED_EDGE('',*,*,#3187,.T.);
#4575=ORIENTED_EDGE('',*,*,#3190,.F.);
#4576=ORIENTED_EDGE('',*,*,#3096,.T.);
#4577=ORIENTED_EDGE('',*,*,#3191,.T.);
#4578=ORIENTED_EDGE('',*,*,#3188,.T.);
#4579=ORIENTED_EDGE('',*,*,#3191,.F.);
#4580=ORIENTED_EDGE('',*,*,#3097,.T.);
#4581=ORIENTED_EDGE('',*,*,#3184,.F.);
#4582=ORIENTED_EDGE('',*,*,#2923,.F.);
#4583=ORIENTED_EDGE('',*,*,#3192,.T.);
#4584=ORIENTED_EDGE('',*,*,#2974,.T.);
#4585=ORIENTED_EDGE('',*,*,#2930,.F.);
#4586=ORIENTED_EDGE('',*,*,#2927,.F.);
#4587=ORIENTED_EDGE('',*,*,#3062,.F.);
#4588=ORIENTED_EDGE('',*,*,#2957,.F.);
#4589=ORIENTED_EDGE('',*,*,#3071,.F.);
#4590=ORIENTED_EDGE('',*,*,#3069,.F.);
#4591=ORIENTED_EDGE('',*,*,#2987,.F.);
#4592=ORIENTED_EDGE('',*,*,#3064,.F.);
#4593=ORIENTED_EDGE('',*,*,#3136,.F.);
#4594=ORIENTED_EDGE('',*,*,#2963,.T.);
#4595=ORIENTED_EDGE('',*,*,#3179,.F.);
#4596=ORIENTED_EDGE('',*,*,#3177,.F.);
#4597=ORIENTED_EDGE('',*,*,#3129,.F.);
#4598=ORIENTED_EDGE('',*,*,#3124,.F.);
#4599=ORIENTED_EDGE('',*,*,#3149,.F.);
#4600=ORIENTED_EDGE('',*,*,#2965,.F.);
#4601=ORIENTED_EDGE('',*,*,#3161,.F.);
#4602=ORIENTED_EDGE('',*,*,#3155,.F.);
#4603=ORIENTED_EDGE('',*,*,#3159,.F.);
#4604=ORIENTED_EDGE('',*,*,#3151,.F.);
#4605=ORIENTED_EDGE('',*,*,#2920,.F.);
#4606=ORIENTED_EDGE('',*,*,#3193,.F.);
#4607=ORIENTED_EDGE('',*,*,#2924,.F.);
#4608=ORIENTED_EDGE('',*,*,#2915,.F.);
#4609=ORIENTED_EDGE('',*,*,#2909,.F.);
#4610=ORIENTED_EDGE('',*,*,#3194,.F.);
#4611=ORIENTED_EDGE('',*,*,#2921,.F.);
#4612=ORIENTED_EDGE('',*,*,#2917,.F.);
#4613=ORIENTED_EDGE('',*,*,#2897,.F.);
#4614=ORIENTED_EDGE('',*,*,#3195,.F.);
#4615=ORIENTED_EDGE('',*,*,#2910,.F.);
#4616=ORIENTED_EDGE('',*,*,#2906,.F.);
#4617=ORIENTED_EDGE('',*,*,#2888,.F.);
#4618=ORIENTED_EDGE('',*,*,#3196,.F.);
#4619=ORIENTED_EDGE('',*,*,#2898,.F.);
#4620=ORIENTED_EDGE('',*,*,#2894,.F.);
#4621=ORIENTED_EDGE('',*,*,#3048,.F.);
#4622=ORIENTED_EDGE('',*,*,#3084,.F.);
#4623=ORIENTED_EDGE('',*,*,#3085,.F.);
#4624=ORIENTED_EDGE('',*,*,#3088,.F.);
#4625=ORIENTED_EDGE('',*,*,#3091,.F.);
#4626=ORIENTED_EDGE('',*,*,#3081,.F.);
#4627=ORIENTED_EDGE('',*,*,#3063,.F.);
#4628=ORIENTED_EDGE('',*,*,#2997,.F.);
#4629=ORIENTED_EDGE('',*,*,#2992,.F.);
#4630=ORIENTED_EDGE('',*,*,#3017,.F.);
#4631=ORIENTED_EDGE('',*,*,#3012,.F.);
#4632=ORIENTED_EDGE('',*,*,#3032,.F.);
#4633=ORIENTED_EDGE('',*,*,#3027,.F.);
#4634=ORIENTED_EDGE('',*,*,#3042,.F.);
#4635=ORIENTED_EDGE('',*,*,#3037,.F.);
#4636=ORIENTED_EDGE('',*,*,#3040,.F.);
#4637=ORIENTED_EDGE('',*,*,#3121,.F.);
#4638=ORIENTED_EDGE('',*,*,#3182,.T.);
#4639=ORIENTED_EDGE('',*,*,#3172,.F.);
#4640=ORIENTED_EDGE('',*,*,#3120,.F.);
#4641=ORIENTED_EDGE('',*,*,#3197,.T.);
#4642=ORIENTED_EDGE('',*,*,#3198,.F.);
#4643=ORIENTED_EDGE('',*,*,#3199,.T.);
#4644=ORIENTED_EDGE('',*,*,#3200,.T.);
#4645=ORIENTED_EDGE('',*,*,#3201,.T.);
#4646=ORIENTED_EDGE('',*,*,#3202,.F.);
#4647=ORIENTED_EDGE('',*,*,#3203,.T.);
#4648=ORIENTED_EDGE('',*,*,#3198,.T.);
#4649=ORIENTED_EDGE('',*,*,#3204,.T.);
#4650=ORIENTED_EDGE('',*,*,#3205,.F.);
#4651=ORIENTED_EDGE('',*,*,#3206,.T.);
#4652=ORIENTED_EDGE('',*,*,#3202,.T.);
#4653=ORIENTED_EDGE('',*,*,#3207,.T.);
#4654=ORIENTED_EDGE('',*,*,#3200,.F.);
#4655=ORIENTED_EDGE('',*,*,#3208,.T.);
#4656=ORIENTED_EDGE('',*,*,#3205,.T.);
#4657=ORIENTED_EDGE('',*,*,#3208,.F.);
#4658=ORIENTED_EDGE('',*,*,#3199,.F.);
#4659=ORIENTED_EDGE('',*,*,#3203,.F.);
#4660=ORIENTED_EDGE('',*,*,#3206,.F.);
#4661=ORIENTED_EDGE('',*,*,#3197,.F.);
#4662=ORIENTED_EDGE('',*,*,#3207,.F.);
#4663=ORIENTED_EDGE('',*,*,#3204,.F.);
#4664=ORIENTED_EDGE('',*,*,#3201,.F.);
#4665=ORIENTED_EDGE('',*,*,#2931,.T.);
#4666=ORIENTED_EDGE('',*,*,#2878,.F.);
#4667=ORIENTED_EDGE('',*,*,#2933,.T.);
#4668=ORIENTED_EDGE('',*,*,#2975,.T.);
#4669=ORIENTED_EDGE('',*,*,#3192,.F.);
#4670=ORIENTED_EDGE('',*,*,#2922,.F.);
#4671=ORIENTED_EDGE('',*,*,#3193,.T.);
#4672=ORIENTED_EDGE('',*,*,#2919,.F.);
#4673=ORIENTED_EDGE('',*,*,#3194,.T.);
#4674=ORIENTED_EDGE('',*,*,#2908,.F.);
#4675=ORIENTED_EDGE('',*,*,#3195,.T.);
#4676=ORIENTED_EDGE('',*,*,#2896,.F.);
#4677=ORIENTED_EDGE('',*,*,#3196,.T.);
#4678=ORIENTED_EDGE('',*,*,#2887,.F.);
#4679=PLANE('',#5202);
#4680=PLANE('',#5203);
#4681=PLANE('',#5204);
#4682=PLANE('',#5205);
#4683=PLANE('',#5206);
#4684=PLANE('',#5207);
#4685=PLANE('',#5208);
#4686=PLANE('',#5209);
#4687=PLANE('',#5210);
#4688=PLANE('',#5211);
#4689=PLANE('',#5212);
#4690=PLANE('',#5226);
#4691=PLANE('',#5230);
#4692=PLANE('',#5234);
#4693=PLANE('',#5241);
#4694=PLANE('',#5242);
#4695=PLANE('',#5243);
#4696=PLANE('',#5250);
#4697=PLANE('',#5251);
#4698=PLANE('',#5252);
#4699=PLANE('',#5259);
#4700=PLANE('',#5260);
#4701=PLANE('',#5261);
#4702=PLANE('',#5262);
#4703=PLANE('',#5263);
#4704=PLANE('',#5264);
#4705=PLANE('',#5265);
#4706=PLANE('',#5266);
#4707=PLANE('',#5267);
#4708=PLANE('',#5268);
#4709=PLANE('',#5269);
#4710=PLANE('',#5273);
#4711=PLANE('',#5305);
#4712=PLANE('',#5308);
#4713=PLANE('',#5311);
#4714=PLANE('',#5313);
#4715=PLANE('',#5319);
#4716=PLANE('',#5322);
#4717=PLANE('',#5324);
#4718=PLANE('',#5328);
#4719=PLANE('',#5331);
#4720=PLANE('',#5334);
#4721=PLANE('',#5336);
#4722=PLANE('',#5340);
#4723=PLANE('',#5343);
#4724=PLANE('',#5346);
#4725=PLANE('',#5349);
#4726=PLANE('',#5352);
#4727=PLANE('',#5355);
#4728=PLANE('',#5358);
#4729=PLANE('',#5360);
#4730=PLANE('',#5364);
#4731=PLANE('',#5367);
#4732=PLANE('',#5370);
#4733=PLANE('',#5372);
#4734=PLANE('',#5376);
#4735=PLANE('',#5379);
#4736=PLANE('',#5382);
#4737=PLANE('',#5384);
#4738=PLANE('',#5390);
#4739=PLANE('',#5393);
#4740=PLANE('',#5395);
#4741=PLANE('',#5397);
#4742=PLANE('',#5398);
#4743=PLANE('',#5399);
#4744=PLANE('',#5400);
#4745=PLANE('',#5401);
#4746=PLANE('',#5402);
#4747=PLANE('',#5403);
#4748=PLANE('',#5404);
#4749=PLANE('',#5405);
#4750=PLANE('',#5406);
#4751=PLANE('',#5407);
#4752=PLANE('',#5408);
#4753=PLANE('',#5413);
#4754=PLANE('',#5414);
#4755=PLANE('',#5419);
#4756=PLANE('',#5420);
#4757=PLANE('',#5423);
#4758=PLANE('',#5424);
#4759=PLANE('',#5425);
#4760=PLANE('',#5426);
#4761=PLANE('',#5427);
#4762=PLANE('',#5480);
#4763=PLANE('',#5481);
#4764=PLANE('',#5484);
#4765=PLANE('',#5492);
#4766=PLANE('',#5493);
#4767=PLANE('',#5494);
#4768=PLANE('',#5495);
#4769=PLANE('',#5580);
#4770=PLANE('',#5583);
#4771=PLANE('',#5586);
#4772=PLANE('',#5587);
#4773=PLANE('',#5588);
#4774=PLANE('',#5589);
#4775=PLANE('',#5590);
#4776=PLANE('',#5605);
#4777=PLANE('',#5606);
#4778=PLANE('',#5607);
#4779=PLANE('',#5680);
#4780=PLANE('',#5683);
#4781=PLANE('',#5686);
#4782=PLANE('',#5687);
#4783=PLANE('',#5688);
#4784=PLANE('',#5689);
#4785=PLANE('',#5695);
#4786=PLANE('',#5696);
#4787=PLANE('',#5697);
#4788=PLANE('',#5698);
#4789=PLANE('',#5699);
#4790=PLANE('',#5700);
#4791=PLANE('',#5701);
#4792=PLANE('',#5702);
#4793=PLANE('',#5703);
#4794=PLANE('',#5704);
#4795=PLANE('',#5705);
#4796=PLANE('',#5706);
#4797=PLANE('',#5707);
#4798=PLANE('',#5708);
#4799=PLANE('',#5709);
#4800=PLANE('',#5710);
#4801=STYLED_ITEM('',(#5141),#4806);
#4802=STYLED_ITEM('',(#5141),#4831);
#4803=STYLED_ITEM('',(#5140),#78);
#4804=STYLED_ITEM('',(#5142),#79);
#4805=STYLED_ITEM('',(#5143),#80);
#4806=ADVANCED_FACE('',(#469),#4679,.F.);
#4807=ADVANCED_FACE('',(#470),#4680,.T.);
#4808=ADVANCED_FACE('',(#471),#454,.T.);
#4809=ADVANCED_FACE('',(#472),#455,.T.);
#4810=ADVANCED_FACE('',(#473),#456,.T.);
#4811=ADVANCED_FACE('',(#474),#457,.T.);
#4812=ADVANCED_FACE('',(#475),#458,.T.);
#4813=ADVANCED_FACE('',(#476),#459,.T.);
#4814=ADVANCED_FACE('',(#477),#4681,.T.);
#4815=ADVANCED_FACE('',(#478),#460,.T.);
#4816=ADVANCED_FACE('',(#479),#461,.T.);
#4817=ADVANCED_FACE('',(#480),#462,.T.);
#4818=ADVANCED_FACE('',(#481),#463,.T.);
#4819=ADVANCED_FACE('',(#482),#4682,.T.);
#4820=ADVANCED_FACE('',(#483),#4683,.T.);
#4821=ADVANCED_FACE('',(#484),#464,.T.);
#4822=ADVANCED_FACE('',(#485),#465,.T.);
#4823=ADVANCED_FACE('',(#486),#466,.T.);
#4824=ADVANCED_FACE('',(#487),#467,.T.);
#4825=ADVANCED_FACE('',(#488),#4684,.T.);
#4826=ADVANCED_FACE('',(#489),#468,.T.);
#4827=ADVANCED_FACE('',(#490),#4685,.T.);
#4828=ADVANCED_FACE('',(#491),#4686,.T.);
#4829=ADVANCED_FACE('',(#492),#4687,.T.);
#4830=ADVANCED_FACE('',(#493),#4688,.T.);
#4831=ADVANCED_FACE('',(#494),#4689,.F.);
#4832=ADVANCED_FACE('',(#495),#441,.T.);
#4833=ADVANCED_FACE('',(#496),#97,.T.);
#4834=ADVANCED_FACE('',(#497),#442,.T.);
#4835=ADVANCED_FACE('',(#498),#98,.T.);
#4836=ADVANCED_FACE('',(#499),#99,.T.);
#4837=ADVANCED_FACE('',(#500,#81),#4690,.F.);
#4838=ADVANCED_FACE('',(#501),#100,.T.);
#4839=ADVANCED_FACE('',(#502,#82),#4691,.F.);
#4840=ADVANCED_FACE('',(#503),#101,.T.);
#4841=ADVANCED_FACE('',(#504),#4692,.F.);
#4842=ADVANCED_FACE('',(#505),#102,.T.);
#4843=ADVANCED_FACE('',(#506),#103,.T.);
#4844=ADVANCED_FACE('',(#507),#4693,.T.);
#4845=ADVANCED_FACE('',(#508),#4694,.T.);
#4846=ADVANCED_FACE('',(#509),#4695,.F.);
#4847=ADVANCED_FACE('',(#510),#104,.T.);
#4848=ADVANCED_FACE('',(#511),#105,.T.);
#4849=ADVANCED_FACE('',(#512),#4696,.T.);
#4850=ADVANCED_FACE('',(#513),#4697,.T.);
#4851=ADVANCED_FACE('',(#514),#4698,.F.);
#4852=ADVANCED_FACE('',(#515),#106,.T.);
#4853=ADVANCED_FACE('',(#516),#107,.T.);
#4854=ADVANCED_FACE('',(#517),#4699,.T.);
#4855=ADVANCED_FACE('',(#518),#4700,.T.);
#4856=ADVANCED_FACE('',(#519),#4701,.F.);
#4857=ADVANCED_FACE('',(#520),#4702,.F.);
#4858=ADVANCED_FACE('',(#521),#4703,.F.);
#4859=ADVANCED_FACE('',(#522),#4704,.F.);
#4860=ADVANCED_FACE('',(#523),#4705,.F.);
#4861=ADVANCED_FACE('',(#524),#4706,.F.);
#4862=ADVANCED_FACE('',(#525),#4707,.F.);
#4863=ADVANCED_FACE('',(#526),#4708,.F.);
#4864=ADVANCED_FACE('',(#527),#4709,.F.);
#4865=ADVANCED_FACE('',(#528),#108,.T.);
#4866=ADVANCED_FACE('',(#529,#83,#84,#85,#86,#87,#88,#89,#90,#91,#92),#4710,
 .F.);
#4867=ADVANCED_FACE('',(#530),#4711,.T.);
#4868=ADVANCED_FACE('',(#531),#109,.F.);
#4869=ADVANCED_FACE('',(#532),#4712,.F.);
#4870=ADVANCED_FACE('',(#533),#4713,.F.);
#4871=ADVANCED_FACE('',(#534),#110,.F.);
#4872=ADVANCED_FACE('',(#535),#4714,.F.);
#4873=ADVANCED_FACE('',(#536),#111,.T.);
#4874=ADVANCED_FACE('',(#537),#112,.T.);
#4875=ADVANCED_FACE('',(#538),#113,.F.);
#4876=ADVANCED_FACE('',(#539),#4715,.T.);
#4877=ADVANCED_FACE('',(#540),#4716,.T.);
#4878=ADVANCED_FACE('',(#541),#114,.F.);
#4879=ADVANCED_FACE('',(#542),#4717,.T.);
#4880=ADVANCED_FACE('',(#543),#115,.T.);
#4881=ADVANCED_FACE('',(#544),#116,.T.);
#4882=ADVANCED_FACE('',(#545),#4718,.F.);
#4883=ADVANCED_FACE('',(#546),#117,.F.);
#4884=ADVANCED_FACE('',(#547),#4719,.F.);
#4885=ADVANCED_FACE('',(#548),#4720,.F.);
#4886=ADVANCED_FACE('',(#549),#118,.T.);
#4887=ADVANCED_FACE('',(#550),#4721,.F.);
#4888=ADVANCED_FACE('',(#551),#119,.F.);
#4889=ADVANCED_FACE('',(#552),#120,.F.);
#4890=ADVANCED_FACE('',(#553),#4722,.T.);
#4891=ADVANCED_FACE('',(#554),#121,.T.);
#4892=ADVANCED_FACE('',(#555),#4723,.T.);
#4893=ADVANCED_FACE('',(#556),#122,.T.);
#4894=ADVANCED_FACE('',(#557),#4724,.T.);
#4895=ADVANCED_FACE('',(#558),#123,.F.);
#4896=ADVANCED_FACE('',(#559),#4725,.T.);
#4897=ADVANCED_FACE('',(#560),#124,.T.);
#4898=ADVANCED_FACE('',(#561),#4726,.F.);
#4899=ADVANCED_FACE('',(#562),#125,.F.);
#4900=ADVANCED_FACE('',(#563),#4727,.F.);
#4901=ADVANCED_FACE('',(#564),#4728,.F.);
#4902=ADVANCED_FACE('',(#565),#126,.T.);
#4903=ADVANCED_FACE('',(#566),#4729,.F.);
#4904=ADVANCED_FACE('',(#567),#127,.F.);
#4905=ADVANCED_FACE('',(#568),#128,.T.);
#4906=ADVANCED_FACE('',(#569),#4730,.T.);
#4907=ADVANCED_FACE('',(#570),#129,.F.);
#4908=ADVANCED_FACE('',(#571),#4731,.T.);
#4909=ADVANCED_FACE('',(#572),#4732,.T.);
#4910=ADVANCED_FACE('',(#573),#130,.T.);
#4911=ADVANCED_FACE('',(#574),#4733,.T.);
#4912=ADVANCED_FACE('',(#575),#131,.F.);
#4913=ADVANCED_FACE('',(#576),#132,.T.);
#4914=ADVANCED_FACE('',(#577),#4734,.T.);
#4915=ADVANCED_FACE('',(#578),#133,.F.);
#4916=ADVANCED_FACE('',(#579),#4735,.F.);
#4917=ADVANCED_FACE('',(#580),#134,.F.);
#4918=ADVANCED_FACE('',(#581),#4736,.F.);
#4919=ADVANCED_FACE('',(#582),#4737,.F.);
#4920=ADVANCED_FACE('',(#583),#135,.T.);
#4921=ADVANCED_FACE('',(#584),#136,.T.);
#4922=ADVANCED_FACE('',(#585),#137,.F.);
#4923=ADVANCED_FACE('',(#586),#4738,.T.);
#4924=ADVANCED_FACE('',(#587),#138,.F.);
#4925=ADVANCED_FACE('',(#588),#4739,.T.);
#4926=ADVANCED_FACE('',(#589),#4740,.T.);
#4927=ADVANCED_FACE('',(#590),#139,.T.);
#4928=ADVANCED_FACE('',(#591),#4741,.T.);
#4929=ADVANCED_FACE('',(#592),#4742,.T.);
#4930=ADVANCED_FACE('',(#593),#4743,.T.);
#4931=ADVANCED_FACE('',(#594),#4744,.F.);
#4932=ADVANCED_FACE('',(#595),#4745,.F.);
#4933=ADVANCED_FACE('',(#596),#4746,.T.);
#4934=ADVANCED_FACE('',(#597),#4747,.F.);
#4935=ADVANCED_FACE('',(#598),#4748,.F.);
#4936=ADVANCED_FACE('',(#599),#4749,.F.);
#4937=ADVANCED_FACE('',(#600),#4750,.F.);
#4938=ADVANCED_FACE('',(#601,#93,#94),#4751,.T.);
#4939=ADVANCED_FACE('',(#602,#95),#4752,.T.);
#4940=ADVANCED_FACE('',(#603),#140,.T.);
#4941=ADVANCED_FACE('',(#604),#4753,.T.);
#4942=ADVANCED_FACE('',(#605),#4754,.F.);
#4943=ADVANCED_FACE('',(#606),#141,.T.);
#4944=ADVANCED_FACE('',(#607),#4755,.T.);
#4945=ADVANCED_FACE('',(#608),#4756,.T.);
#4946=ADVANCED_FACE('',(#609),#142,.T.);
#4947=ADVANCED_FACE('',(#610),#4757,.T.);
#4948=ADVANCED_FACE('',(#611),#4758,.T.);
#4949=ADVANCED_FACE('',(#612),#4759,.T.);
#4950=ADVANCED_FACE('',(#613),#4760,.T.);
#4951=ADVANCED_FACE('',(#614),#4761,.T.);
#4952=ADVANCED_FACE('',(#615),#443,.T.);
#4953=ADVANCED_FACE('',(#616),#64,.T.);
#4954=ADVANCED_FACE('',(#617),#143,.T.);
#4955=ADVANCED_FACE('',(#618),#144,.T.);
#4956=ADVANCED_FACE('',(#619),#47,.F.);
#4957=ADVANCED_FACE('',(#620),#145,.T.);
#4958=ADVANCED_FACE('',(#621),#146,.T.);
#4959=ADVANCED_FACE('',(#622),#48,.F.);
#4960=ADVANCED_FACE('',(#623),#147,.T.);
#4961=ADVANCED_FACE('',(#624),#148,.T.);
#4962=ADVANCED_FACE('',(#625),#444,.T.);
#4963=ADVANCED_FACE('',(#626),#49,.F.);
#4964=ADVANCED_FACE('',(#627),#149,.T.);
#4965=ADVANCED_FACE('',(#628),#150,.T.);
#4966=ADVANCED_FACE('',(#629),#50,.F.);
#4967=ADVANCED_FACE('',(#630),#151,.T.);
#4968=ADVANCED_FACE('',(#631),#152,.T.);
#4969=ADVANCED_FACE('',(#632),#153,.T.);
#4970=ADVANCED_FACE('',(#633),#154,.T.);
#4971=ADVANCED_FACE('',(#634),#155,.T.);
#4972=ADVANCED_FACE('',(#635),#65,.T.);
#4973=ADVANCED_FACE('',(#636),#4762,.T.);
#4974=ADVANCED_FACE('',(#637),#4763,.F.);
#4975=ADVANCED_FACE('',(#638),#156,.F.);
#4976=ADVANCED_FACE('',(#639),#4764,.F.);
#4977=ADVANCED_FACE('',(#640),#157,.F.);
#4978=ADVANCED_FACE('',(#641),#158,.F.);
#4979=ADVANCED_FACE('',(#642),#159,.F.);
#4980=ADVANCED_FACE('',(#643),#160,.F.);
#4981=ADVANCED_FACE('',(#644),#4765,.T.);
#4982=ADVANCED_FACE('',(#645),#4766,.T.);
#4983=ADVANCED_FACE('',(#646),#4767,.T.);
#4984=ADVANCED_FACE('',(#647),#4768,.T.);
#4985=ADVANCED_FACE('',(#648),#445,.T.);
#4986=ADVANCED_FACE('',(#649),#51,.F.);
#4987=ADVANCED_FACE('',(#650),#446,.T.);
#4988=ADVANCED_FACE('',(#651),#161,.T.);
#4989=ADVANCED_FACE('',(#652),#52,.F.);
#4990=ADVANCED_FACE('',(#653),#53,.F.);
#4991=ADVANCED_FACE('',(#654),#162,.T.);
#4992=ADVANCED_FACE('',(#655),#163,.T.);
#4993=ADVANCED_FACE('',(#656),#447,.T.);
#4994=ADVANCED_FACE('',(#657),#66,.T.);
#4995=ADVANCED_FACE('',(#658),#164,.T.);
#4996=ADVANCED_FACE('',(#659),#54,.F.);
#4997=ADVANCED_FACE('',(#660),#55,.F.);
#4998=ADVANCED_FACE('',(#661),#165,.T.);
#4999=ADVANCED_FACE('',(#662),#166,.T.);
#5000=ADVANCED_FACE('',(#663),#56,.F.);
#5001=ADVANCED_FACE('',(#664),#448,.T.);
#5002=ADVANCED_FACE('',(#665),#57,.F.);
#5003=ADVANCED_FACE('',(#666),#167,.T.);
#5004=ADVANCED_FACE('',(#667),#168,.T.);
#5005=ADVANCED_FACE('',(#668),#58,.F.);
#5006=ADVANCED_FACE('',(#669),#169,.T.);
#5007=ADVANCED_FACE('',(#670),#170,.T.);
#5008=ADVANCED_FACE('',(#671),#171,.T.);
#5009=ADVANCED_FACE('',(#672),#172,.T.);
#5010=ADVANCED_FACE('',(#673),#173,.T.);
#5011=ADVANCED_FACE('',(#674),#67,.T.);
#5012=ADVANCED_FACE('',(#675),#174,.T.);
#5013=ADVANCED_FACE('',(#676),#175,.T.);
#5014=ADVANCED_FACE('',(#677),#176,.T.);
#5015=ADVANCED_FACE('',(#678),#177,.T.);
#5016=ADVANCED_FACE('',(#679),#68,.T.);
#5017=ADVANCED_FACE('',(#680),#178,.T.);
#5018=ADVANCED_FACE('',(#681),#179,.T.);
#5019=ADVANCED_FACE('',(#682),#180,.T.);
#5020=ADVANCED_FACE('',(#683),#69,.T.);
#5021=ADVANCED_FACE('',(#684),#4769,.F.);
#5022=ADVANCED_FACE('',(#685),#181,.F.);
#5023=ADVANCED_FACE('',(#686),#4770,.F.);
#5024=ADVANCED_FACE('',(#687),#182,.F.);
#5025=ADVANCED_FACE('',(#688),#4771,.T.);
#5026=ADVANCED_FACE('',(#689),#4772,.T.);
#5027=ADVANCED_FACE('',(#690),#4773,.T.);
#5028=ADVANCED_FACE('',(#691),#4774,.T.);
#5029=ADVANCED_FACE('',(#692),#4775,.T.);
#5030=ADVANCED_FACE('',(#693),#183,.F.);
#5031=ADVANCED_FACE('',(#694),#184,.F.);
#5032=ADVANCED_FACE('',(#695),#185,.F.);
#5033=ADVANCED_FACE('',(#696),#186,.F.);
#5034=ADVANCED_FACE('',(#697),#187,.F.);
#5035=ADVANCED_FACE('',(#698),#188,.F.);
#5036=ADVANCED_FACE('',(#699),#189,.F.);
#5037=ADVANCED_FACE('',(#700),#190,.F.);
#5038=ADVANCED_FACE('',(#701),#4776,.T.);
#5039=ADVANCED_FACE('',(#702),#4777,.T.);
#5040=ADVANCED_FACE('',(#703),#4778,.T.);
#5041=ADVANCED_FACE('',(#704),#59,.F.);
#5042=ADVANCED_FACE('',(#705),#60,.F.);
#5043=ADVANCED_FACE('',(#706),#449,.T.);
#5044=ADVANCED_FACE('',(#707),#191,.T.);
#5045=ADVANCED_FACE('',(#708),#450,.T.);
#5046=ADVANCED_FACE('',(#709),#192,.T.);
#5047=ADVANCED_FACE('',(#710),#451,.T.);
#5048=ADVANCED_FACE('',(#711),#193,.T.);
#5049=ADVANCED_FACE('',(#712),#194,.T.);
#5050=ADVANCED_FACE('',(#713),#61,.F.);
#5051=ADVANCED_FACE('',(#714),#195,.T.);
#5052=ADVANCED_FACE('',(#715),#196,.T.);
#5053=ADVANCED_FACE('',(#716),#62,.F.);
#5054=ADVANCED_FACE('',(#717),#197,.T.);
#5055=ADVANCED_FACE('',(#718),#452,.T.);
#5056=ADVANCED_FACE('',(#719),#198,.T.);
#5057=ADVANCED_FACE('',(#720),#453,.T.);
#5058=ADVANCED_FACE('',(#721),#70,.T.);
#5059=ADVANCED_FACE('',(#722),#199,.T.);
#5060=ADVANCED_FACE('',(#723),#63,.F.);
#5061=ADVANCED_FACE('',(#724),#200,.T.);
#5062=ADVANCED_FACE('',(#725),#201,.T.);
#5063=ADVANCED_FACE('',(#726),#202,.T.);
#5064=ADVANCED_FACE('',(#727),#203,.T.);
#5065=ADVANCED_FACE('',(#728),#204,.T.);
#5066=ADVANCED_FACE('',(#729),#205,.T.);
#5067=ADVANCED_FACE('',(#730),#206,.T.);
#5068=ADVANCED_FACE('',(#731),#207,.T.);
#5069=ADVANCED_FACE('',(#732),#208,.T.);
#5070=ADVANCED_FACE('',(#733),#209,.T.);
#5071=ADVANCED_FACE('',(#734),#71,.T.);
#5072=ADVANCED_FACE('',(#735),#210,.T.);
#5073=ADVANCED_FACE('',(#736),#4779,.T.);
#5074=ADVANCED_FACE('',(#737),#211,.F.);
#5075=ADVANCED_FACE('',(#738),#4780,.F.);
#5076=ADVANCED_FACE('',(#739),#212,.F.);
#5077=ADVANCED_FACE('',(#740),#4781,.T.);
#5078=ADVANCED_FACE('',(#741),#4782,.T.);
#5079=ADVANCED_FACE('',(#742),#4783,.T.);
#5080=ADVANCED_FACE('',(#743),#4784,.T.);
#5081=ADVANCED_FACE('',(#744),#213,.F.);
#5082=ADVANCED_FACE('',(#745),#214,.F.);
#5083=ADVANCED_FACE('',(#746),#215,.F.);
#5084=ADVANCED_FACE('',(#747),#4785,.F.);
#5085=ADVANCED_FACE('',(#748),#4786,.F.);
#5086=ADVANCED_FACE('',(#749),#4787,.F.);
#5087=ADVANCED_FACE('',(#750),#4788,.F.);
#5088=ADVANCED_FACE('',(#751),#4789,.T.);
#5089=ADVANCED_FACE('',(#752),#4790,.T.);
#5090=ADVANCED_FACE('',(#753),#4791,.T.);
#5091=ADVANCED_FACE('',(#754),#4792,.T.);
#5092=ADVANCED_FACE('',(#755),#4793,.F.);
#5093=ADVANCED_FACE('',(#756),#4794,.T.);
#5094=ADVANCED_FACE('',(#757),#4795,.T.);
#5095=ADVANCED_FACE('',(#758),#4796,.T.);
#5096=ADVANCED_FACE('',(#759),#4797,.T.);
#5097=ADVANCED_FACE('',(#760),#4798,.T.);
#5098=ADVANCED_FACE('',(#761),#4799,.F.);
#5099=ADVANCED_FACE('',(#762,#96),#4800,.T.);
#5100=CLOSED_SHELL('',(#4806,#4807,#4808,#4809,#4810,#4811,#4812,#4813,
#4814,#4815,#4816,#4817,#4818,#4819,#4820,#4821,#4822,#4823,#4824,#4825,
#4826,#4827,#4828,#4829,#4830,#4831,#4832,#4833,#4834,#4835,#4836,#4837,
#4838,#4839,#4840,#4841,#4842,#4843,#4844,#4845,#4846,#4847,#4848,#4849,
#4850,#4851,#4852,#4853,#4854,#4855,#4856,#4857,#4858,#4859,#4860,#4861,
#4862,#4863,#4864,#4865,#4866,#4867,#4868,#4869,#4870,#4871,#4872,#4873,
#4874,#4875,#4876,#4877,#4878,#4879,#4880,#4881,#4882,#4883,#4884,#4885,
#4886,#4887,#4888,#4889,#4890,#4891,#4892,#4893,#4894,#4895,#4896,#4897,
#4898,#4899,#4900,#4901,#4902,#4903,#4904,#4905,#4906,#4907,#4908,#4909,
#4910,#4911,#4912,#4913,#4914,#4915,#4916,#4917,#4918,#4919,#4920,#4921,
#4922,#4923,#4924,#4925,#4926,#4927,#4928,#4929,#4930,#4931,#4932,#4933,
#4934,#4935,#4936,#4937,#4938,#4939));
#5101=CLOSED_SHELL('',(#4940,#4941,#4942,#4943,#4944,#4945,#4946,#4947,
#4948,#4949,#4950,#4951));
#5102=CLOSED_SHELL('',(#4952,#4953,#4954,#4955,#4956,#4957,#4958,#4959,
#4960,#4961,#4962,#4963,#4964,#4965,#4966,#4967,#4968,#4969,#4970,#4971,
#4972,#4973,#4974,#4975,#4976,#4977,#4978,#4979,#4980,#4981,#4982,#4983,
#4984,#4985,#4986,#4987,#4988,#4989,#4990,#4991,#4992,#4993,#4994,#4995,
#4996,#4997,#4998,#4999,#5000,#5001,#5002,#5003,#5004,#5005,#5006,#5007,
#5008,#5009,#5010,#5011,#5012,#5013,#5014,#5015,#5016,#5017,#5018,#5019,
#5020,#5021,#5022,#5023,#5024,#5025,#5026,#5027,#5028,#5029,#5030,#5031,
#5032,#5033,#5034,#5035,#5036,#5037,#5038,#5039,#5040,#5041,#5042,#5043,
#5044,#5045,#5046,#5047,#5048,#5049,#5050,#5051,#5052,#5053,#5054,#5055,
#5056,#5057,#5058,#5059,#5060,#5061,#5062,#5063,#5064,#5065,#5066,#5067,
#5068,#5069,#5070,#5071,#5072,#5073,#5074,#5075,#5076,#5077,#5078,#5079,
#5080,#5081,#5082,#5083,#5084,#5085,#5086,#5087,#5088,#5089,#5090,#5091,
#5092,#5093,#5094,#5095,#5096,#5097,#5098,#5099));
#5103=DERIVED_UNIT_ELEMENT(#5110,1.);
#5104=DERIVED_UNIT_ELEMENT(#9114,-3.);
#5105=DERIVED_UNIT_ELEMENT(#5110,1.);
#5106=DERIVED_UNIT_ELEMENT(#9114,-3.);
#5107=DERIVED_UNIT_ELEMENT(#5110,1.);
#5108=DERIVED_UNIT_ELEMENT(#9114,-3.);
#5109=DIMENSIONAL_EXPONENTS(1.,0.,0.,0.,0.,0.,0.);
#5110=(
CONVERSION_BASED_UNIT('gram',#5112)
MASS_UNIT()
NAMED_UNIT(#5109)
);
#5111=(
MASS_UNIT()
NAMED_UNIT(*)
SI_UNIT(.KILO.,.GRAM.)
);
#5112=MASS_MEASURE_WITH_UNIT(MASS_MEASURE(0.001),#5111);
#5113=DERIVED_UNIT((#5103,#5104));
#5114=DERIVED_UNIT((#5105,#5106));
#5115=DERIVED_UNIT((#5107,#5108));
#5116=MEASURE_REPRESENTATION_ITEM('density measure',
POSITIVE_RATIO_MEASURE(1.425),#5113);
#5117=MEASURE_REPRESENTATION_ITEM('density measure',
POSITIVE_RATIO_MEASURE(1.),#5114);
#5118=MEASURE_REPRESENTATION_ITEM('density measure',
POSITIVE_RATIO_MEASURE(1.425),#5115);
#5119=PROPERTY_DEFINITION_REPRESENTATION(#5134,#5125);
#5120=PROPERTY_DEFINITION_REPRESENTATION(#5135,#5126);
#5121=PROPERTY_DEFINITION_REPRESENTATION(#5136,#5127);
#5122=PROPERTY_DEFINITION_REPRESENTATION(#5137,#5128);
#5123=PROPERTY_DEFINITION_REPRESENTATION(#5138,#5129);
#5124=PROPERTY_DEFINITION_REPRESENTATION(#5139,#5130);
#5125=REPRESENTATION('material name',(#5131),#9109);
#5126=REPRESENTATION('density',(#5116),#9109);
#5127=REPRESENTATION('material name',(#5132),#9110);
#5128=REPRESENTATION('density',(#5117),#9110);
#5129=REPRESENTATION('material name',(#5133),#9111);
#5130=REPRESENTATION('density',(#5118),#9111);
#5131=DESCRIPTIVE_REPRESENTATION_ITEM('Acetal Resin, Black',
'Acetal Resin, Black');
#5132=DESCRIPTIVE_REPRESENTATION_ITEM('Generic','Generic');
#5133=DESCRIPTIVE_REPRESENTATION_ITEM('Acetal Resin, Black',
'Acetal Resin, Black');
#5134=PROPERTY_DEFINITION('material property','material name',#9135);
#5135=PROPERTY_DEFINITION('material property','density of part',#9135);
#5136=PROPERTY_DEFINITION('material property','material name',#9136);
#5137=PROPERTY_DEFINITION('material property','density of part',#9136);
#5138=PROPERTY_DEFINITION('material property','material name',#9137);
#5139=PROPERTY_DEFINITION('material property','density of part',#9137);
#5140=PRESENTATION_STYLE_ASSIGNMENT((#5144));
#5141=PRESENTATION_STYLE_ASSIGNMENT((#5145));
#5142=PRESENTATION_STYLE_ASSIGNMENT((#5146));
#5143=PRESENTATION_STYLE_ASSIGNMENT((#5147));
#5144=SURFACE_STYLE_USAGE(.BOTH.,#5156);
#5145=SURFACE_STYLE_USAGE(.BOTH.,#5157);
#5146=SURFACE_STYLE_USAGE(.BOTH.,#5158);
#5147=SURFACE_STYLE_USAGE(.BOTH.,#5159);
#5148=SURFACE_STYLE_RENDERING_WITH_PROPERTIES($,#5172,(#5152));
#5149=SURFACE_STYLE_RENDERING_WITH_PROPERTIES($,#5173,(#5153));
#5150=SURFACE_STYLE_RENDERING_WITH_PROPERTIES($,#5174,(#5154));
#5151=SURFACE_STYLE_RENDERING_WITH_PROPERTIES($,#5175,(#5155));
#5152=SURFACE_STYLE_TRANSPARENT(0.);
#5153=SURFACE_STYLE_TRANSPARENT(0.);
#5154=SURFACE_STYLE_TRANSPARENT(0.);
#5155=SURFACE_STYLE_TRANSPARENT(0.);
#5156=SURFACE_SIDE_STYLE('',(#5160,#5148));
#5157=SURFACE_SIDE_STYLE('',(#5161,#5149));
#5158=SURFACE_SIDE_STYLE('',(#5162,#5150));
#5159=SURFACE_SIDE_STYLE('',(#5163,#5151));
#5160=SURFACE_STYLE_FILL_AREA(#5164);
#5161=SURFACE_STYLE_FILL_AREA(#5165);
#5162=SURFACE_STYLE_FILL_AREA(#5166);
#5163=SURFACE_STYLE_FILL_AREA(#5167);
#5164=FILL_AREA_STYLE('',(#5168));
#5165=FILL_AREA_STYLE('',(#5169));
#5166=FILL_AREA_STYLE('',(#5170));
#5167=FILL_AREA_STYLE('',(#5171));
#5168=FILL_AREA_STYLE_COLOUR('',#5172);
#5169=FILL_AREA_STYLE_COLOUR('',#5173);
#5170=FILL_AREA_STYLE_COLOUR('',#5174);
#5171=FILL_AREA_STYLE_COLOUR('',#5175);
#5172=COLOUR_RGB('',0.270588235294118,0.270588235294118,0.270588235294118);
#5173=COLOUR_RGB('',0.705882352941177,0.705882352941177,0.705882352941177);
#5174=COLOUR_RGB('',0.949019607843137,0.925490196078431,0.933333333333333);
#5175=COLOUR_RGB('',1.,1.,1.);
#5176=DATE_TIME_ROLE('creation_date');
#5177=DATE_TIME_ROLE('creation_date');
#5178=DATE_TIME_ROLE('creation_date');
#5179=DATE_TIME_ROLE('creation_date');
#5180=APPLIED_DATE_AND_TIME_ASSIGNMENT(#5184,#5176,(#9134));
#5181=APPLIED_DATE_AND_TIME_ASSIGNMENT(#5185,#5177,(#9135));
#5182=APPLIED_DATE_AND_TIME_ASSIGNMENT(#5186,#5178,(#9136));
#5183=APPLIED_DATE_AND_TIME_ASSIGNMENT(#5187,#5179,(#9137));
#5184=DATE_AND_TIME(#5188,#5192);
#5185=DATE_AND_TIME(#5189,#5193);
#5186=DATE_AND_TIME(#5190,#5194);
#5187=DATE_AND_TIME(#5191,#5195);
#5188=CALENDAR_DATE(2021,12,5);
#5189=CALENDAR_DATE(2012,6,2);
#5190=CALENDAR_DATE(2012,6,2);
#5191=CALENDAR_DATE(2012,6,2);
#5192=LOCAL_TIME(0,0,0.,#5196);
#5193=LOCAL_TIME(0,0,0.,#5197);
#5194=LOCAL_TIME(0,0,0.,#5198);
#5195=LOCAL_TIME(0,0,0.,#5199);
#5196=COORDINATED_UNIVERSAL_TIME_OFFSET(0,0,.BEHIND.);
#5197=COORDINATED_UNIVERSAL_TIME_OFFSET(0,0,.BEHIND.);
#5198=COORDINATED_UNIVERSAL_TIME_OFFSET(0,0,.BEHIND.);
#5199=COORDINATED_UNIVERSAL_TIME_OFFSET(0,0,.BEHIND.);
#5200=AXIS2_PLACEMENT_3D('placement',#7197,#5715,#5716);
#5201=AXIS2_PLACEMENT_3D('placement',#7198,#5717,#5718);
#5202=AXIS2_PLACEMENT_3D('',#7199,#5719,#5720);
#5203=AXIS2_PLACEMENT_3D('',#7309,#5725,#5726);
#5204=AXIS2_PLACEMENT_3D('',#7402,#5736,#5737);
#5205=AXIS2_PLACEMENT_3D('',#7456,#5744,#5745);
#5206=AXIS2_PLACEMENT_3D('',#7460,#5748,#5749);
#5207=AXIS2_PLACEMENT_3D('',#7529,#5756,#5757);
#5208=AXIS2_PLACEMENT_3D('',#7557,#5762,#5763);
#5209=AXIS2_PLACEMENT_3D('',#7563,#5767,#5768);
#5210=AXIS2_PLACEMENT_3D('',#7569,#5772,#5773);
#5211=AXIS2_PLACEMENT_3D('',#7575,#5777,#5778);
#5212=AXIS2_PLACEMENT_3D('',#7578,#5781,#5782);
#5213=AXIS2_PLACEMENT_3D('',#7579,#5783,#5784);
#5214=AXIS2_PLACEMENT_3D('',#7581,#5785,#5786);
#5215=AXIS2_PLACEMENT_3D('',#7583,#5787,#5788);
#5216=AXIS2_PLACEMENT_3D('',#7584,#5789,#5790);
#5217=AXIS2_PLACEMENT_3D('',#7587,#5792,#5793);
#5218=AXIS2_PLACEMENT_3D('',#7588,#5794,#5795);
#5219=AXIS2_PLACEMENT_3D('',#7590,#5796,#5797);
#5220=AXIS2_PLACEMENT_3D('',#7592,#5798,#5799);
#5221=AXIS2_PLACEMENT_3D('',#7593,#5800,#5801);
#5222=AXIS2_PLACEMENT_3D('',#7596,#5803,#5804);
#5223=AXIS2_PLACEMENT_3D('',#7597,#5805,#5806);
#5224=AXIS2_PLACEMENT_3D('',#7599,#5807,#5808);
#5225=AXIS2_PLACEMENT_3D('',#7602,#5810,#5811);
#5226=AXIS2_PLACEMENT_3D('',#7603,#5812,#5813);
#5227=AXIS2_PLACEMENT_3D('',#7604,#5814,#5815);
#5228=AXIS2_PLACEMENT_3D('',#7606,#5816,#5817);
#5229=AXIS2_PLACEMENT_3D('',#7609,#5819,#5820);
#5230=AXIS2_PLACEMENT_3D('',#7610,#5821,#5822);
#5231=AXIS2_PLACEMENT_3D('',#7611,#5823,#5824);
#5232=AXIS2_PLACEMENT_3D('',#7613,#5825,#5826);
#5233=AXIS2_PLACEMENT_3D('',#7616,#5828,#5829);
#5234=AXIS2_PLACEMENT_3D('',#7617,#5830,#5831);
#5235=AXIS2_PLACEMENT_3D('',#7618,#5832,#5833);
#5236=AXIS2_PLACEMENT_3D('',#7623,#5835,#5836);
#5237=AXIS2_PLACEMENT_3D('',#7626,#5838,#5839);
#5238=AXIS2_PLACEMENT_3D('',#7627,#5840,#5841);
#5239=AXIS2_PLACEMENT_3D('',#7632,#5843,#5844);
#5240=AXIS2_PLACEMENT_3D('',#7635,#5846,#5847);
#5241=AXIS2_PLACEMENT_3D('',#7636,#5848,#5849);
#5242=AXIS2_PLACEMENT_3D('',#7639,#5852,#5853);
#5243=AXIS2_PLACEMENT_3D('',#7642,#5856,#5857);
#5244=AXIS2_PLACEMENT_3D('',#7643,#5858,#5859);
#5245=AXIS2_PLACEMENT_3D('',#7648,#5861,#5862);
#5246=AXIS2_PLACEMENT_3D('',#7651,#5864,#5865);
#5247=AXIS2_PLACEMENT_3D('',#7652,#5866,#5867);
#5248=AXIS2_PLACEMENT_3D('',#7657,#5869,#5870);
#5249=AXIS2_PLACEMENT_3D('',#7660,#5872,#5873);
#5250=AXIS2_PLACEMENT_3D('',#7661,#5874,#5875);
#5251=AXIS2_PLACEMENT_3D('',#7664,#5878,#5879);
#5252=AXIS2_PLACEMENT_3D('',#7667,#5882,#5883);
#5253=AXIS2_PLACEMENT_3D('',#7668,#5884,#5885);
#5254=AXIS2_PLACEMENT_3D('',#7673,#5887,#5888);
#5255=AXIS2_PLACEMENT_3D('',#7676,#5890,#5891);
#5256=AXIS2_PLACEMENT_3D('',#7677,#5892,#5893);
#5257=AXIS2_PLACEMENT_3D('',#7682,#5895,#5896);
#5258=AXIS2_PLACEMENT_3D('',#7685,#5898,#5899);
#5259=AXIS2_PLACEMENT_3D('',#7686,#5900,#5901);
#5260=AXIS2_PLACEMENT_3D('',#7689,#5904,#5905);
#5261=AXIS2_PLACEMENT_3D('',#7692,#5908,#5909);
#5262=AXIS2_PLACEMENT_3D('',#7693,#5910,#5911);
#5263=AXIS2_PLACEMENT_3D('',#7702,#5916,#5917);
#5264=AXIS2_PLACEMENT_3D('',#7708,#5921,#5922);
#5265=AXIS2_PLACEMENT_3D('',#7714,#5926,#5927);
#5266=AXIS2_PLACEMENT_3D('',#7717,#5930,#5931);
#5267=AXIS2_PLACEMENT_3D('',#7726,#5936,#5937);
#5268=AXIS2_PLACEMENT_3D('',#7732,#5941,#5942);
#5269=AXIS2_PLACEMENT_3D('',#7738,#5946,#5947);
#5270=AXIS2_PLACEMENT_3D('',#7741,#5950,#5951);
#5271=AXIS2_PLACEMENT_3D('',#7744,#5952,#5953);
#5272=AXIS2_PLACEMENT_3D('',#7748,#5955,#5956);
#5273=AXIS2_PLACEMENT_3D('',#7750,#5958,#5959);
#5274=AXIS2_PLACEMENT_3D('',#7756,#5962,#5963);
#5275=AXIS2_PLACEMENT_3D('',#7760,#5965,#5966);
#5276=AXIS2_PLACEMENT_3D('',#7764,#5968,#5969);
#5277=AXIS2_PLACEMENT_3D('',#7768,#5971,#5972);
#5278=AXIS2_PLACEMENT_3D('',#7772,#5974,#5975);
#5279=AXIS2_PLACEMENT_3D('',#7776,#5977,#5978);
#5280=AXIS2_PLACEMENT_3D('',#7780,#5980,#5981);
#5281=AXIS2_PLACEMENT_3D('',#7784,#5983,#5984);
#5282=AXIS2_PLACEMENT_3D('',#7790,#5987,#5988);
#5283=AXIS2_PLACEMENT_3D('',#7794,#5990,#5991);
#5284=AXIS2_PLACEMENT_3D('',#7798,#5993,#5994);
#5285=AXIS2_PLACEMENT_3D('',#7802,#5996,#5997);
#5286=AXIS2_PLACEMENT_3D('',#7806,#5999,#6000);
#5287=AXIS2_PLACEMENT_3D('',#7810,#6002,#6003);
#5288=AXIS2_PLACEMENT_3D('',#7814,#6005,#6006);
#5289=AXIS2_PLACEMENT_3D('',#7818,#6008,#6009);
#5290=AXIS2_PLACEMENT_3D('',#7824,#6012,#6013);
#5291=AXIS2_PLACEMENT_3D('',#7828,#6015,#6016);
#5292=AXIS2_PLACEMENT_3D('',#7832,#6018,#6019);
#5293=AXIS2_PLACEMENT_3D('',#7836,#6021,#6022);
#5294=AXIS2_PLACEMENT_3D('',#7840,#6024,#6025);
#5295=AXIS2_PLACEMENT_3D('',#7844,#6027,#6028);
#5296=AXIS2_PLACEMENT_3D('',#7848,#6030,#6031);
#5297=AXIS2_PLACEMENT_3D('',#7852,#6033,#6034);
#5298=AXIS2_PLACEMENT_3D('',#7858,#6037,#6038);
#5299=AXIS2_PLACEMENT_3D('',#7862,#6040,#6041);
#5300=AXIS2_PLACEMENT_3D('',#7866,#6043,#6044);
#5301=AXIS2_PLACEMENT_3D('',#7870,#6046,#6047);
#5302=AXIS2_PLACEMENT_3D('',#7874,#6049,#6050);
#5303=AXIS2_PLACEMENT_3D('',#7878,#6052,#6053);
#5304=AXIS2_PLACEMENT_3D('',#7882,#6055,#6056);
#5305=AXIS2_PLACEMENT_3D('',#7884,#6058,#6059);
#5306=AXIS2_PLACEMENT_3D('',#7898,#6068,#6069);
#5307=AXIS2_PLACEMENT_3D('',#7901,#6070,#6071);
#5308=AXIS2_PLACEMENT_3D('',#7904,#6074,#6075);
#5309=AXIS2_PLACEMENT_3D('',#7908,#6077,#6078);
#5310=AXIS2_PLACEMENT_3D('',#7911,#6080,#6081);
#5311=AXIS2_PLACEMENT_3D('',#7913,#6083,#6084);
#5312=AXIS2_PLACEMENT_3D('',#7915,#6086,#6087);
#5313=AXIS2_PLACEMENT_3D('',#7917,#6089,#6090);
#5314=AXIS2_PLACEMENT_3D('',#7919,#6092,#6093);
#5315=AXIS2_PLACEMENT_3D('',#7920,#6094,#6095);
#5316=AXIS2_PLACEMENT_3D('',#7923,#6097,#6098);
#5317=AXIS2_PLACEMENT_3D('',#7924,#6099,#6100);
#5318=AXIS2_PLACEMENT_3D('',#7927,#6101,#6102);
#5319=AXIS2_PLACEMENT_3D('',#7930,#6105,#6106);
#5320=AXIS2_PLACEMENT_3D('',#7934,#6108,#6109);
#5321=AXIS2_PLACEMENT_3D('',#7937,#6111,#6112);
#5322=AXIS2_PLACEMENT_3D('',#7939,#6114,#6115);
#5323=AXIS2_PLACEMENT_3D('',#7941,#6117,#6118);
#5324=AXIS2_PLACEMENT_3D('',#7943,#6120,#6121);
#5325=AXIS2_PLACEMENT_3D('',#7945,#6123,#6124);
#5326=AXIS2_PLACEMENT_3D('',#7946,#6125,#6126);
#5327=AXIS2_PLACEMENT_3D('',#7950,#6128,#6129);
#5328=AXIS2_PLACEMENT_3D('',#7952,#6131,#6132);
#5329=AXIS2_PLACEMENT_3D('',#7956,#6135,#6136);
#5330=AXIS2_PLACEMENT_3D('',#7958,#6137,#6138);
#5331=AXIS2_PLACEMENT_3D('',#7960,#6140,#6141);
#5332=AXIS2_PLACEMENT_3D('',#7964,#6143,#6144);
#5333=AXIS2_PLACEMENT_3D('',#7968,#6146,#6147);
#5334=AXIS2_PLACEMENT_3D('',#7970,#6149,#6150);
#5335=AXIS2_PLACEMENT_3D('',#7972,#6152,#6153);
#5336=AXIS2_PLACEMENT_3D('',#7975,#6156,#6157);
#5337=AXIS2_PLACEMENT_3D('',#7977,#6159,#6160);
#5338=AXIS2_PLACEMENT_3D('',#7978,#6161,#6162);
#5339=AXIS2_PLACEMENT_3D('',#7981,#6163,#6164);
#5340=AXIS2_PLACEMENT_3D('',#7984,#6167,#6168);
#5341=AXIS2_PLACEMENT_3D('',#7988,#6171,#6172);
#5342=AXIS2_PLACEMENT_3D('',#7992,#6174,#6175);
#5343=AXIS2_PLACEMENT_3D('',#7994,#6177,#6178);
#5344=AXIS2_PLACEMENT_3D('',#8001,#6183,#6184);
#5345=AXIS2_PLACEMENT_3D('',#8004,#6186,#6187);
#5346=AXIS2_PLACEMENT_3D('',#8005,#6188,#6189);
#5347=AXIS2_PLACEMENT_3D('',#8009,#6192,#6193);
#5348=AXIS2_PLACEMENT_3D('',#8010,#6194,#6195);
#5349=AXIS2_PLACEMENT_3D('',#8011,#6196,#6197);
#5350=AXIS2_PLACEMENT_3D('',#8013,#6199,#6200);
#5351=AXIS2_PLACEMENT_3D('',#8017,#6202,#6203);
#5352=AXIS2_PLACEMENT_3D('',#8019,#6205,#6206);
#5353=AXIS2_PLACEMENT_3D('',#8023,#6209,#6210);
#5354=AXIS2_PLACEMENT_3D('',#8025,#6211,#6212);
#5355=AXIS2_PLACEMENT_3D('',#8027,#6214,#6215);
#5356=AXIS2_PLACEMENT_3D('',#8031,#6217,#6218);
#5357=AXIS2_PLACEMENT_3D('',#8035,#6220,#6221);
#5358=AXIS2_PLACEMENT_3D('',#8037,#6223,#6224);
#5359=AXIS2_PLACEMENT_3D('',#8039,#6226,#6227);
#5360=AXIS2_PLACEMENT_3D('',#8042,#6230,#6231);
#5361=AXIS2_PLACEMENT_3D('',#8044,#6233,#6234);
#5362=AXIS2_PLACEMENT_3D('',#8045,#6235,#6236);
#5363=AXIS2_PLACEMENT_3D('',#8049,#6238,#6239);
#5364=AXIS2_PLACEMENT_3D('',#8051,#6241,#6242);
#5365=AXIS2_PLACEMENT_3D('',#8055,#6245,#6246);
#5366=AXIS2_PLACEMENT_3D('',#8057,#6247,#6248);
#5367=AXIS2_PLACEMENT_3D('',#8059,#6250,#6251);
#5368=AXIS2_PLACEMENT_3D('',#8063,#6253,#6254);
#5369=AXIS2_PLACEMENT_3D('',#8067,#6256,#6257);
#5370=AXIS2_PLACEMENT_3D('',#8069,#6259,#6260);
#5371=AXIS2_PLACEMENT_3D('',#8071,#6262,#6263);
#5372=AXIS2_PLACEMENT_3D('',#8074,#6266,#6267);
#5373=AXIS2_PLACEMENT_3D('',#8076,#6269,#6270);
#5374=AXIS2_PLACEMENT_3D('',#8077,#6271,#6272);
#5375=AXIS2_PLACEMENT_3D('',#8081,#6274,#6275);
#5376=AXIS2_PLACEMENT_3D('',#8083,#6277,#6278);
#5377=AXIS2_PLACEMENT_3D('',#8095,#6286,#6287);
#5378=AXIS2_PLACEMENT_3D('',#8098,#6288,#6289);
#5379=AXIS2_PLACEMENT_3D('',#8101,#6292,#6293);
#5380=AXIS2_PLACEMENT_3D('',#8103,#6295,#6296);
#5381=AXIS2_PLACEMENT_3D('',#8106,#6297,#6298);
#5382=AXIS2_PLACEMENT_3D('',#8109,#6301,#6302);
#5383=AXIS2_PLACEMENT_3D('',#8113,#6305,#6306);
#5384=AXIS2_PLACEMENT_3D('',#8114,#6307,#6308);
#5385=AXIS2_PLACEMENT_3D('',#8116,#6310,#6311);
#5386=AXIS2_PLACEMENT_3D('',#8117,#6312,#6313);
#5387=AXIS2_PLACEMENT_3D('',#8120,#6315,#6316);
#5388=AXIS2_PLACEMENT_3D('',#8121,#6317,#6318);
#5389=AXIS2_PLACEMENT_3D('',#8124,#6319,#6320);
#5390=AXIS2_PLACEMENT_3D('',#8127,#6323,#6324);
#5391=AXIS2_PLACEMENT_3D('',#8129,#6326,#6327);
#5392=AXIS2_PLACEMENT_3D('',#8132,#6328,#6329);
#5393=AXIS2_PLACEMENT_3D('',#8135,#6332,#6333);
#5394=AXIS2_PLACEMENT_3D('',#8139,#6336,#6337);
#5395=AXIS2_PLACEMENT_3D('',#8140,#6338,#6339);
#5396=AXIS2_PLACEMENT_3D('',#8142,#6341,#6342);
#5397=AXIS2_PLACEMENT_3D('',#8143,#6343,#6344);
#5398=AXIS2_PLACEMENT_3D('',#8144,#6345,#6346);
#5399=AXIS2_PLACEMENT_3D('',#8145,#6347,#6348);
#5400=AXIS2_PLACEMENT_3D('',#8146,#6349,#6350);
#5401=AXIS2_PLACEMENT_3D('',#8147,#6351,#6352);
#5402=AXIS2_PLACEMENT_3D('',#8148,#6353,#6354);
#5403=AXIS2_PLACEMENT_3D('',#8150,#6356,#6357);
#5404=AXIS2_PLACEMENT_3D('',#8159,#6362,#6363);
#5405=AXIS2_PLACEMENT_3D('',#8165,#6367,#6368);
#5406=AXIS2_PLACEMENT_3D('',#8171,#6372,#6373);
#5407=AXIS2_PLACEMENT_3D('',#8174,#6376,#6377);
#5408=AXIS2_PLACEMENT_3D('',#8175,#6378,#6379);
#5409=AXIS2_PLACEMENT_3D('placement',#8176,#6380,#6381);
#5410=AXIS2_PLACEMENT_3D('',#8177,#6382,#6383);
#5411=AXIS2_PLACEMENT_3D('',#8180,#6384,#6385);
#5412=AXIS2_PLACEMENT_3D('',#8184,#6387,#6388);
#5413=AXIS2_PLACEMENT_3D('',#8186,#6390,#6391);
#5414=AXIS2_PLACEMENT_3D('',#8192,#6395,#6396);
#5415=AXIS2_PLACEMENT_3D('',#8200,#6400,#6401);
#5416=AXIS2_PLACEMENT_3D('',#8206,#6404,#6405);
#5417=AXIS2_PLACEMENT_3D('',#8208,#6407,#6408);
#5418=AXIS2_PLACEMENT_3D('',#8211,#6409,#6410);
#5419=AXIS2_PLACEMENT_3D('',#8214,#6413,#6414);
#5420=AXIS2_PLACEMENT_3D('',#8218,#6417,#6418);
#5421=AXIS2_PLACEMENT_3D('',#8224,#6422,#6423);
#5422=AXIS2_PLACEMENT_3D('',#8226,#6424,#6425);
#5423=AXIS2_PLACEMENT_3D('',#8228,#6427,#6428);
#5424=AXIS2_PLACEMENT_3D('',#8230,#6430,#6431);
#5425=AXIS2_PLACEMENT_3D('',#8234,#6434,#6435);
#5426=AXIS2_PLACEMENT_3D('',#8236,#6437,#6438);
#5427=AXIS2_PLACEMENT_3D('',#8238,#6440,#6441);
#5428=AXIS2_PLACEMENT_3D('placement',#8239,#6442,#6443);
#5429=AXIS2_PLACEMENT_3D('',#8240,#6444,#6445);
#5430=AXIS2_PLACEMENT_3D('',#8243,#6446,#6447);
#5431=AXIS2_PLACEMENT_3D('',#8245,#6448,#6449);
#5432=AXIS2_PLACEMENT_3D('',#8246,#6450,#6451);
#5433=AXIS2_PLACEMENT_3D('',#8247,#6452,#6453);
#5434=AXIS2_PLACEMENT_3D('',#8250,#6454,#6455);
#5435=AXIS2_PLACEMENT_3D('',#8252,#6456,#6457);
#5436=AXIS2_PLACEMENT_3D('',#8260,#6458,#6459);
#5437=AXIS2_PLACEMENT_3D('',#8261,#6460,#6461);
#5438=AXIS2_PLACEMENT_3D('',#8264,#6464,#6465);
#5439=AXIS2_PLACEMENT_3D('',#8267,#6466,#6467);
#5440=AXIS2_PLACEMENT_3D('',#8281,#6470,#6471);
#5441=AXIS2_PLACEMENT_3D('',#8283,#6472,#6473);
#5442=AXIS2_PLACEMENT_3D('',#8285,#6474,#6475);
#5443=AXIS2_PLACEMENT_3D('',#8286,#6476,#6477);
#5444=AXIS2_PLACEMENT_3D('',#8287,#6478,#6479);
#5445=AXIS2_PLACEMENT_3D('',#8290,#6482,#6483);
#5446=AXIS2_PLACEMENT_3D('',#8293,#6484,#6485);
#5447=AXIS2_PLACEMENT_3D('',#8307,#6488,#6489);
#5448=AXIS2_PLACEMENT_3D('',#8309,#6490,#6491);
#5449=AXIS2_PLACEMENT_3D('',#8311,#6492,#6493);
#5450=AXIS2_PLACEMENT_3D('',#8312,#6494,#6495);
#5451=AXIS2_PLACEMENT_3D('',#8313,#6496,#6497);
#5452=AXIS2_PLACEMENT_3D('',#8316,#6500,#6501);
#5453=AXIS2_PLACEMENT_3D('',#8319,#6502,#6503);
#5454=AXIS2_PLACEMENT_3D('',#8322,#6506,#6507);
#5455=AXIS2_PLACEMENT_3D('',#8325,#6508,#6509);
#5456=AXIS2_PLACEMENT_3D('',#8327,#6510,#6511);
#5457=AXIS2_PLACEMENT_3D('',#8328,#6512,#6513);
#5458=AXIS2_PLACEMENT_3D('',#8340,#6514,#6515);
#5459=AXIS2_PLACEMENT_3D('',#8342,#6516,#6517);
#5460=AXIS2_PLACEMENT_3D('',#8344,#6518,#6519);
#5461=AXIS2_PLACEMENT_3D('',#8345,#6520,#6521);
#5462=AXIS2_PLACEMENT_3D('',#8346,#6522,#6523);
#5463=AXIS2_PLACEMENT_3D('',#8349,#6526,#6527);
#5464=AXIS2_PLACEMENT_3D('',#8352,#6528,#6529);
#5465=AXIS2_PLACEMENT_3D('',#8366,#6532,#6533);
#5466=AXIS2_PLACEMENT_3D('',#8368,#6534,#6535);
#5467=AXIS2_PLACEMENT_3D('',#8370,#6536,#6537);
#5468=AXIS2_PLACEMENT_3D('',#8371,#6538,#6539);
#5469=AXIS2_PLACEMENT_3D('',#8372,#6540,#6541);
#5470=AXIS2_PLACEMENT_3D('',#8375,#6544,#6545);
#5471=AXIS2_PLACEMENT_3D('',#8378,#6548,#6549);
#5472=AXIS2_PLACEMENT_3D('',#8381,#6550,#6551);
#5473=AXIS2_PLACEMENT_3D('',#8384,#6554,#6555);
#5474=AXIS2_PLACEMENT_3D('',#8387,#6556,#6557);
#5475=AXIS2_PLACEMENT_3D('',#8390,#6560,#6561);
#5476=AXIS2_PLACEMENT_3D('',#8393,#6562,#6563);
#5477=AXIS2_PLACEMENT_3D('',#8396,#6566,#6567);
#5478=AXIS2_PLACEMENT_3D('',#8405,#6568,#6569);
#5479=AXIS2_PLACEMENT_3D('',#8406,#6570,#6571);
#5480=AXIS2_PLACEMENT_3D('',#8407,#6572,#6573);
#5481=AXIS2_PLACEMENT_3D('',#8409,#6575,#6576);
#5482=AXIS2_PLACEMENT_3D('',#8413,#6579,#6580);
#5483=AXIS2_PLACEMENT_3D('',#8417,#6582,#6583);
#5484=AXIS2_PLACEMENT_3D('',#8419,#6585,#6586);
#5485=AXIS2_PLACEMENT_3D('',#8427,#6591,#6592);
#5486=AXIS2_PLACEMENT_3D('',#8430,#6594,#6595);
#5487=AXIS2_PLACEMENT_3D('',#8431,#6596,#6597);
#5488=AXIS2_PLACEMENT_3D('',#8434,#6599,#6600);
#5489=AXIS2_PLACEMENT_3D('',#8435,#6601,#6602);
#5490=AXIS2_PLACEMENT_3D('',#8438,#6604,#6605);
#5491=AXIS2_PLACEMENT_3D('',#8439,#6606,#6607);
#5492=AXIS2_PLACEMENT_3D('',#8441,#6609,#6610);
#5493=AXIS2_PLACEMENT_3D('',#8447,#6614,#6615);
#5494=AXIS2_PLACEMENT_3D('',#8451,#6618,#6619);
#5495=AXIS2_PLACEMENT_3D('',#8455,#6622,#6623);
#5496=AXIS2_PLACEMENT_3D('',#8526,#6639,#6640);
#5497=AXIS2_PLACEMENT_3D('',#8529,#6641,#6642);
#5498=AXIS2_PLACEMENT_3D('',#8531,#6643,#6644);
#5499=AXIS2_PLACEMENT_3D('',#8532,#6645,#6646);
#5500=AXIS2_PLACEMENT_3D('',#8544,#6647,#6648);
#5501=AXIS2_PLACEMENT_3D('',#8546,#6649,#6650);
#5502=AXIS2_PLACEMENT_3D('',#8548,#6651,#6652);
#5503=AXIS2_PLACEMENT_3D('',#8549,#6653,#6654);
#5504=AXIS2_PLACEMENT_3D('',#8550,#6655,#6656);
#5505=AXIS2_PLACEMENT_3D('',#8553,#6657,#6658);
#5506=AXIS2_PLACEMENT_3D('',#8555,#6659,#6660);
#5507=AXIS2_PLACEMENT_3D('',#8556,#6661,#6662);
#5508=AXIS2_PLACEMENT_3D('',#8557,#6663,#6664);
#5509=AXIS2_PLACEMENT_3D('',#8571,#6667,#6668);
#5510=AXIS2_PLACEMENT_3D('',#8573,#6669,#6670);
#5511=AXIS2_PLACEMENT_3D('',#8575,#6671,#6672);
#5512=AXIS2_PLACEMENT_3D('',#8576,#6673,#6674);
#5513=AXIS2_PLACEMENT_3D('',#8588,#6675,#6676);
#5514=AXIS2_PLACEMENT_3D('',#8590,#6677,#6678);
#5515=AXIS2_PLACEMENT_3D('',#8592,#6679,#6680);
#5516=AXIS2_PLACEMENT_3D('',#8593,#6681,#6682);
#5517=AXIS2_PLACEMENT_3D('',#8594,#6683,#6684);
#5518=AXIS2_PLACEMENT_3D('',#8597,#6687,#6688);
#5519=AXIS2_PLACEMENT_3D('',#8600,#6691,#6692);
#5520=AXIS2_PLACEMENT_3D('',#8603,#6693,#6694);
#5521=AXIS2_PLACEMENT_3D('',#8605,#6695,#6696);
#5522=AXIS2_PLACEMENT_3D('',#8606,#6697,#6698);
#5523=AXIS2_PLACEMENT_3D('',#8607,#6699,#6700);
#5524=AXIS2_PLACEMENT_3D('',#8610,#6701,#6702);
#5525=AXIS2_PLACEMENT_3D('',#8611,#6703,#6704);
#5526=AXIS2_PLACEMENT_3D('',#8612,#6705,#6706);
#5527=AXIS2_PLACEMENT_3D('',#8613,#6707,#6708);
#5528=AXIS2_PLACEMENT_3D('',#8627,#6711,#6712);
#5529=AXIS2_PLACEMENT_3D('',#8629,#6713,#6714);
#5530=AXIS2_PLACEMENT_3D('',#8631,#6715,#6716);
#5531=AXIS2_PLACEMENT_3D('',#8632,#6717,#6718);
#5532=AXIS2_PLACEMENT_3D('',#8644,#6719,#6720);
#5533=AXIS2_PLACEMENT_3D('',#8646,#6721,#6722);
#5534=AXIS2_PLACEMENT_3D('',#8648,#6723,#6724);
#5535=AXIS2_PLACEMENT_3D('',#8649,#6725,#6726);
#5536=AXIS2_PLACEMENT_3D('',#8650,#6727,#6728);
#5537=AXIS2_PLACEMENT_3D('',#8653,#6731,#6732);
#5538=AXIS2_PLACEMENT_3D('',#8667,#6735,#6736);
#5539=AXIS2_PLACEMENT_3D('',#8669,#6737,#6738);
#5540=AXIS2_PLACEMENT_3D('',#8671,#6739,#6740);
#5541=AXIS2_PLACEMENT_3D('',#8672,#6741,#6742);
#5542=AXIS2_PLACEMENT_3D('',#8673,#6743,#6744);
#5543=AXIS2_PLACEMENT_3D('',#8676,#6745,#6746);
#5544=AXIS2_PLACEMENT_3D('',#8678,#6747,#6748);
#5545=AXIS2_PLACEMENT_3D('',#8679,#6749,#6750);
#5546=AXIS2_PLACEMENT_3D('',#8691,#6751,#6752);
#5547=AXIS2_PLACEMENT_3D('',#8693,#6753,#6754);
#5548=AXIS2_PLACEMENT_3D('',#8695,#6755,#6756);
#5549=AXIS2_PLACEMENT_3D('',#8696,#6757,#6758);
#5550=AXIS2_PLACEMENT_3D('',#8697,#6759,#6760);
#5551=AXIS2_PLACEMENT_3D('',#8700,#6763,#6764);
#5552=AXIS2_PLACEMENT_3D('',#8714,#6767,#6768);
#5553=AXIS2_PLACEMENT_3D('',#8716,#6769,#6770);
#5554=AXIS2_PLACEMENT_3D('',#8718,#6771,#6772);
#5555=AXIS2_PLACEMENT_3D('',#8719,#6773,#6774);
#5556=AXIS2_PLACEMENT_3D('',#8720,#6775,#6776);
#5557=AXIS2_PLACEMENT_3D('',#8723,#6779,#6780);
#5558=AXIS2_PLACEMENT_3D('',#8726,#6783,#6784);
#5559=AXIS2_PLACEMENT_3D('',#8729,#6787,#6788);
#5560=AXIS2_PLACEMENT_3D('',#8732,#6791,#6792);
#5561=AXIS2_PLACEMENT_3D('',#8735,#6793,#6794);
#5562=AXIS2_PLACEMENT_3D('',#8738,#6797,#6798);
#5563=AXIS2_PLACEMENT_3D('',#8739,#6799,#6800);
#5564=AXIS2_PLACEMENT_3D('',#8740,#6801,#6802);
#5565=AXIS2_PLACEMENT_3D('',#8741,#6803,#6804);
#5566=AXIS2_PLACEMENT_3D('',#8744,#6807,#6808);
#5567=AXIS2_PLACEMENT_3D('',#8747,#6811,#6812);
#5568=AXIS2_PLACEMENT_3D('',#8750,#6815,#6816);
#5569=AXIS2_PLACEMENT_3D('',#8753,#6819,#6820);
#5570=AXIS2_PLACEMENT_3D('',#8756,#6821,#6822);
#5571=AXIS2_PLACEMENT_3D('',#8757,#6823,#6824);
#5572=AXIS2_PLACEMENT_3D('',#8758,#6825,#6826);
#5573=AXIS2_PLACEMENT_3D('',#8759,#6827,#6828);
#5574=AXIS2_PLACEMENT_3D('',#8762,#6831,#6832);
#5575=AXIS2_PLACEMENT_3D('',#8765,#6835,#6836);
#5576=AXIS2_PLACEMENT_3D('',#8768,#6837,#6838);
#5577=AXIS2_PLACEMENT_3D('',#8771,#6841,#6842);
#5578=AXIS2_PLACEMENT_3D('',#8772,#6843,#6844);
#5579=AXIS2_PLACEMENT_3D('',#8773,#6845,#6846);
#5580=AXIS2_PLACEMENT_3D('',#8774,#6847,#6848);
#5581=AXIS2_PLACEMENT_3D('',#8775,#6849,#6850);
#5582=AXIS2_PLACEMENT_3D('',#8778,#6852,#6853);
#5583=AXIS2_PLACEMENT_3D('',#8779,#6854,#6855);
#5584=AXIS2_PLACEMENT_3D('',#8787,#6860,#6861);
#5585=AXIS2_PLACEMENT_3D('',#8788,#6862,#6863);
#5586=AXIS2_PLACEMENT_3D('',#8789,#6864,#6865);
#5587=AXIS2_PLACEMENT_3D('',#8790,#6866,#6867);
#5588=AXIS2_PLACEMENT_3D('',#8791,#6868,#6869);
#5589=AXIS2_PLACEMENT_3D('',#8792,#6870,#6871);
#5590=AXIS2_PLACEMENT_3D('',#8793,#6872,#6873);
#5591=AXIS2_PLACEMENT_3D('',#8794,#6874,#6875);
#5592=AXIS2_PLACEMENT_3D('',#8795,#6876,#6877);
#5593=AXIS2_PLACEMENT_3D('',#8796,#6878,#6879);
#5594=AXIS2_PLACEMENT_3D('',#8797,#6880,#6881);
#5595=AXIS2_PLACEMENT_3D('',#8798,#6882,#6883);
#5596=AXIS2_PLACEMENT_3D('',#8799,#6884,#6885);
#5597=AXIS2_PLACEMENT_3D('',#8802,#6887,#6888);
#5598=AXIS2_PLACEMENT_3D('',#8803,#6889,#6890);
#5599=AXIS2_PLACEMENT_3D('',#8805,#6891,#6892);
#5600=AXIS2_PLACEMENT_3D('',#8807,#6894,#6895);
#5601=AXIS2_PLACEMENT_3D('',#8812,#6898,#6899);
#5602=AXIS2_PLACEMENT_3D('',#8813,#6900,#6901);
#5603=AXIS2_PLACEMENT_3D('',#8818,#6904,#6905);
#5604=AXIS2_PLACEMENT_3D('',#8819,#6906,#6907);
#5605=AXIS2_PLACEMENT_3D('',#8822,#6910,#6911);
#5606=AXIS2_PLACEMENT_3D('',#8826,#6914,#6915);
#5607=AXIS2_PLACEMENT_3D('',#8830,#6918,#6919);
#5608=AXIS2_PLACEMENT_3D('',#8843,#6921,#6922);
#5609=AXIS2_PLACEMENT_3D('',#8845,#6923,#6924);
#5610=AXIS2_PLACEMENT_3D('',#8847,#6925,#6926);
#5611=AXIS2_PLACEMENT_3D('',#8848,#6927,#6928);
#5612=AXIS2_PLACEMENT_3D('',#8860,#6929,#6930);
#5613=AXIS2_PLACEMENT_3D('',#8862,#6931,#6932);
#5614=AXIS2_PLACEMENT_3D('',#8864,#6933,#6934);
#5615=AXIS2_PLACEMENT_3D('',#8865,#6935,#6936);
#5616=AXIS2_PLACEMENT_3D('',#8866,#6937,#6938);
#5617=AXIS2_PLACEMENT_3D('',#8869,#6939,#6940);
#5618=AXIS2_PLACEMENT_3D('',#8871,#6941,#6942);
#5619=AXIS2_PLACEMENT_3D('',#8872,#6943,#6944);
#5620=AXIS2_PLACEMENT_3D('',#8873,#6945,#6946);
#5621=AXIS2_PLACEMENT_3D('',#8876,#6949,#6950);
#5622=AXIS2_PLACEMENT_3D('',#8879,#6951,#6952);
#5623=AXIS2_PLACEMENT_3D('',#8881,#6953,#6954);
#5624=AXIS2_PLACEMENT_3D('',#8882,#6955,#6956);
#5625=AXIS2_PLACEMENT_3D('',#8883,#6957,#6958);
#5626=AXIS2_PLACEMENT_3D('',#8886,#6961,#6962);
#5627=AXIS2_PLACEMENT_3D('',#8889,#6963,#6964);
#5628=AXIS2_PLACEMENT_3D('',#8891,#6965,#6966);
#5629=AXIS2_PLACEMENT_3D('',#8892,#6967,#6968);
#5630=AXIS2_PLACEMENT_3D('',#8893,#6969,#6970);
#5631=AXIS2_PLACEMENT_3D('',#8896,#6973,#6974);
#5632=AXIS2_PLACEMENT_3D('',#8901,#6977,#6978);
#5633=AXIS2_PLACEMENT_3D('',#8913,#6979,#6980);
#5634=AXIS2_PLACEMENT_3D('',#8915,#6981,#6982);
#5635=AXIS2_PLACEMENT_3D('',#8917,#6983,#6984);
#5636=AXIS2_PLACEMENT_3D('',#8918,#6985,#6986);
#5637=AXIS2_PLACEMENT_3D('',#8919,#6987,#6988);
#5638=AXIS2_PLACEMENT_3D('',#8922,#6991,#6992);
#5639=AXIS2_PLACEMENT_3D('',#8936,#6995,#6996);
#5640=AXIS2_PLACEMENT_3D('',#8938,#6997,#6998);
#5641=AXIS2_PLACEMENT_3D('',#8940,#6999,#7000);
#5642=AXIS2_PLACEMENT_3D('',#8941,#7001,#7002);
#5643=AXIS2_PLACEMENT_3D('',#8942,#7003,#7004);
#5644=AXIS2_PLACEMENT_3D('',#8946,#7007,#7008);
#5645=AXIS2_PLACEMENT_3D('',#8947,#7009,#7010);
#5646=AXIS2_PLACEMENT_3D('',#8950,#7011,#7012);
#5647=AXIS2_PLACEMENT_3D('',#8952,#7013,#7014);
#5648=AXIS2_PLACEMENT_3D('',#8953,#7015,#7016);
#5649=AXIS2_PLACEMENT_3D('',#8954,#7017,#7018);
#5650=AXIS2_PLACEMENT_3D('',#8957,#7021,#7022);
#5651=AXIS2_PLACEMENT_3D('',#8960,#7023,#7024);
#5652=AXIS2_PLACEMENT_3D('',#8962,#7025,#7026);
#5653=AXIS2_PLACEMENT_3D('',#8963,#7027,#7028);
#5654=AXIS2_PLACEMENT_3D('',#8964,#7029,#7030);
#5655=AXIS2_PLACEMENT_3D('',#8967,#7031,#7032);
#5656=AXIS2_PLACEMENT_3D('',#8968,#7033,#7034);
#5657=AXIS2_PLACEMENT_3D('',#8969,#7035,#7036);
#5658=AXIS2_PLACEMENT_3D('',#8970,#7037,#7038);
#5659=AXIS2_PLACEMENT_3D('',#8984,#7041,#7042);
#5660=AXIS2_PLACEMENT_3D('',#8986,#7043,#7044);
#5661=AXIS2_PLACEMENT_3D('',#8988,#7045,#7046);
#5662=AXIS2_PLACEMENT_3D('',#8989,#7047,#7048);
#5663=AXIS2_PLACEMENT_3D('',#8990,#7049,#7050);
#5664=AXIS2_PLACEMENT_3D('',#8993,#7053,#7054);
#5665=AXIS2_PLACEMENT_3D('',#8996,#7057,#7058);
#5666=AXIS2_PLACEMENT_3D('',#9000,#7061,#7062);
#5667=AXIS2_PLACEMENT_3D('',#9001,#7063,#7064);
#5668=AXIS2_PLACEMENT_3D('',#9003,#7066,#7067);
#5669=AXIS2_PLACEMENT_3D('',#9006,#7070,#7071);
#5670=AXIS2_PLACEMENT_3D('',#9011,#7074,#7075);
#5671=AXIS2_PLACEMENT_3D('',#9012,#7076,#7077);
#5672=AXIS2_PLACEMENT_3D('',#9015,#7080,#7081);
#5673=AXIS2_PLACEMENT_3D('',#9018,#7084,#7085);
#5674=AXIS2_PLACEMENT_3D('',#9021,#7088,#7089);
#5675=AXIS2_PLACEMENT_3D('',#9024,#7090,#7091);
#5676=AXIS2_PLACEMENT_3D('',#9027,#7094,#7095);
#5677=AXIS2_PLACEMENT_3D('',#9028,#7096,#7097);
#5678=AXIS2_PLACEMENT_3D('',#9029,#7098,#7099);
#5679=AXIS2_PLACEMENT_3D('',#9030,#7100,#7101);
#5680=AXIS2_PLACEMENT_3D('',#9033,#7104,#7105);
#5681=AXIS2_PLACEMENT_3D('',#9035,#7107,#7108);
#5682=AXIS2_PLACEMENT_3D('',#9038,#7110,#7111);
#5683=AXIS2_PLACEMENT_3D('',#9039,#7112,#7113);
#5684=AXIS2_PLACEMENT_3D('',#9047,#7118,#7119);
#5685=AXIS2_PLACEMENT_3D('',#9048,#7120,#7121);
#5686=AXIS2_PLACEMENT_3D('',#9049,#7122,#7123);
#5687=AXIS2_PLACEMENT_3D('',#9050,#7124,#7125);
#5688=AXIS2_PLACEMENT_3D('',#9051,#7126,#7127);
#5689=AXIS2_PLACEMENT_3D('',#9052,#7128,#7129);
#5690=AXIS2_PLACEMENT_3D('',#9053,#7130,#7131);
#5691=AXIS2_PLACEMENT_3D('',#9054,#7132,#7133);
#5692=AXIS2_PLACEMENT_3D('',#9055,#7134,#7135);
#5693=AXIS2_PLACEMENT_3D('',#9056,#7136,#7137);
#5694=AXIS2_PLACEMENT_3D('',#9057,#7138,#7139);
#5695=AXIS2_PLACEMENT_3D('',#9058,#7140,#7141);
#5696=AXIS2_PLACEMENT_3D('',#9060,#7143,#7144);
#5697=AXIS2_PLACEMENT_3D('',#9061,#7145,#7146);
#5698=AXIS2_PLACEMENT_3D('',#9062,#7147,#7148);
#5699=AXIS2_PLACEMENT_3D('',#9063,#7149,#7150);
#5700=AXIS2_PLACEMENT_3D('',#9065,#7152,#7153);
#5701=AXIS2_PLACEMENT_3D('',#9067,#7155,#7156);
#5702=AXIS2_PLACEMENT_3D('',#9069,#7158,#7159);
#5703=AXIS2_PLACEMENT_3D('',#9071,#7161,#7162);
#5704=AXIS2_PLACEMENT_3D('',#9072,#7163,#7164);
#5705=AXIS2_PLACEMENT_3D('',#9073,#7165,#7166);
#5706=AXIS2_PLACEMENT_3D('',#9082,#7171,#7172);
#5707=AXIS2_PLACEMENT_3D('',#9088,#7176,#7177);
#5708=AXIS2_PLACEMENT_3D('',#9094,#7181,#7182);
#5709=AXIS2_PLACEMENT_3D('',#9097,#7185,#7186);
#5710=AXIS2_PLACEMENT_3D('',#9098,#7187,#7188);
#5711=AXIS2_PLACEMENT_3D('',#9099,#7189,#7190);
#5712=AXIS2_PLACEMENT_3D('',#9100,#7191,#7192);
#5713=AXIS2_PLACEMENT_3D('',#9101,#7193,#7194);
#5714=AXIS2_PLACEMENT_3D('',#9102,#7195,#7196);
#5715=DIRECTION('axis',(0.,0.,1.));
#5716=DIRECTION('refdir',(1.,0.,0.));
#5717=DIRECTION('axis',(0.,0.,1.));
#5718=DIRECTION('refdir',(1.,0.,0.));
#5719=DIRECTION('center_axis',(0.,0.,1.));
#5720=DIRECTION('ref_axis',(1.,0.,0.));
#5721=DIRECTION('',(0.810820798535361,0.58529448371096,0.));
#5722=DIRECTION('',(-0.542369077511494,-0.8401403357531,0.));
#5723=DIRECTION('',(0.633237790257267,0.773957299203318,0.));
#5724=DIRECTION('',(0.778413039475329,-0.627752451189783,0.));
#5725=DIRECTION('center_axis',(0.840140335753099,-0.542369077511494,0.));
#5726=DIRECTION('ref_axis',(0.,0.,-1.));
#5727=DIRECTION('',(0.,0.,-1.));
#5728=DIRECTION('',(0.542369077511494,0.8401403357531,0.));
#5729=DIRECTION('',(0.,0.,-1.));
#5730=DIRECTION('',(0.,0.,-1.));
#5731=DIRECTION('',(0.,0.,-1.));
#5732=DIRECTION('',(0.,0.,-1.));
#5733=DIRECTION('',(0.,0.,-1.));
#5734=DIRECTION('',(0.,0.,-1.));
#5735=DIRECTION('',(0.,0.,-1.));
#5736=DIRECTION('center_axis',(-0.58529448371096,0.810820798535361,0.));
#5737=DIRECTION('ref_axis',(0.,0.,1.));
#5738=DIRECTION('',(0.,0.,-1.));
#5739=DIRECTION('',(-0.810820798535361,-0.58529448371096,0.));
#5740=DIRECTION('',(0.,0.,-1.));
#5741=DIRECTION('',(0.,0.,-1.));
#5742=DIRECTION('',(0.,0.,-1.));
#5743=DIRECTION('',(0.,0.,-1.));
#5744=DIRECTION('center_axis',(0.627752451189783,0.778413039475329,0.));
#5745=DIRECTION('ref_axis',(0.,0.,-1.));
#5746=DIRECTION('',(0.,0.,-1.));
#5747=DIRECTION('',(-0.778413039475329,0.627752451189783,0.));
#5748=DIRECTION('center_axis',(-0.773957299203318,0.633237790257267,0.));
#5749=DIRECTION('ref_axis',(0.,0.,1.));
#5750=DIRECTION('',(0.,0.,-1.));
#5751=DIRECTION('',(-0.633237790257267,-0.773957299203318,0.));
#5752=DIRECTION('',(0.,0.,-1.));
#5753=DIRECTION('',(0.,0.,-1.));
#5754=DIRECTION('',(0.,0.,-1.));
#5755=DIRECTION('',(0.,0.,-1.));
#5756=DIRECTION('center_axis',(0.707106781186545,0.70710678118655,0.));
#5757=DIRECTION('ref_axis',(0.,0.,-1.));
#5758=DIRECTION('',(0.70710678118655,-0.707106781186545,0.));
#5759=DIRECTION('',(-0.70710678118655,0.707106781186545,0.));
#5760=DIRECTION('',(0.,0.,-1.));
#5761=DIRECTION('',(0.,0.,-1.));
#5762=DIRECTION('center_axis',(0.707106781186548,0.707106781186548,0.));
#5763=DIRECTION('ref_axis',(0.,0.,-1.));
#5764=DIRECTION('',(0.707106781186548,-0.707106781186548,0.));
#5765=DIRECTION('',(-0.707106781186548,0.707106781186548,0.));
#5766=DIRECTION('',(0.,0.,-1.));
#5767=DIRECTION('center_axis',(0.707106781186548,-0.707106781186548,0.));
#5768=DIRECTION('ref_axis',(0.,0.,-1.));
#5769=DIRECTION('',(-0.707106781186548,-0.707106781186548,0.));
#5770=DIRECTION('',(0.707106781186548,0.707106781186548,0.));
#5771=DIRECTION('',(0.,0.,-1.));
#5772=DIRECTION('center_axis',(-0.707106781186548,-0.707106781186548,0.));
#5773=DIRECTION('ref_axis',(0.,0.,1.));
#5774=DIRECTION('',(-0.707106781186548,0.707106781186548,0.));
#5775=DIRECTION('',(0.707106781186548,-0.707106781186548,0.));
#5776=DIRECTION('',(0.,0.,-1.));
#5777=DIRECTION('center_axis',(-0.707106781186539,0.707106781186556,0.));
#5778=DIRECTION('ref_axis',(0.,0.,1.));
#5779=DIRECTION('',(0.707106781186556,0.707106781186539,0.));
#5780=DIRECTION('',(-0.707106781186556,-0.707106781186539,0.));
#5781=DIRECTION('center_axis',(0.,0.,1.));
#5782=DIRECTION('ref_axis',(1.,0.,0.));
#5783=DIRECTION('center_axis',(0.,0.,1.));
#5784=DIRECTION('ref_axis',(1.,0.,0.));
#5785=DIRECTION('center_axis',(0.,0.,-1.));
#5786=DIRECTION('ref_axis',(1.,0.,0.));
#5787=DIRECTION('center_axis',(0.,-1.,0.));
#5788=DIRECTION('ref_axis',(-1.,0.,0.));
#5789=DIRECTION('center_axis',(0.,0.,-1.));
#5790=DIRECTION('ref_axis',(1.,0.,0.));
#5791=DIRECTION('',(0.,0.,1.));
#5792=DIRECTION('center_axis',(0.,0.,1.));
#5793=DIRECTION('ref_axis',(1.,0.,0.));
#5794=DIRECTION('center_axis',(0.,0.,1.));
#5795=DIRECTION('ref_axis',(1.,0.,0.));
#5796=DIRECTION('center_axis',(0.,0.,-1.));
#5797=DIRECTION('ref_axis',(1.,0.,0.));
#5798=DIRECTION('center_axis',(0.,-1.,0.));
#5799=DIRECTION('ref_axis',(-1.,0.,0.));
#5800=DIRECTION('center_axis',(0.,0.,-1.));
#5801=DIRECTION('ref_axis',(1.,0.,0.));
#5802=DIRECTION('',(0.,0.,1.));
#5803=DIRECTION('center_axis',(0.,0.,1.));
#5804=DIRECTION('ref_axis',(1.,0.,0.));
#5805=DIRECTION('center_axis',(0.,0.,-1.));
#5806=DIRECTION('ref_axis',(1.,0.,0.));
#5807=DIRECTION('center_axis',(0.,0.,1.));
#5808=DIRECTION('ref_axis',(1.,0.,0.));
#5809=DIRECTION('',(0.,0.,1.));
#5810=DIRECTION('center_axis',(0.,0.,1.));
#5811=DIRECTION('ref_axis',(1.,0.,0.));
#5812=DIRECTION('center_axis',(0.,0.,1.));
#5813=DIRECTION('ref_axis',(1.,0.,0.));
#5814=DIRECTION('center_axis',(0.,0.,-1.));
#5815=DIRECTION('ref_axis',(1.,0.,0.));
#5816=DIRECTION('center_axis',(0.,0.,1.));
#5817=DIRECTION('ref_axis',(1.,0.,0.));
#5818=DIRECTION('',(0.,0.,1.));
#5819=DIRECTION('center_axis',(0.,0.,1.));
#5820=DIRECTION('ref_axis',(1.,0.,0.));
#5821=DIRECTION('center_axis',(0.,0.,1.));
#5822=DIRECTION('ref_axis',(1.,0.,0.));
#5823=DIRECTION('center_axis',(0.,0.,-1.));
#5824=DIRECTION('ref_axis',(1.,0.,0.));
#5825=DIRECTION('center_axis',(0.,0.,1.));
#5826=DIRECTION('ref_axis',(1.,0.,0.));
#5827=DIRECTION('',(0.,0.,1.));
#5828=DIRECTION('center_axis',(0.,0.,1.));
#5829=DIRECTION('ref_axis',(1.,0.,0.));
#5830=DIRECTION('center_axis',(0.,0.,1.));
#5831=DIRECTION('ref_axis',(1.,0.,0.));
#5832=DIRECTION('center_axis',(0.,0.,-1.));
#5833=DIRECTION('ref_axis',(-1.,0.,0.));
#5834=DIRECTION('',(0.,0.,-1.));
#5835=DIRECTION('center_axis',(0.,0.,1.));
#5836=DIRECTION('ref_axis',(-1.,0.,0.));
#5837=DIRECTION('',(0.,0.,-1.));
#5838=DIRECTION('center_axis',(0.,0.,1.));
#5839=DIRECTION('ref_axis',(-1.,0.,0.));
#5840=DIRECTION('center_axis',(0.,0.,-1.));
#5841=DIRECTION('ref_axis',(1.,1.22464679914735E-16,0.));
#5842=DIRECTION('',(0.,0.,-1.));
#5843=DIRECTION('center_axis',(0.,0.,1.));
#5844=DIRECTION('ref_axis',(-1.,0.,0.));
#5845=DIRECTION('',(0.,0.,-1.));
#5846=DIRECTION('center_axis',(0.,0.,1.));
#5847=DIRECTION('ref_axis',(-1.,0.,0.));
#5848=DIRECTION('center_axis',(0.,1.,0.));
#5849=DIRECTION('ref_axis',(0.,0.,1.));
#5850=DIRECTION('',(-1.,0.,0.));
#5851=DIRECTION('',(-1.,0.,0.));
#5852=DIRECTION('center_axis',(-4.74454284027845E-16,-1.,0.));
#5853=DIRECTION('ref_axis',(0.,0.,-1.));
#5854=DIRECTION('',(1.,-4.74454284027845E-16,0.));
#5855=DIRECTION('',(1.,-4.74454284027845E-16,0.));
#5856=DIRECTION('center_axis',(0.,0.,1.));
#5857=DIRECTION('ref_axis',(1.,0.,0.));
#5858=DIRECTION('center_axis',(0.,0.,-1.));
#5859=DIRECTION('ref_axis',(-1.,0.,0.));
#5860=DIRECTION('',(0.,0.,-1.));
#5861=DIRECTION('center_axis',(0.,0.,1.));
#5862=DIRECTION('ref_axis',(-1.,0.,0.));
#5863=DIRECTION('',(0.,0.,-1.));
#5864=DIRECTION('center_axis',(0.,0.,1.));
#5865=DIRECTION('ref_axis',(-1.,0.,0.));
#5866=DIRECTION('center_axis',(0.,0.,-1.));
#5867=DIRECTION('ref_axis',(-1.,0.,0.));
#5868=DIRECTION('',(0.,0.,-1.));
#5869=DIRECTION('center_axis',(0.,0.,1.));
#5870=DIRECTION('ref_axis',(-1.,0.,0.));
#5871=DIRECTION('',(0.,0.,-1.));
#5872=DIRECTION('center_axis',(0.,0.,1.));
#5873=DIRECTION('ref_axis',(-1.,0.,0.));
#5874=DIRECTION('center_axis',(-1.,-4.74454284027845E-16,0.));
#5875=DIRECTION('ref_axis',(0.,0.,1.));
#5876=DIRECTION('',(4.74454284027845E-16,-1.,0.));
#5877=DIRECTION('',(4.74454284027845E-16,-1.,0.));
#5878=DIRECTION('center_axis',(1.,-4.74454284027845E-16,0.));
#5879=DIRECTION('ref_axis',(0.,0.,-1.));
#5880=DIRECTION('',(4.74454284027845E-16,1.,0.));
#5881=DIRECTION('',(4.74454284027845E-16,1.,0.));
#5882=DIRECTION('center_axis',(0.,0.,1.));
#5883=DIRECTION('ref_axis',(1.,0.,0.));
#5884=DIRECTION('center_axis',(0.,0.,-1.));
#5885=DIRECTION('ref_axis',(-1.,0.,0.));
#5886=DIRECTION('',(0.,0.,-1.));
#5887=DIRECTION('center_axis',(0.,0.,1.));
#5888=DIRECTION('ref_axis',(-1.,0.,0.));
#5889=DIRECTION('',(0.,0.,-1.));
#5890=DIRECTION('center_axis',(0.,0.,1.));
#5891=DIRECTION('ref_axis',(-1.,0.,0.));
#5892=DIRECTION('center_axis',(0.,0.,-1.));
#5893=DIRECTION('ref_axis',(1.,1.22464679914735E-16,0.));
#5894=DIRECTION('',(0.,0.,-1.));
#5895=DIRECTION('center_axis',(0.,0.,1.));
#5896=DIRECTION('ref_axis',(-1.,0.,0.));
#5897=DIRECTION('',(0.,0.,-1.));
#5898=DIRECTION('center_axis',(0.,0.,1.));
#5899=DIRECTION('ref_axis',(-1.,0.,0.));
#5900=DIRECTION('center_axis',(0.,1.,0.));
#5901=DIRECTION('ref_axis',(0.,0.,1.));
#5902=DIRECTION('',(-1.,0.,0.));
#5903=DIRECTION('',(-1.,0.,0.));
#5904=DIRECTION('center_axis',(-2.37227142013922E-16,-1.,0.));
#5905=DIRECTION('ref_axis',(0.,0.,-1.));
#5906=DIRECTION('',(1.,-2.37227142013922E-16,0.));
#5907=DIRECTION('',(1.,-2.37227142013922E-16,0.));
#5908=DIRECTION('center_axis',(0.,0.,1.));
#5909=DIRECTION('ref_axis',(1.,0.,0.));
#5910=DIRECTION('center_axis',(-0.707106781186548,-0.707106781186548,0.));
#5911=DIRECTION('ref_axis',(0.,0.,1.));
#5912=DIRECTION('',(-0.707106781186547,0.707106781186547,4.50270735689914E-33));
#5913=DIRECTION('',(0.,0.,1.));
#5914=DIRECTION('',(0.707106781186547,-0.707106781186547,0.));
#5915=DIRECTION('',(0.,0.,1.));
#5916=DIRECTION('center_axis',(-0.707106781186547,0.707106781186548,0.));
#5917=DIRECTION('ref_axis',(0.,0.,1.));
#5918=DIRECTION('',(0.707106781186548,0.707106781186547,-1.35081220706974E-32));
#5919=DIRECTION('',(-0.707106781186548,-0.707106781186547,0.));
#5920=DIRECTION('',(0.,0.,1.));
#5921=DIRECTION('center_axis',(0.707106781186548,0.707106781186547,0.));
#5922=DIRECTION('ref_axis',(0.,0.,-1.));
#5923=DIRECTION('',(0.707106781186547,-0.707106781186548,-4.50270735689913E-33));
#5924=DIRECTION('',(-0.707106781186547,0.707106781186548,0.));
#5925=DIRECTION('',(0.,0.,1.));
#5926=DIRECTION('center_axis',(0.707106781186549,-0.707106781186546,0.));
#5927=DIRECTION('ref_axis',(0.,0.,-1.));
#5928=DIRECTION('',(-0.707106781186546,-0.707106781186549,1.35081220706974E-32));
#5929=DIRECTION('',(0.707106781186546,0.707106781186549,0.));
#5930=DIRECTION('center_axis',(0.707106781186547,0.707106781186548,0.));
#5931=DIRECTION('ref_axis',(0.,0.,-1.));
#5932=DIRECTION('',(0.707106781186548,-0.707106781186547,-4.50270735689915E-33));
#5933=DIRECTION('',(0.,0.,1.));
#5934=DIRECTION('',(-0.707106781186548,0.707106781186547,0.));
#5935=DIRECTION('',(0.,0.,1.));
#5936=DIRECTION('center_axis',(0.707106781186548,-0.707106781186547,0.));
#5937=DIRECTION('ref_axis',(0.,0.,-1.));
#5938=DIRECTION('',(-0.707106781186547,-0.707106781186548,1.35081220706974E-32));
#5939=DIRECTION('',(0.707106781186547,0.707106781186548,0.));
#5940=DIRECTION('',(0.,0.,1.));
#5941=DIRECTION('center_axis',(-0.707106781186547,-0.707106781186548,0.));
#5942=DIRECTION('ref_axis',(0.,0.,1.));
#5943=DIRECTION('',(-0.707106781186548,0.707106781186547,4.50270735689914E-33));
#5944=DIRECTION('',(0.707106781186548,-0.707106781186547,0.));
#5945=DIRECTION('',(0.,0.,1.));
#5946=DIRECTION('center_axis',(-0.707106781186548,0.707106781186547,0.));
#5947=DIRECTION('ref_axis',(0.,0.,1.));
#5948=DIRECTION('',(0.707106781186547,0.707106781186548,-1.35081220706974E-32));
#5949=DIRECTION('',(-0.707106781186547,-0.707106781186548,0.));
#5950=DIRECTION('center_axis',(0.,0.,1.));
#5951=DIRECTION('ref_axis',(0.887010833178218,-0.461748613235041,0.));
#5952=DIRECTION('center_axis',(0.,0.,1.));
#5953=DIRECTION('ref_axis',(0.887010833178218,-0.461748613235041,0.));
#5954=DIRECTION('',(0.,0.,1.));
#5955=DIRECTION('center_axis',(0.,0.,1.));
#5956=DIRECTION('ref_axis',(0.887010833178218,-0.461748613235041,0.));
#5957=DIRECTION('',(0.,0.,-1.));
#5958=DIRECTION('center_axis',(0.,0.,1.));
#5959=DIRECTION('ref_axis',(1.,0.,0.));
#5960=DIRECTION('',(1.,0.,0.));
#5961=DIRECTION('',(-8.88178419700125E-17,-1.,0.));
#5962=DIRECTION('center_axis',(0.,0.,1.));
#5963=DIRECTION('ref_axis',(-0.461748613235041,0.887010833178218,0.));
#5964=DIRECTION('',(0.819152044288992,-0.573576436351046,0.));
#5965=DIRECTION('center_axis',(0.,0.,-1.));
#5966=DIRECTION('ref_axis',(0.461748613235066,-0.887010833178205,0.));
#5967=DIRECTION('',(2.22044604925031E-16,1.,0.));
#5968=DIRECTION('center_axis',(0.,0.,-1.));
#5969=DIRECTION('ref_axis',(0.461748613235066,0.887010833178205,0.));
#5970=DIRECTION('',(-0.819152044288992,-0.573576436351046,0.));
#5971=DIRECTION('center_axis',(0.,0.,1.));
#5972=DIRECTION('ref_axis',(-0.461748613235066,-0.887010833178205,0.));
#5973=DIRECTION('',(-8.88178419700125E-17,-1.,0.));
#5974=DIRECTION('center_axis',(0.,0.,1.));
#5975=DIRECTION('ref_axis',(-0.461748613235066,0.887010833178205,0.));
#5976=DIRECTION('',(0.819152044288992,-0.573576436351046,0.));
#5977=DIRECTION('center_axis',(0.,0.,-1.));
#5978=DIRECTION('ref_axis',(0.461748613235066,-0.887010833178205,0.));
#5979=DIRECTION('',(6.12323399573677E-17,1.,0.));
#5980=DIRECTION('center_axis',(0.,0.,-1.));
#5981=DIRECTION('ref_axis',(0.461748613235066,0.887010833178205,0.));
#5982=DIRECTION('',(-0.819152044288992,-0.573576436351046,0.));
#5983=DIRECTION('center_axis',(0.,0.,1.));
#5984=DIRECTION('ref_axis',(-0.461748613235066,-0.887010833178205,0.));
#5985=DIRECTION('',(-8.88178419700125E-17,-1.,0.));
#5986=DIRECTION('',(-1.,0.,0.));
#5987=DIRECTION('center_axis',(0.,0.,1.));
#5988=DIRECTION('ref_axis',(0.887010833178218,0.461748613235041,0.));
#5989=DIRECTION('',(-0.573576436351046,-0.819152044288992,0.));
#5990=DIRECTION('center_axis',(0.,0.,-1.));
#5991=DIRECTION('ref_axis',(-0.887010833178205,-0.461748613235066,0.));
#5992=DIRECTION('',(1.,0.,0.));
#5993=DIRECTION('center_axis',(0.,0.,-1.));
#5994=DIRECTION('ref_axis',(0.887010833178205,-0.461748613235066,0.));
#5995=DIRECTION('',(-0.573576436351046,0.819152044288992,0.));
#5996=DIRECTION('center_axis',(0.,0.,1.));
#5997=DIRECTION('ref_axis',(-0.887010833178205,0.461748613235066,0.));
#5998=DIRECTION('',(-1.,0.,0.));
#5999=DIRECTION('center_axis',(0.,0.,1.));
#6000=DIRECTION('ref_axis',(0.887010833178205,0.461748613235066,0.));
#6001=DIRECTION('',(-0.573576436351046,-0.819152044288992,0.));
#6002=DIRECTION('center_axis',(0.,0.,-1.));
#6003=DIRECTION('ref_axis',(-0.887010833178218,-0.461748613235041,0.));
#6004=DIRECTION('',(1.,0.,0.));
#6005=DIRECTION('center_axis',(0.,0.,-1.));
#6006=DIRECTION('ref_axis',(0.887010833178205,-0.461748613235066,0.));
#6007=DIRECTION('',(-0.573576436351046,0.819152044288992,0.));
#6008=DIRECTION('center_axis',(0.,0.,1.));
#6009=DIRECTION('ref_axis',(-0.887010833178218,0.461748613235041,0.));
#6010=DIRECTION('',(-1.,0.,0.));
#6011=DIRECTION('',(-8.88178419700125E-17,1.,0.));
#6012=DIRECTION('center_axis',(0.,0.,1.));
#6013=DIRECTION('ref_axis',(0.461748613235041,-0.887010833178218,0.));
#6014=DIRECTION('',(-0.819152044288992,0.573576436351046,0.));
#6015=DIRECTION('center_axis',(0.,0.,-1.));
#6016=DIRECTION('ref_axis',(-0.461748613235066,0.887010833178205,0.));
#6017=DIRECTION('',(-2.22044604925031E-16,-1.,0.));
#6018=DIRECTION('center_axis',(0.,0.,-1.));
#6019=DIRECTION('ref_axis',(-0.461748613235066,-0.887010833178205,0.));
#6020=DIRECTION('',(0.819152044288992,0.573576436351046,0.));
#6021=DIRECTION('center_axis',(0.,0.,1.));
#6022=DIRECTION('ref_axis',(0.461748613235066,0.887010833178205,0.));
#6023=DIRECTION('',(-8.88178419700125E-17,1.,0.));
#6024=DIRECTION('center_axis',(0.,0.,1.));
#6025=DIRECTION('ref_axis',(0.46174861323516,-0.887010833178156,0.));
#6026=DIRECTION('',(-0.819152044288992,0.573576436351046,0.));
#6027=DIRECTION('center_axis',(0.,0.,-1.));
#6028=DIRECTION('ref_axis',(-0.461748613235066,0.887010833178205,0.));
#6029=DIRECTION('',(-1.83697019872103E-16,-1.,0.));
#6030=DIRECTION('center_axis',(0.,0.,-1.));
#6031=DIRECTION('ref_axis',(-0.461748613235066,-0.887010833178205,0.));
#6032=DIRECTION('',(0.819152044288992,0.573576436351045,0.));
#6033=DIRECTION('center_axis',(0.,0.,1.));
#6034=DIRECTION('ref_axis',(0.46174861323516,0.887010833178156,0.));
#6035=DIRECTION('',(-8.88178419700125E-17,1.,0.));
#6036=DIRECTION('',(1.,0.,0.));
#6037=DIRECTION('center_axis',(0.,0.,1.));
#6038=DIRECTION('ref_axis',(-0.887010833178218,-0.461748613235041,0.));
#6039=DIRECTION('',(0.573576436351046,0.819152044288992,0.));
#6040=DIRECTION('center_axis',(0.,0.,-1.));
#6041=DIRECTION('ref_axis',(0.887010833178231,0.461748613235016,0.));
#6042=DIRECTION('',(-1.,1.22464679914735E-16,0.));
#6043=DIRECTION('center_axis',(0.,0.,-1.));
#6044=DIRECTION('ref_axis',(-0.887010833178192,0.46174861323509,0.));
#6045=DIRECTION('',(0.573576436351046,-0.819152044288992,0.));
#6046=DIRECTION('center_axis',(0.,0.,1.));
#6047=DIRECTION('ref_axis',(0.887010833178205,-0.461748613235066,0.));
#6048=DIRECTION('',(1.,0.,0.));
#6049=DIRECTION('center_axis',(0.,0.,1.));
#6050=DIRECTION('ref_axis',(-0.887010833178205,-0.461748613235066,0.));
#6051=DIRECTION('',(0.573576436351046,0.819152044288992,0.));
#6052=DIRECTION('center_axis',(0.,0.,-1.));
#6053=DIRECTION('ref_axis',(0.887010833178218,0.461748613235041,0.));
#6054=DIRECTION('',(-1.,1.22464679914735E-16,0.));
#6055=DIRECTION('center_axis',(0.,0.,-1.));
#6056=DIRECTION('ref_axis',(-0.887010833178205,0.461748613235066,0.));
#6057=DIRECTION('',(0.573576436351046,-0.819152044288992,0.));
#6058=DIRECTION('center_axis',(0.,-1.,0.));
#6059=DIRECTION('ref_axis',(0.,0.,-1.));
#6060=DIRECTION('',(-1.,0.,0.));
#6061=DIRECTION('',(0.,0.,1.));
#6062=DIRECTION('',(0.,0.,-1.));
#6063=DIRECTION('',(-1.,0.,0.));
#6064=DIRECTION('',(0.,0.,1.));
#6065=DIRECTION('',(0.,0.,1.));
#6066=DIRECTION('',(-1.,0.,0.));
#6067=DIRECTION('',(0.,0.,1.));
#6068=DIRECTION('center_axis',(0.,0.,1.));
#6069=DIRECTION('ref_axis',(-0.887010833178205,0.461748613235066,0.));
#6070=DIRECTION('center_axis',(0.,0.,-1.));
#6071=DIRECTION('ref_axis',(-0.887010833178205,0.461748613235066,0.));
#6072=DIRECTION('',(0.,0.,-1.));
#6073=DIRECTION('',(0.,0.,1.));
#6074=DIRECTION('center_axis',(0.,0.,1.));
#6075=DIRECTION('ref_axis',(-1.,1.22464679914735E-16,0.));
#6076=DIRECTION('',(1.,-1.22464679914735E-16,0.));
#6077=DIRECTION('center_axis',(0.,0.,-1.));
#6078=DIRECTION('ref_axis',(0.887010833178218,0.461748613235041,0.));
#6079=DIRECTION('',(-0.573576436351046,-0.819152044288992,0.));
#6080=DIRECTION('center_axis',(0.,0.,1.));
#6081=DIRECTION('ref_axis',(-0.887010833178205,-0.461748613235066,0.));
#6082=DIRECTION('',(-0.573576436351046,0.819152044288992,0.));
#6083=DIRECTION('center_axis',(1.22464679914735E-16,1.,0.));
#6084=DIRECTION('ref_axis',(0.,0.,-1.));
#6085=DIRECTION('',(0.,0.,-1.));
#6086=DIRECTION('center_axis',(0.,0.,1.));
#6087=DIRECTION('ref_axis',(0.887010833178218,0.461748613235041,0.));
#6088=DIRECTION('',(0.,0.,1.));
#6089=DIRECTION('center_axis',(0.819152044288992,-0.573576436351046,0.));
#6090=DIRECTION('ref_axis',(0.,0.,1.));
#6091=DIRECTION('',(0.,0.,-1.));
#6092=DIRECTION('center_axis',(0.,0.,-1.));
#6093=DIRECTION('ref_axis',(-0.887010833178205,-0.461748613235066,0.));
#6094=DIRECTION('center_axis',(0.,0.,1.));
#6095=DIRECTION('ref_axis',(0.887010833178205,-0.461748613235066,0.));
#6096=DIRECTION('',(0.,0.,1.));
#6097=DIRECTION('center_axis',(0.,0.,1.));
#6098=DIRECTION('ref_axis',(0.887010833178205,-0.461748613235066,0.));
#6099=DIRECTION('center_axis',(0.,0.,1.));
#6100=DIRECTION('ref_axis',(-0.887010833178192,0.46174861323509,0.));
#6101=DIRECTION('center_axis',(0.,0.,-1.));
#6102=DIRECTION('ref_axis',(-0.887010833178192,0.46174861323509,0.));
#6103=DIRECTION('',(0.,0.,-1.));
#6104=DIRECTION('',(0.,0.,1.));
#6105=DIRECTION('center_axis',(0.,0.,-1.));
#6106=DIRECTION('ref_axis',(1.,-1.22464679914735E-16,0.));
#6107=DIRECTION('',(-1.,1.22464679914735E-16,0.));
#6108=DIRECTION('center_axis',(0.,0.,-1.));
#6109=DIRECTION('ref_axis',(0.887010833178231,0.461748613235016,0.));
#6110=DIRECTION('',(0.573576436351046,0.819152044288992,0.));
#6111=DIRECTION('center_axis',(0.,0.,1.));
#6112=DIRECTION('ref_axis',(-0.887010833178218,-0.461748613235041,0.));
#6113=DIRECTION('',(0.573576436351046,-0.819152044288992,0.));
#6114=DIRECTION('center_axis',(-1.22464679914735E-16,-1.,0.));
#6115=DIRECTION('ref_axis',(0.,0.,-1.));
#6116=DIRECTION('',(0.,0.,-1.));
#6117=DIRECTION('center_axis',(0.,0.,1.));
#6118=DIRECTION('ref_axis',(0.887010833178231,0.461748613235016,0.));
#6119=DIRECTION('',(0.,0.,1.));
#6120=DIRECTION('center_axis',(-0.819152044288992,0.573576436351046,0.));
#6121=DIRECTION('ref_axis',(0.,0.,-1.));
#6122=DIRECTION('',(0.,0.,-1.));
#6123=DIRECTION('center_axis',(0.,0.,-1.));
#6124=DIRECTION('ref_axis',(-0.887010833178218,-0.461748613235041,0.));
#6125=DIRECTION('center_axis',(0.,0.,1.));
#6126=DIRECTION('ref_axis',(0.46174861323516,0.887010833178156,0.));
#6127=DIRECTION('',(0.,0.,1.));
#6128=DIRECTION('center_axis',(0.,0.,1.));
#6129=DIRECTION('ref_axis',(0.46174861323516,0.887010833178156,0.));
#6130=DIRECTION('',(0.,0.,-1.));
#6131=DIRECTION('center_axis',(0.573576436351045,-0.819152044288992,0.));
#6132=DIRECTION('ref_axis',(0.,0.,-1.));
#6133=DIRECTION('',(0.,0.,-1.));
#6134=DIRECTION('',(-0.819152044288992,-0.573576436351045,0.));
#6135=DIRECTION('center_axis',(0.,0.,1.));
#6136=DIRECTION('ref_axis',(-0.461748613235066,-0.887010833178205,0.));
#6137=DIRECTION('center_axis',(0.,0.,-1.));
#6138=DIRECTION('ref_axis',(-0.461748613235066,-0.887010833178205,0.));
#6139=DIRECTION('',(0.,0.,1.));
#6140=DIRECTION('center_axis',(0.,0.,1.));
#6141=DIRECTION('ref_axis',(-1.83697019872103E-16,-1.,0.));
#6142=DIRECTION('',(1.83697019872103E-16,1.,0.));
#6143=DIRECTION('center_axis',(0.,0.,-1.));
#6144=DIRECTION('ref_axis',(-0.461748613235066,0.887010833178205,0.));
#6145=DIRECTION('',(0.819152044288992,-0.573576436351046,0.));
#6146=DIRECTION('center_axis',(0.,0.,1.));
#6147=DIRECTION('ref_axis',(0.46174861323516,-0.887010833178156,0.));
#6148=DIRECTION('',(8.88178419700125E-17,-1.,0.));
#6149=DIRECTION('center_axis',(-1.,1.83697019872103E-16,0.));
#6150=DIRECTION('ref_axis',(0.,0.,-1.));
#6151=DIRECTION('',(0.,0.,-1.));
#6152=DIRECTION('center_axis',(0.,0.,-1.));
#6153=DIRECTION('ref_axis',(0.46174861323516,-0.887010833178156,0.));
#6154=DIRECTION('',(0.,0.,1.));
#6155=DIRECTION('',(0.,0.,-1.));
#6156=DIRECTION('center_axis',(0.573576436351046,0.819152044288992,0.));
#6157=DIRECTION('ref_axis',(0.,0.,1.));
#6158=DIRECTION('',(0.,0.,1.));
#6159=DIRECTION('center_axis',(0.,0.,1.));
#6160=DIRECTION('ref_axis',(-0.461748613235066,0.887010833178205,0.));
#6161=DIRECTION('center_axis',(0.,0.,1.));
#6162=DIRECTION('ref_axis',(-0.461748613235066,0.887010833178205,0.));
#6163=DIRECTION('center_axis',(0.,0.,-1.));
#6164=DIRECTION('ref_axis',(-0.461748613235066,0.887010833178205,0.));
#6165=DIRECTION('',(0.,0.,-1.));
#6166=DIRECTION('',(0.,0.,1.));
#6167=DIRECTION('center_axis',(1.,-2.22044604925031E-16,0.));
#6168=DIRECTION('ref_axis',(0.,0.,-1.));
#6169=DIRECTION('',(-2.22044604925031E-16,-1.,0.));
#6170=DIRECTION('',(0.,0.,1.));
#6171=DIRECTION('center_axis',(0.,0.,-1.));
#6172=DIRECTION('ref_axis',(0.461748613235041,-0.887010833178218,0.));
#6173=DIRECTION('',(0.,0.,1.));
#6174=DIRECTION('center_axis',(0.,0.,1.));
#6175=DIRECTION('ref_axis',(0.461748613235041,-0.887010833178218,0.));
#6176=DIRECTION('',(0.,0.,-1.));
#6177=DIRECTION('center_axis',(1.,8.88178419700125E-17,0.));
#6178=DIRECTION('ref_axis',(0.,0.,-1.));
#6179=DIRECTION('',(0.,0.,-1.));
#6180=DIRECTION('',(8.88178419700125E-17,-1.,0.));
#6181=DIRECTION('',(0.,0.,1.));
#6182=DIRECTION('',(8.88178419700125E-17,-1.,0.));
#6183=DIRECTION('center_axis',(0.,0.,1.));
#6184=DIRECTION('ref_axis',(0.461748613235066,0.887010833178205,0.));
#6185=DIRECTION('',(0.,0.,1.));
#6186=DIRECTION('center_axis',(0.,0.,1.));
#6187=DIRECTION('ref_axis',(0.461748613235066,0.887010833178205,0.));
#6188=DIRECTION('center_axis',(-0.573576436351046,0.819152044288992,0.));
#6189=DIRECTION('ref_axis',(0.,0.,1.));
#6190=DIRECTION('',(0.,0.,-1.));
#6191=DIRECTION('',(0.819152044288992,0.573576436351046,0.));
#6192=DIRECTION('center_axis',(0.,0.,1.));
#6193=DIRECTION('ref_axis',(-0.461748613235066,-0.887010833178205,0.));
#6194=DIRECTION('center_axis',(0.,0.,-1.));
#6195=DIRECTION('ref_axis',(-0.461748613235066,-0.887010833178205,0.));
#6196=DIRECTION('center_axis',(0.,0.,-1.));
#6197=DIRECTION('ref_axis',(2.22044604925031E-16,1.,0.));
#6198=DIRECTION('',(-0.819152044288992,0.573576436351046,0.));
#6199=DIRECTION('center_axis',(0.,0.,1.));
#6200=DIRECTION('ref_axis',(-0.887010833178218,0.461748613235041,0.));
#6201=DIRECTION('',(0.,0.,1.));
#6202=DIRECTION('center_axis',(0.,0.,1.));
#6203=DIRECTION('ref_axis',(-0.887010833178218,0.461748613235041,0.));
#6204=DIRECTION('',(0.,0.,-1.));
#6205=DIRECTION('center_axis',(0.819152044288992,0.573576436351046,0.));
#6206=DIRECTION('ref_axis',(0.,0.,-1.));
#6207=DIRECTION('',(0.,0.,-1.));
#6208=DIRECTION('',(0.573576436351046,-0.819152044288992,0.));
#6209=DIRECTION('center_axis',(0.,0.,1.));
#6210=DIRECTION('ref_axis',(0.887010833178205,-0.461748613235066,0.));
#6211=DIRECTION('center_axis',(0.,0.,-1.));
#6212=DIRECTION('ref_axis',(0.887010833178205,-0.461748613235066,0.));
#6213=DIRECTION('',(0.,0.,1.));
#6214=DIRECTION('center_axis',(0.,0.,1.));
#6215=DIRECTION('ref_axis',(1.,0.,0.));
#6216=DIRECTION('',(-1.,0.,0.));
#6217=DIRECTION('center_axis',(0.,0.,-1.));
#6218=DIRECTION('ref_axis',(-0.887010833178218,-0.461748613235041,0.));
#6219=DIRECTION('',(0.573576436351046,0.819152044288992,0.));
#6220=DIRECTION('center_axis',(0.,0.,1.));
#6221=DIRECTION('ref_axis',(0.887010833178205,0.461748613235066,0.));
#6222=DIRECTION('',(1.,0.,0.));
#6223=DIRECTION('center_axis',(0.,-1.,0.));
#6224=DIRECTION('ref_axis',(0.,0.,-1.));
#6225=DIRECTION('',(0.,0.,-1.));
#6226=DIRECTION('center_axis',(0.,0.,-1.));
#6227=DIRECTION('ref_axis',(0.887010833178205,0.461748613235066,0.));
#6228=DIRECTION('',(0.,0.,1.));
#6229=DIRECTION('',(0.,0.,-1.));
#6230=DIRECTION('center_axis',(-0.819152044288992,0.573576436351046,0.));
#6231=DIRECTION('ref_axis',(0.,0.,1.));
#6232=DIRECTION('',(0.,0.,1.));
#6233=DIRECTION('center_axis',(0.,0.,1.));
#6234=DIRECTION('ref_axis',(-0.887010833178218,-0.461748613235041,0.));
#6235=DIRECTION('center_axis',(0.,0.,1.));
#6236=DIRECTION('ref_axis',(-0.887010833178205,0.461748613235066,0.));
#6237=DIRECTION('',(0.,0.,1.));
#6238=DIRECTION('center_axis',(0.,0.,1.));
#6239=DIRECTION('ref_axis',(-0.887010833178205,0.461748613235066,0.));
#6240=DIRECTION('',(0.,0.,-1.));
#6241=DIRECTION('center_axis',(-0.819152044288992,-0.573576436351046,0.));
#6242=DIRECTION('ref_axis',(0.,0.,1.));
#6243=DIRECTION('',(0.,0.,-1.));
#6244=DIRECTION('',(-0.573576436351046,0.819152044288992,0.));
#6245=DIRECTION('center_axis',(0.,0.,1.));
#6246=DIRECTION('ref_axis',(0.887010833178205,-0.461748613235066,0.));
#6247=DIRECTION('center_axis',(0.,0.,-1.));
#6248=DIRECTION('ref_axis',(0.887010833178205,-0.461748613235066,0.));
#6249=DIRECTION('',(0.,0.,1.));
#6250=DIRECTION('center_axis',(0.,0.,-1.));
#6251=DIRECTION('ref_axis',(-1.,0.,0.));
#6252=DIRECTION('',(1.,0.,0.));
#6253=DIRECTION('center_axis',(0.,0.,-1.));
#6254=DIRECTION('ref_axis',(-0.887010833178205,-0.461748613235066,0.));
#6255=DIRECTION('',(-0.573576436351046,-0.819152044288992,0.));
#6256=DIRECTION('center_axis',(0.,0.,1.));
#6257=DIRECTION('ref_axis',(0.887010833178218,0.461748613235041,0.));
#6258=DIRECTION('',(1.,0.,0.));
#6259=DIRECTION('center_axis',(0.,1.,0.));
#6260=DIRECTION('ref_axis',(0.,0.,-1.));
#6261=DIRECTION('',(0.,0.,-1.));
#6262=DIRECTION('center_axis',(0.,0.,-1.));
#6263=DIRECTION('ref_axis',(0.887010833178218,0.461748613235041,0.));
#6264=DIRECTION('',(0.,0.,1.));
#6265=DIRECTION('',(0.,0.,-1.));
#6266=DIRECTION('center_axis',(0.819152044288992,-0.573576436351046,0.));
#6267=DIRECTION('ref_axis',(0.,0.,-1.));
#6268=DIRECTION('',(0.,0.,1.));
#6269=DIRECTION('center_axis',(0.,0.,1.));
#6270=DIRECTION('ref_axis',(-0.887010833178205,-0.461748613235066,0.));
#6271=DIRECTION('center_axis',(0.,0.,1.));
#6272=DIRECTION('ref_axis',(-0.461748613235066,-0.887010833178205,0.));
#6273=DIRECTION('',(0.,0.,1.));
#6274=DIRECTION('center_axis',(0.,0.,1.));
#6275=DIRECTION('ref_axis',(-0.461748613235066,-0.887010833178205,0.));
#6276=DIRECTION('',(0.,0.,-1.));
#6277=DIRECTION('center_axis',(-1.,8.88178419700125E-17,0.));
#6278=DIRECTION('ref_axis',(0.,0.,1.));
#6279=DIRECTION('',(8.88178419700125E-17,1.,0.));
#6280=DIRECTION('',(0.,0.,1.));
#6281=DIRECTION('',(0.,0.,-1.));
#6282=DIRECTION('',(8.88178419700125E-17,1.,0.));
#6283=DIRECTION('',(0.,0.,1.));
#6284=DIRECTION('',(8.88178419700125E-17,1.,0.));
#6285=DIRECTION('',(0.,0.,1.));
#6286=DIRECTION('center_axis',(0.,0.,1.));
#6287=DIRECTION('ref_axis',(0.461748613235066,0.887010833178205,0.));
#6288=DIRECTION('center_axis',(0.,0.,-1.));
#6289=DIRECTION('ref_axis',(0.461748613235066,0.887010833178205,0.));
#6290=DIRECTION('',(0.,0.,-1.));
#6291=DIRECTION('',(0.,0.,1.));
#6292=DIRECTION('center_axis',(-0.573576436351046,0.819152044288992,0.));
#6293=DIRECTION('ref_axis',(0.,0.,-1.));
#6294=DIRECTION('',(0.819152044288992,0.573576436351046,0.));
#6295=DIRECTION('center_axis',(0.,0.,1.));
#6296=DIRECTION('ref_axis',(0.461748613235066,-0.887010833178205,0.));
#6297=DIRECTION('center_axis',(0.,0.,-1.));
#6298=DIRECTION('ref_axis',(0.461748613235066,-0.887010833178205,0.));
#6299=DIRECTION('',(0.,0.,-1.));
#6300=DIRECTION('',(0.,0.,1.));
#6301=DIRECTION('center_axis',(0.,0.,1.));
#6302=DIRECTION('ref_axis',(6.12323399573677E-17,1.,0.));
#6303=DIRECTION('',(-6.12323399573677E-17,-1.,0.));
#6304=DIRECTION('',(-0.819152044288992,0.573576436351046,0.));
#6305=DIRECTION('center_axis',(0.,0.,1.));
#6306=DIRECTION('ref_axis',(-0.461748613235066,0.887010833178205,0.));
#6307=DIRECTION('center_axis',(-0.573576436351046,-0.819152044288992,0.));
#6308=DIRECTION('ref_axis',(0.,0.,1.));
#6309=DIRECTION('',(0.,0.,-1.));
#6310=DIRECTION('center_axis',(0.,0.,-1.));
#6311=DIRECTION('ref_axis',(-0.461748613235066,0.887010833178205,0.));
#6312=DIRECTION('center_axis',(0.,0.,1.));
#6313=DIRECTION('ref_axis',(-0.461748613235066,-0.887010833178205,0.));
#6314=DIRECTION('',(0.,0.,1.));
#6315=DIRECTION('center_axis',(0.,0.,1.));
#6316=DIRECTION('ref_axis',(-0.461748613235066,-0.887010833178205,0.));
#6317=DIRECTION('center_axis',(0.,0.,1.));
#6318=DIRECTION('ref_axis',(0.461748613235066,0.887010833178205,0.));
#6319=DIRECTION('center_axis',(0.,0.,-1.));
#6320=DIRECTION('ref_axis',(0.461748613235066,0.887010833178205,0.));
#6321=DIRECTION('',(0.,0.,-1.));
#6322=DIRECTION('',(0.,0.,1.));
#6323=DIRECTION('center_axis',(0.573576436351046,-0.819152044288992,0.));
#6324=DIRECTION('ref_axis',(0.,0.,1.));
#6325=DIRECTION('',(-0.819152044288992,-0.573576436351046,0.));
#6326=DIRECTION('center_axis',(0.,0.,1.));
#6327=DIRECTION('ref_axis',(0.461748613235066,-0.887010833178205,0.));
#6328=DIRECTION('center_axis',(0.,0.,-1.));
#6329=DIRECTION('ref_axis',(0.461748613235066,-0.887010833178205,0.));
#6330=DIRECTION('',(0.,0.,-1.));
#6331=DIRECTION('',(0.,0.,1.));
#6332=DIRECTION('center_axis',(0.,0.,-1.));
#6333=DIRECTION('ref_axis',(-2.22044604925031E-16,-1.,0.));
#6334=DIRECTION('',(2.22044604925031E-16,1.,0.));
#6335=DIRECTION('',(0.819152044288992,-0.573576436351046,0.));
#6336=DIRECTION('center_axis',(0.,0.,1.));
#6337=DIRECTION('ref_axis',(-0.461748613235041,0.887010833178218,0.));
#6338=DIRECTION('center_axis',(0.573576436351046,0.819152044288992,0.));
#6339=DIRECTION('ref_axis',(0.,0.,-1.));
#6340=DIRECTION('',(0.,0.,-1.));
#6341=DIRECTION('center_axis',(0.,0.,-1.));
#6342=DIRECTION('ref_axis',(-0.461748613235041,0.887010833178218,0.));
#6343=DIRECTION('center_axis',(-0.573576436351046,-0.819152044288992,0.));
#6344=DIRECTION('ref_axis',(0.,0.,-1.));
#6345=DIRECTION('center_axis',(0.819152044288992,0.573576436351046,0.));
#6346=DIRECTION('ref_axis',(0.,0.,1.));
#6347=DIRECTION('center_axis',(-1.,2.22044604925031E-16,0.));
#6348=DIRECTION('ref_axis',(0.,0.,-1.));
#6349=DIRECTION('center_axis',(-0.819152044288992,-0.573576436351046,0.));
#6350=DIRECTION('ref_axis',(0.,0.,-1.));
#6351=DIRECTION('center_axis',(1.,-6.12323399573677E-17,0.));
#6352=DIRECTION('ref_axis',(0.,0.,-1.));
#6353=DIRECTION('center_axis',(0.,1.,0.));
#6354=DIRECTION('ref_axis',(0.,0.,1.));
#6355=DIRECTION('',(1.,0.,0.));
#6356=DIRECTION('center_axis',(-1.,0.,0.));
#6357=DIRECTION('ref_axis',(0.,0.,1.));
#6358=DIRECTION('',(0.,-1.,0.));
#6359=DIRECTION('',(0.,0.,-1.));
#6360=DIRECTION('',(0.,1.,0.));
#6361=DIRECTION('',(0.,0.,-1.));
#6362=DIRECTION('center_axis',(2.06553120860494E-16,-1.,0.));
#6363=DIRECTION('ref_axis',(0.,0.,-1.));
#6364=DIRECTION('',(1.,2.06553120860494E-16,0.));
#6365=DIRECTION('',(-1.,-2.06553120860494E-16,0.));
#6366=DIRECTION('',(0.,0.,-1.));
#6367=DIRECTION('center_axis',(1.,0.,0.));
#6368=DIRECTION('ref_axis',(0.,0.,-1.));
#6369=DIRECTION('',(0.,1.,0.));
#6370=DIRECTION('',(0.,-1.,0.));
#6371=DIRECTION('',(0.,0.,-1.));
#6372=DIRECTION('center_axis',(2.06553120860494E-16,1.,0.));
#6373=DIRECTION('ref_axis',(0.,0.,1.));
#6374=DIRECTION('',(-1.,2.06553120860494E-16,0.));
#6375=DIRECTION('',(1.,-2.06553120860494E-16,0.));
#6376=DIRECTION('center_axis',(1.27355796230477E-32,6.36778981152387E-33,
1.));
#6377=DIRECTION('ref_axis',(1.,0.,-1.27355796230477E-32));
#6378=DIRECTION('center_axis',(0.,0.,1.));
#6379=DIRECTION('ref_axis',(1.,0.,0.));
#6380=DIRECTION('axis',(0.,0.,1.));
#6381=DIRECTION('refdir',(1.,0.,0.));
#6382=DIRECTION('center_axis',(0.,0.,1.));
#6383=DIRECTION('ref_axis',(-0.255671430090527,-0.96676373527117,0.));
#6384=DIRECTION('center_axis',(0.,0.,-1.));
#6385=DIRECTION('ref_axis',(-0.255671430090527,-0.96676373527117,0.));
#6386=DIRECTION('',(0.,0.,-1.));
#6387=DIRECTION('center_axis',(0.,0.,1.));
#6388=DIRECTION('ref_axis',(-0.255671430090527,-0.96676373527117,0.));
#6389=DIRECTION('',(0.,0.,1.));
#6390=DIRECTION('center_axis',(0.869264239670931,-0.494347733512878,0.));
#6391=DIRECTION('ref_axis',(0.,0.,-1.));
#6392=DIRECTION('',(0.494347733512878,0.869264239670931,0.));
#6393=DIRECTION('',(0.,0.,1.));
#6394=DIRECTION('',(-0.494347733512878,-0.869264239670931,0.));
#6395=DIRECTION('center_axis',(0.,0.,1.));
#6396=DIRECTION('ref_axis',(1.,0.,0.));
#6397=DIRECTION('',(0.,-1.,0.));
#6398=DIRECTION('',(-1.,0.,0.));
#6399=DIRECTION('',(0.,1.,0.));
#6400=DIRECTION('center_axis',(0.,0.,1.));
#6401=DIRECTION('ref_axis',(0.25567143009053,-0.966763735271169,0.));
#6402=DIRECTION('',(0.494347733512877,-0.869264239670931,0.));
#6403=DIRECTION('',(-6.67201336914157E-17,1.,0.));
#6404=DIRECTION('center_axis',(0.,0.,1.));
#6405=DIRECTION('ref_axis',(0.707106781186547,-0.707106781186548,0.));
#6406=DIRECTION('',(-6.67201336914157E-17,-1.,0.));
#6407=DIRECTION('center_axis',(0.,0.,1.));
#6408=DIRECTION('ref_axis',(0.25567143009053,-0.966763735271169,0.));
#6409=DIRECTION('center_axis',(0.,0.,-1.));
#6410=DIRECTION('ref_axis',(0.25567143009053,-0.966763735271169,0.));
#6411=DIRECTION('',(0.,0.,-1.));
#6412=DIRECTION('',(0.,0.,1.));
#6413=DIRECTION('center_axis',(1.,0.,0.));
#6414=DIRECTION('ref_axis',(0.,0.,-1.));
#6415=DIRECTION('',(0.,0.,1.));
#6416=DIRECTION('',(0.,-1.,0.));
#6417=DIRECTION('center_axis',(1.,6.67201336914157E-17,0.));
#6418=DIRECTION('ref_axis',(0.,0.,-1.));
#6419=DIRECTION('',(0.,0.,1.));
#6420=DIRECTION('',(0.,0.,1.));
#6421=DIRECTION('',(6.67201336914157E-17,-1.,0.));
#6422=DIRECTION('center_axis',(0.,0.,1.));
#6423=DIRECTION('ref_axis',(-0.707106781186547,-0.707106781186548,0.));
#6424=DIRECTION('center_axis',(0.,0.,-1.));
#6425=DIRECTION('ref_axis',(-0.707106781186547,-0.707106781186548,0.));
#6426=DIRECTION('',(0.,0.,-1.));
#6427=DIRECTION('center_axis',(-1.,6.67201336914157E-17,0.));
#6428=DIRECTION('ref_axis',(0.,0.,1.));
#6429=DIRECTION('',(6.67201336914157E-17,1.,0.));
#6430=DIRECTION('center_axis',(0.,1.,0.));
#6431=DIRECTION('ref_axis',(0.,0.,1.));
#6432=DIRECTION('',(1.,0.,0.));
#6433=DIRECTION('',(0.,0.,1.));
#6434=DIRECTION('center_axis',(-0.869264239670931,-0.494347733512877,0.));
#6435=DIRECTION('ref_axis',(0.,0.,1.));
#6436=DIRECTION('',(-0.494347733512877,0.869264239670931,0.));
#6437=DIRECTION('center_axis',(-1.,0.,0.));
#6438=DIRECTION('ref_axis',(0.,0.,1.));
#6439=DIRECTION('',(2.77555756156289E-16,1.,0.));
#6440=DIRECTION('center_axis',(0.,0.,1.));
#6441=DIRECTION('ref_axis',(1.,0.,0.));
#6442=DIRECTION('axis',(0.,0.,1.));
#6443=DIRECTION('refdir',(1.,0.,0.));
#6444=DIRECTION('center_axis',(0.,0.,1.));
#6445=DIRECTION('ref_axis',(1.,0.,0.));
#6446=DIRECTION('center_axis',(0.,-1.,0.));
#6447=DIRECTION('ref_axis',(0.,0.,1.));
#6448=DIRECTION('center_axis',(1.,0.,0.));
#6449=DIRECTION('ref_axis',(0.,-1.,0.));
#6450=DIRECTION('center_axis',(0.,0.,1.));
#6451=DIRECTION('ref_axis',(1.,0.,0.));
#6452=DIRECTION('center_axis',(0.,-1.,-2.05816746098068E-16));
#6453=DIRECTION('ref_axis',(0.,0.,-1.));
#6454=DIRECTION('center_axis',(-1.,0.,0.));
#6455=DIRECTION('ref_axis',(0.,-1.,0.));
#6456=DIRECTION('center_axis',(0.,1.,2.05816746098068E-16));
#6457=DIRECTION('ref_axis',(-0.707106781186546,1.7347234759768E-16,-0.707106781186549));
#6458=DIRECTION('center_axis',(0.,-1.,-2.05816746098068E-16));
#6459=DIRECTION('ref_axis',(-0.707106781186546,1.45534416847694E-16,-0.707106781186549));
#6460=DIRECTION('center_axis',(1.,0.,0.));
#6461=DIRECTION('ref_axis',(0.,-0.707106781186548,0.707106781186548));
#6462=DIRECTION('',(-1.,0.,0.));
#6463=DIRECTION('',(1.,0.,0.));
#6464=DIRECTION('center_axis',(0.,2.05816746098068E-16,-1.));
#6465=DIRECTION('ref_axis',(0.707106781186548,-0.707106781186548,0.));
#6466=DIRECTION('center_axis',(0.,0.,-1.));
#6467=DIRECTION('ref_axis',(0.707106781186548,-0.707106781186548,0.));
#6468=DIRECTION('',(0.,-2.05816746098068E-16,1.));
#6469=DIRECTION('',(0.,2.05816746098068E-16,-1.));
#6470=DIRECTION('center_axis',(0.,0.,-1.));
#6471=DIRECTION('ref_axis',(0.707106781186544,0.707106781186551,0.));
#6472=DIRECTION('center_axis',(0.,-1.,0.));
#6473=DIRECTION('ref_axis',(1.,0.,0.));
#6474=DIRECTION('center_axis',(0.,0.,1.));
#6475=DIRECTION('ref_axis',(0.,1.,0.));
#6476=DIRECTION('center_axis',(-1.,0.,0.));
#6477=DIRECTION('ref_axis',(0.,0.,1.));
#6478=DIRECTION('center_axis',(0.,-1.,0.));
#6479=DIRECTION('ref_axis',(0.707106781186548,0.,0.707106781186548));
#6480=DIRECTION('',(0.,1.,0.));
#6481=DIRECTION('',(0.,-1.,0.));
#6482=DIRECTION('center_axis',(0.,0.,1.));
#6483=DIRECTION('ref_axis',(0.707106781186548,0.707106781186548,0.));
#6484=DIRECTION('center_axis',(0.,0.,-1.));
#6485=DIRECTION('ref_axis',(0.707106781186548,0.707106781186548,0.));
#6486=DIRECTION('',(0.,0.,1.));
#6487=DIRECTION('',(0.,0.,-1.));
#6488=DIRECTION('center_axis',(0.,0.,-1.));
#6489=DIRECTION('ref_axis',(-0.707106781186547,0.707106781186547,0.));
#6490=DIRECTION('center_axis',(1.,-5.55111512312578E-15,-5.55111512312578E-15));
#6491=DIRECTION('ref_axis',(5.55111512312578E-15,1.,0.));
#6492=DIRECTION('center_axis',(0.,0.,1.));
#6493=DIRECTION('ref_axis',(-1.,0.,0.));
#6494=DIRECTION('center_axis',(0.,-1.,0.));
#6495=DIRECTION('ref_axis',(0.,0.,1.));
#6496=DIRECTION('center_axis',(1.,-8.41078048958452E-17,0.));
#6497=DIRECTION('ref_axis',(5.94731991925671E-17,0.707106781186548,0.707106781186548));
#6498=DIRECTION('',(-1.,8.41078048958452E-17,0.));
#6499=DIRECTION('',(1.,-8.41078048958452E-17,0.));
#6500=DIRECTION('center_axis',(0.,0.,1.));
#6501=DIRECTION('ref_axis',(-0.707106781186548,0.707106781186548,0.));
#6502=DIRECTION('center_axis',(0.,0.,-1.));
#6503=DIRECTION('ref_axis',(-0.707106781186548,0.707106781186548,0.));
#6504=DIRECTION('',(0.,0.,1.));
#6505=DIRECTION('',(0.,0.,-1.));
#6506=DIRECTION('center_axis',(0.,0.,1.));
#6507=DIRECTION('ref_axis',(1.,0.,0.));
#6508=DIRECTION('center_axis',(1.,0.,0.));
#6509=DIRECTION('ref_axis',(0.,0.,1.));
#6510=DIRECTION('center_axis',(0.,1.,0.));
#6511=DIRECTION('ref_axis',(1.,0.,0.));
#6512=DIRECTION('center_axis',(0.,0.,1.));
#6513=DIRECTION('ref_axis',(0.,1.,0.));
#6514=DIRECTION('center_axis',(0.,0.,-1.));
#6515=DIRECTION('ref_axis',(-0.707106781186547,-0.707106781186547,0.));
#6516=DIRECTION('center_axis',(0.,1.,0.));
#6517=DIRECTION('ref_axis',(-1.,0.,0.));
#6518=DIRECTION('center_axis',(0.,0.,1.));
#6519=DIRECTION('ref_axis',(0.,-1.,0.));
#6520=DIRECTION('center_axis',(1.,0.,0.));
#6521=DIRECTION('ref_axis',(0.,0.,1.));
#6522=DIRECTION('center_axis',(0.,1.,0.));
#6523=DIRECTION('ref_axis',(-0.707106781186548,0.,0.707106781186548));
#6524=DIRECTION('',(0.,-1.,0.));
#6525=DIRECTION('',(0.,1.,0.));
#6526=DIRECTION('center_axis',(0.,0.,1.));
#6527=DIRECTION('ref_axis',(-0.707106781186548,-0.707106781186548,0.));
#6528=DIRECTION('center_axis',(0.,0.,-1.));
#6529=DIRECTION('ref_axis',(-0.707106781186548,-0.707106781186548,0.));
#6530=DIRECTION('',(0.,0.,1.));
#6531=DIRECTION('',(0.,0.,-1.));
#6532=DIRECTION('center_axis',(0.,0.,1.));
#6533=DIRECTION('ref_axis',(1.,0.,0.));
#6534=DIRECTION('center_axis',(0.,1.,0.));
#6535=DIRECTION('ref_axis',(0.,0.,1.));
#6536=DIRECTION('center_axis',(0.,0.,-1.));
#6537=DIRECTION('ref_axis',(0.707106781186547,-0.707106781186547,0.));
#6538=DIRECTION('center_axis',(-1.,0.,0.));
#6539=DIRECTION('ref_axis',(0.,-1.,0.));
#6540=DIRECTION('center_axis',(0.,-1.,0.));
#6541=DIRECTION('ref_axis',(0.707106781186548,0.,0.707106781186548));
#6542=DIRECTION('',(0.,1.,0.));
#6543=DIRECTION('',(0.,-1.,0.));
#6544=DIRECTION('center_axis',(-1.,-8.41078048958452E-17,0.));
#6545=DIRECTION('ref_axis',(0.,-0.707106781186548,0.707106781186548));
#6546=DIRECTION('',(1.,8.41078048958452E-17,0.));
#6547=DIRECTION('',(-1.,-8.41078048958452E-17,0.));
#6548=DIRECTION('center_axis',(0.,0.,1.));
#6549=DIRECTION('ref_axis',(0.707106781186548,-0.707106781186548,0.));
#6550=DIRECTION('center_axis',(0.,0.,-1.));
#6551=DIRECTION('ref_axis',(0.707106781186548,-0.707106781186548,0.));
#6552=DIRECTION('',(0.,0.,1.));
#6553=DIRECTION('',(0.,0.,-1.));
#6554=DIRECTION('center_axis',(0.,-4.67045693068693E-16,1.));
#6555=DIRECTION('ref_axis',(0.707106781186548,0.707106781186548,0.));
#6556=DIRECTION('center_axis',(0.,0.,-1.));
#6557=DIRECTION('ref_axis',(0.707106781186548,0.707106781186548,0.));
#6558=DIRECTION('',(0.,-4.67045693068693E-16,1.));
#6559=DIRECTION('',(0.,4.67045693068693E-16,-1.));
#6560=DIRECTION('center_axis',(-1.,0.,0.));
#6561=DIRECTION('ref_axis',(0.,0.707106781186548,0.707106781186548));
#6562=DIRECTION('center_axis',(1.,0.,0.));
#6563=DIRECTION('ref_axis',(0.,1.,0.));
#6564=DIRECTION('',(1.,0.,0.));
#6565=DIRECTION('',(-1.,0.,0.));
#6566=DIRECTION('center_axis',(0.,1.,4.67045693068693E-16));
#6567=DIRECTION('ref_axis',(0.,0.,1.));
#6568=DIRECTION('center_axis',(0.,-1.,-4.67045693068693E-16));
#6569=DIRECTION('ref_axis',(-0.707106781186546,3.4694469519536E-16,-0.707106781186549));
#6570=DIRECTION('center_axis',(0.,1.,4.67045693068693E-16));
#6571=DIRECTION('ref_axis',(-0.707106781186546,3.30251176692845E-16,-0.707106781186549));
#6572=DIRECTION('center_axis',(1.,0.,0.));
#6573=DIRECTION('ref_axis',(0.,0.,-1.));
#6574=DIRECTION('',(0.,-1.,0.));
#6575=DIRECTION('center_axis',(0.,1.,2.05816746098068E-16));
#6576=DIRECTION('ref_axis',(0.,-2.05816746098068E-16,1.));
#6577=DIRECTION('',(0.,-2.05816746098068E-16,1.));
#6578=DIRECTION('',(-1.,0.,0.));
#6579=DIRECTION('center_axis',(0.,1.,0.));
#6580=DIRECTION('ref_axis',(-0.707106781186548,0.,-0.707106781186548));
#6581=DIRECTION('',(0.,1.,0.));
#6582=DIRECTION('center_axis',(-0.707106781186544,0.707106781186551,0.));
#6583=DIRECTION('ref_axis',(-0.707106781186551,-0.707106781186544,0.));
#6584=DIRECTION('',(0.,-1.,0.));
#6585=DIRECTION('center_axis',(0.,0.,-1.));
#6586=DIRECTION('ref_axis',(-1.,0.,0.));
#6587=DIRECTION('',(0.,1.,0.));
#6588=DIRECTION('',(1.,-1.83697019872103E-16,0.));
#6589=DIRECTION('',(-1.22464679914735E-16,-1.,0.));
#6590=DIRECTION('',(-1.,6.12323399573677E-17,0.));
#6591=DIRECTION('center_axis',(0.,1.,0.));
#6592=DIRECTION('ref_axis',(-0.707106781186548,0.,-0.707106781186548));
#6593=DIRECTION('',(0.,-1.,0.));
#6594=DIRECTION('center_axis',(-0.707106781186544,-0.707106781186551,0.));
#6595=DIRECTION('ref_axis',(0.707106781186551,-0.707106781186544,0.));
#6596=DIRECTION('center_axis',(1.,-1.83697019872103E-16,0.));
#6597=DIRECTION('ref_axis',(0.,0.707106781186548,-0.707106781186548));
#6598=DIRECTION('',(-1.,1.83697019872103E-16,0.));
#6599=DIRECTION('center_axis',(-0.707106781186549,0.707106781186546,1.96261557335472E-15));
#6600=DIRECTION('ref_axis',(-0.707106781186546,-0.707106781186549,-1.96261557335473E-15));
#6601=DIRECTION('center_axis',(-1.22464679914735E-16,-1.,0.));
#6602=DIRECTION('ref_axis',(0.707106781186546,0.,-0.70710678118655));
#6603=DIRECTION('',(1.22464679914735E-16,1.,0.));
#6604=DIRECTION('center_axis',(0.707106781186549,0.707106781186546,1.96261557335471E-15));
#6605=DIRECTION('ref_axis',(-0.707106781186546,0.707106781186549,-1.9626155733547E-15));
#6606=DIRECTION('center_axis',(-1.,6.12323399573677E-17,0.));
#6607=DIRECTION('ref_axis',(0.,-0.707106781186548,-0.707106781186548));
#6608=DIRECTION('',(1.,-6.12323399573677E-17,0.));
#6609=DIRECTION('center_axis',(6.12323399573677E-17,1.,0.));
#6610=DIRECTION('ref_axis',(0.,0.,-1.));
#6611=DIRECTION('',(0.,0.,-1.));
#6612=DIRECTION('',(-1.,6.12323399573677E-17,2.06004708098014E-32));
#6613=DIRECTION('',(0.,0.,1.));
#6614=DIRECTION('center_axis',(-1.,1.22464679914735E-16,0.));
#6615=DIRECTION('ref_axis',(0.,0.,-1.));
#6616=DIRECTION('',(0.,0.,-1.));
#6617=DIRECTION('',(-1.22464679914735E-16,-1.,-3.36431219583381E-16));
#6618=DIRECTION('center_axis',(-1.83697019872103E-16,-1.,0.));
#6619=DIRECTION('ref_axis',(0.,0.,-1.));
#6620=DIRECTION('',(0.,0.,-1.));
#6621=DIRECTION('',(1.,-1.83697019872103E-16,-6.18014124294041E-32));
#6622=DIRECTION('center_axis',(1.,0.,0.));
#6623=DIRECTION('ref_axis',(0.,0.,-1.));
#6624=DIRECTION('',(0.,1.,3.36431219583381E-16));
#6625=DIRECTION('',(0.,-2.05816746098068E-16,1.));
#6626=DIRECTION('',(0.,-1.,-3.36431219583381E-16));
#6627=DIRECTION('',(0.,0.,1.));
#6628=DIRECTION('',(0.,1.,0.));
#6629=DIRECTION('',(0.,2.05816746098068E-16,-1.));
#6630=DIRECTION('',(0.,1.,-8.44671384405678E-33));
#6631=DIRECTION('',(0.,4.67045693068693E-16,-1.));
#6632=DIRECTION('',(0.,1.,0.));
#6633=DIRECTION('',(0.,0.,-1.));
#6634=DIRECTION('',(0.,-1.,-3.36431219583381E-16));
#6635=DIRECTION('',(0.,4.67045693068693E-16,-1.));
#6636=DIRECTION('',(0.,1.,3.36431219583381E-16));
#6637=DIRECTION('',(0.,-4.67045693068693E-16,1.));
#6638=DIRECTION('',(0.,-1.,-3.36431219583381E-16));
#6639=DIRECTION('center_axis',(0.,0.,1.));
#6640=DIRECTION('ref_axis',(1.,0.,0.));
#6641=DIRECTION('center_axis',(1.,0.,0.));
#6642=DIRECTION('ref_axis',(0.,0.,-1.));
#6643=DIRECTION('center_axis',(0.,-1.,0.));
#6644=DIRECTION('ref_axis',(1.,0.,0.));
#6645=DIRECTION('center_axis',(0.,0.,-1.));
#6646=DIRECTION('ref_axis',(0.,-1.,0.));
#6647=DIRECTION('center_axis',(-1.,0.,0.));
#6648=DIRECTION('ref_axis',(0.,1.,0.));
#6649=DIRECTION('center_axis',(0.,0.,-1.));
#6650=DIRECTION('ref_axis',(1.,0.,0.));
#6651=DIRECTION('center_axis',(0.,-1.,0.));
#6652=DIRECTION('ref_axis',(0.,0.,-1.));
#6653=DIRECTION('center_axis',(0.,-3.36431219583381E-16,1.));
#6654=DIRECTION('ref_axis',(0.707106781186544,0.707106781186551,0.));
#6655=DIRECTION('center_axis',(0.,0.,1.));
#6656=DIRECTION('ref_axis',(1.,0.,0.));
#6657=DIRECTION('center_axis',(1.,0.,0.));
#6658=DIRECTION('ref_axis',(0.,-1.,0.));
#6659=DIRECTION('center_axis',(0.,0.,1.));
#6660=DIRECTION('ref_axis',(1.,0.,0.));
#6661=DIRECTION('center_axis',(-2.77555756156289E-15,-1.,-1.38777878078148E-15));
#6662=DIRECTION('ref_axis',(0.,-1.38777878078148E-15,1.));
#6663=DIRECTION('center_axis',(0.,2.05816746098068E-16,-1.));
#6664=DIRECTION('ref_axis',(0.707106781186548,-0.707106781186548,0.));
#6665=DIRECTION('',(0.,-2.05816746098068E-16,1.));
#6666=DIRECTION('',(0.,2.05816746098068E-16,-1.));
#6667=DIRECTION('center_axis',(0.,-1.,0.));
#6668=DIRECTION('ref_axis',(-1.,0.,0.));
#6669=DIRECTION('center_axis',(0.,0.,-1.));
#6670=DIRECTION('ref_axis',(0.,1.,0.));
#6671=DIRECTION('center_axis',(1.,0.,0.));
#6672=DIRECTION('ref_axis',(0.,0.,-1.));
#6673=DIRECTION('center_axis',(0.,-3.36431219583381E-16,1.));
#6674=DIRECTION('ref_axis',(-0.707106781186547,0.707106781186547,0.));
#6675=DIRECTION('center_axis',(0.,3.36431219583381E-16,-1.));
#6676=DIRECTION('ref_axis',(0.707106781186544,0.707106781186551,0.));
#6677=DIRECTION('center_axis',(0.,-1.,0.));
#6678=DIRECTION('ref_axis',(1.,0.,0.));
#6679=DIRECTION('center_axis',(0.,0.,1.));
#6680=DIRECTION('ref_axis',(0.,1.,0.));
#6681=DIRECTION('center_axis',(-1.,0.,0.));
#6682=DIRECTION('ref_axis',(0.,0.,1.));
#6683=DIRECTION('center_axis',(0.,-1.,-3.36431219583381E-16));
#6684=DIRECTION('ref_axis',(0.707106781186555,-2.37892796770268E-16,0.70710678118654));
#6685=DIRECTION('',(0.,1.,3.36431219583381E-16));
#6686=DIRECTION('',(0.,-1.,-3.36431219583381E-16));
#6687=DIRECTION('center_axis',(0.,0.,1.));
#6688=DIRECTION('ref_axis',(0.707106781186548,0.707106781186548,0.));
#6689=DIRECTION('',(0.,0.,-1.));
#6690=DIRECTION('',(0.,0.,1.));
#6691=DIRECTION('center_axis',(0.,0.,1.));
#6692=DIRECTION('ref_axis',(1.,0.,0.));
#6693=DIRECTION('center_axis',(0.,1.,0.));
#6694=DIRECTION('ref_axis',(0.,0.,-1.));
#6695=DIRECTION('center_axis',(1.,0.,0.));
#6696=DIRECTION('ref_axis',(0.,1.,0.));
#6697=DIRECTION('center_axis',(0.,2.22044604925031E-14,-1.));
#6698=DIRECTION('ref_axis',(1.,0.,0.));
#6699=DIRECTION('center_axis',(0.,1.,4.67045693068693E-16));
#6700=DIRECTION('ref_axis',(0.,0.,1.));
#6701=DIRECTION('center_axis',(-1.,0.,0.));
#6702=DIRECTION('ref_axis',(0.,1.,0.));
#6703=DIRECTION('center_axis',(0.,-1.,-4.67045693068693E-16));
#6704=DIRECTION('ref_axis',(-0.707106781186546,-3.46944695195361E-16,0.707106781186549));
#6705=DIRECTION('center_axis',(0.,1.,4.67045693068693E-16));
#6706=DIRECTION('ref_axis',(-0.707106781186546,-3.30251176692845E-16,0.707106781186549));
#6707=DIRECTION('center_axis',(1.,0.,0.));
#6708=DIRECTION('ref_axis',(0.,0.70710678118654,-0.707106781186555));
#6709=DIRECTION('',(-1.,0.,0.));
#6710=DIRECTION('',(1.,0.,0.));
#6711=DIRECTION('center_axis',(1.,0.,0.));
#6712=DIRECTION('ref_axis',(0.,-1.,0.));
#6713=DIRECTION('center_axis',(0.,1.11022302462516E-14,-1.));
#6714=DIRECTION('ref_axis',(-1.,0.,0.));
#6715=DIRECTION('center_axis',(0.,1.,0.));
#6716=DIRECTION('ref_axis',(0.,0.,-1.));
#6717=DIRECTION('center_axis',(0.,-3.36431219583381E-16,1.));
#6718=DIRECTION('ref_axis',(-0.707106781186547,-0.707106781186547,0.));
#6719=DIRECTION('center_axis',(0.,3.36431219583381E-16,-1.));
#6720=DIRECTION('ref_axis',(-0.707106781186552,0.707106781186544,0.));
#6721=DIRECTION('center_axis',(1.,-5.55111512312578E-15,-5.55111512312578E-15));
#6722=DIRECTION('ref_axis',(5.55111512312578E-15,1.,0.));
#6723=DIRECTION('center_axis',(0.,0.,1.));
#6724=DIRECTION('ref_axis',(-1.,0.,0.));
#6725=DIRECTION('center_axis',(0.,-1.,0.));
#6726=DIRECTION('ref_axis',(0.,0.,1.));
#6727=DIRECTION('center_axis',(1.,-8.41078048958452E-17,-2.82964913775902E-32));
#6728=DIRECTION('ref_axis',(5.94731991925682E-17,0.707106781186555,0.70710678118654));
#6729=DIRECTION('',(-1.,8.41078048958452E-17,2.82964913775902E-32));
#6730=DIRECTION('',(1.,-8.41078048958452E-17,-2.82964913775902E-32));
#6731=DIRECTION('center_axis',(0.,0.,1.));
#6732=DIRECTION('ref_axis',(-0.707106781186548,0.707106781186548,0.));
#6733=DIRECTION('',(0.,0.,-1.));
#6734=DIRECTION('',(0.,0.,1.));
#6735=DIRECTION('center_axis',(0.,1.,0.));
#6736=DIRECTION('ref_axis',(1.,0.,0.));
#6737=DIRECTION('center_axis',(0.,0.,-1.));
#6738=DIRECTION('ref_axis',(0.,-1.,0.));
#6739=DIRECTION('center_axis',(-1.,0.,0.));
#6740=DIRECTION('ref_axis',(0.,0.,-1.));
#6741=DIRECTION('center_axis',(0.,-3.36431219583381E-16,1.));
#6742=DIRECTION('ref_axis',(0.707106781186547,-0.707106781186547,0.));
#6743=DIRECTION('center_axis',(0.,0.,1.));
#6744=DIRECTION('ref_axis',(1.,0.,0.));
#6745=DIRECTION('center_axis',(1.,0.,0.));
#6746=DIRECTION('ref_axis',(0.,0.,1.));
#6747=DIRECTION('center_axis',(0.,1.,-1.38777878078148E-15));
#6748=DIRECTION('ref_axis',(1.,0.,0.));
#6749=DIRECTION('center_axis',(-2.22044604925031E-14,0.,1.));
#6750=DIRECTION('ref_axis',(0.,1.,0.));
#6751=DIRECTION('center_axis',(0.,3.36431219583381E-16,-1.));
#6752=DIRECTION('ref_axis',(-0.707106781186547,-0.707106781186547,0.));
#6753=DIRECTION('center_axis',(0.,1.,0.));
#6754=DIRECTION('ref_axis',(-1.,0.,0.));
#6755=DIRECTION('center_axis',(0.,0.,1.));
#6756=DIRECTION('ref_axis',(0.,-1.,0.));
#6757=DIRECTION('center_axis',(1.,0.,0.));
#6758=DIRECTION('ref_axis',(0.,0.,1.));
#6759=DIRECTION('center_axis',(0.,1.,3.36431219583381E-16));
#6760=DIRECTION('ref_axis',(-0.70710678118654,0.,0.707106781186555));
#6761=DIRECTION('',(0.,-1.,-3.36431219583381E-16));
#6762=DIRECTION('',(0.,1.,3.36431219583381E-16));
#6763=DIRECTION('center_axis',(0.,0.,1.));
#6764=DIRECTION('ref_axis',(-0.707106781186548,-0.707106781186548,0.));
#6765=DIRECTION('',(0.,0.,-1.));
#6766=DIRECTION('',(0.,0.,1.));
#6767=DIRECTION('center_axis',(0.,-1.11022302462516E-14,1.));
#6768=DIRECTION('ref_axis',(1.,0.,0.));
#6769=DIRECTION('center_axis',(0.,1.,0.));
#6770=DIRECTION('ref_axis',(0.,0.,1.));
#6771=DIRECTION('center_axis',(0.,3.36431219583381E-16,-1.));
#6772=DIRECTION('ref_axis',(0.707106781186547,-0.707106781186547,0.));
#6773=DIRECTION('center_axis',(-1.,0.,0.));
#6774=DIRECTION('ref_axis',(0.,-1.,0.));
#6775=DIRECTION('center_axis',(0.,-1.,-3.36431219583381E-16));
#6776=DIRECTION('ref_axis',(0.707106781186555,-2.37892796770268E-16,0.70710678118654));
#6777=DIRECTION('',(0.,1.,3.36431219583381E-16));
#6778=DIRECTION('',(0.,-1.,-3.36431219583381E-16));
#6779=DIRECTION('center_axis',(-1.,-8.41078048958452E-17,-2.82964913775902E-32));
#6780=DIRECTION('ref_axis',(0.,-0.70710678118654,0.707106781186555));
#6781=DIRECTION('',(1.,8.41078048958452E-17,2.82964913775902E-32));
#6782=DIRECTION('',(-1.,-8.41078048958452E-17,-2.82964913775902E-32));
#6783=DIRECTION('center_axis',(0.,0.,1.));
#6784=DIRECTION('ref_axis',(0.707106781186548,-0.707106781186548,0.));
#6785=DIRECTION('',(0.,0.,-1.));
#6786=DIRECTION('',(0.,0.,1.));
#6787=DIRECTION('center_axis',(0.,-4.67045693068693E-16,1.));
#6788=DIRECTION('ref_axis',(0.707106781186548,0.707106781186548,0.));
#6789=DIRECTION('',(0.,4.67045693068693E-16,-1.));
#6790=DIRECTION('',(0.,-4.67045693068693E-16,1.));
#6791=DIRECTION('center_axis',(-1.,0.,0.));
#6792=DIRECTION('ref_axis',(0.,0.70710678118654,0.707106781186555));
#6793=DIRECTION('center_axis',(1.,0.,0.));
#6794=DIRECTION('ref_axis',(0.,1.,0.));
#6795=DIRECTION('',(1.,0.,0.));
#6796=DIRECTION('',(-1.,0.,0.));
#6797=DIRECTION('center_axis',(0.,1.,4.67045693068693E-16));
#6798=DIRECTION('ref_axis',(0.,0.,1.));
#6799=DIRECTION('center_axis',(0.,-1.,-4.67045693068693E-16));
#6800=DIRECTION('ref_axis',(-0.707106781186546,3.4694469519536E-16,-0.707106781186549));
#6801=DIRECTION('center_axis',(0.,1.,4.67045693068693E-16));
#6802=DIRECTION('ref_axis',(-0.707106781186546,3.30251176692845E-16,-0.707106781186549));
#6803=DIRECTION('center_axis',(1.,8.41078048958452E-17,2.82964913775902E-32));
#6804=DIRECTION('ref_axis',(0.,-0.70710678118654,-0.707106781186555));
#6805=DIRECTION('',(-1.,-8.41078048958452E-17,-2.82964913775902E-32));
#6806=DIRECTION('',(1.,8.41078048958452E-17,2.82964913775902E-32));
#6807=DIRECTION('center_axis',(0.,1.,3.36431219583381E-16));
#6808=DIRECTION('ref_axis',(0.707106781186555,0.,-0.70710678118654));
#6809=DIRECTION('',(0.,-1.,-3.36431219583381E-16));
#6810=DIRECTION('',(0.,1.,3.36431219583381E-16));
#6811=DIRECTION('center_axis',(0.,-1.,-3.36431219583381E-16));
#6812=DIRECTION('ref_axis',(-0.70710678118654,2.37892796770273E-16,-0.707106781186555));
#6813=DIRECTION('',(0.,1.,3.36431219583381E-16));
#6814=DIRECTION('',(0.,-1.,-3.36431219583381E-16));
#6815=DIRECTION('center_axis',(-1.,8.41078048958452E-17,2.82964913775902E-32));
#6816=DIRECTION('ref_axis',(5.94731991925679E-17,0.707106781186555,-0.70710678118654));
#6817=DIRECTION('',(1.,-8.41078048958452E-17,-2.82964913775902E-32));
#6818=DIRECTION('',(-1.,8.41078048958452E-17,2.82964913775902E-32));
#6819=DIRECTION('center_axis',(0.,-1.,-2.05816746098068E-16));
#6820=DIRECTION('ref_axis',(0.,0.,-1.));
#6821=DIRECTION('center_axis',(-1.,0.,0.));
#6822=DIRECTION('ref_axis',(0.,-1.,0.));
#6823=DIRECTION('center_axis',(0.,1.,2.05816746098068E-16));
#6824=DIRECTION('ref_axis',(-0.707106781186546,1.7347234759768E-16,-0.707106781186549));
#6825=DIRECTION('center_axis',(0.,-1.,-2.05816746098068E-16));
#6826=DIRECTION('ref_axis',(-0.707106781186546,1.45534416847694E-16,-0.707106781186549));
#6827=DIRECTION('center_axis',(1.,0.,0.));
#6828=DIRECTION('ref_axis',(0.,-0.707106781186556,0.707106781186539));
#6829=DIRECTION('',(-1.,0.,0.));
#6830=DIRECTION('',(1.,0.,0.));
#6831=DIRECTION('center_axis',(0.,1.,3.36431219583381E-16));
#6832=DIRECTION('ref_axis',(0.707106781186555,0.,-0.70710678118654));
#6833=DIRECTION('',(0.,-1.,-3.36431219583381E-16));
#6834=DIRECTION('',(0.,1.,3.36431219583381E-16));
#6835=DIRECTION('center_axis',(-1.,0.,0.));
#6836=DIRECTION('ref_axis',(0.,-0.707106781186555,-0.70710678118654));
#6837=DIRECTION('center_axis',(1.,0.,0.));
#6838=DIRECTION('ref_axis',(0.,-1.,0.));
#6839=DIRECTION('',(1.,0.,0.));
#6840=DIRECTION('',(-1.,0.,0.));
#6841=DIRECTION('center_axis',(0.,-1.,-2.05816746098068E-16));
#6842=DIRECTION('ref_axis',(0.,0.,-1.));
#6843=DIRECTION('center_axis',(0.,1.,2.05816746098068E-16));
#6844=DIRECTION('ref_axis',(-0.707106781186546,-1.7347234759768E-16,0.707106781186549));
#6845=DIRECTION('center_axis',(0.,-1.,-2.05816746098068E-16));
#6846=DIRECTION('ref_axis',(-0.707106781186546,-1.45534416847694E-16,0.707106781186549));
#6847=DIRECTION('center_axis',(0.,-1.,-4.67045693068693E-16));
#6848=DIRECTION('ref_axis',(0.,4.67045693068693E-16,-1.));
#6849=DIRECTION('center_axis',(0.,-1.,-3.36431219583381E-16));
#6850=DIRECTION('ref_axis',(-0.707106781186555,0.,0.70710678118654));
#6851=DIRECTION('',(0.,-1.,-3.36431219583381E-16));
#6852=DIRECTION('center_axis',(-0.707106781186544,-0.707106781186551,0.));
#6853=DIRECTION('ref_axis',(-0.707106781186551,0.707106781186544,4.75785593540541E-16));
#6854=DIRECTION('center_axis',(0.,-3.36431219583381E-16,1.));
#6855=DIRECTION('ref_axis',(1.,0.,0.));
#6856=DIRECTION('',(0.,-1.,-3.36431219583381E-16));
#6857=DIRECTION('',(1.,-6.12323399573677E-17,-2.06004708098014E-32));
#6858=DIRECTION('',(1.22464679914735E-16,1.,3.36431219583381E-16));
#6859=DIRECTION('',(-1.,1.83697019872103E-16,6.18014124294041E-32));
#6860=DIRECTION('center_axis',(0.,-1.,-3.36431219583381E-16));
#6861=DIRECTION('ref_axis',(-0.707106781186555,0.,0.70710678118654));
#6862=DIRECTION('center_axis',(-0.707106781186544,0.707106781186551,0.));
#6863=DIRECTION('ref_axis',(0.707106781186551,0.707106781186544,4.75785593540541E-16));
#6864=DIRECTION('center_axis',(1.,0.,0.));
#6865=DIRECTION('ref_axis',(0.,0.,-1.));
#6866=DIRECTION('center_axis',(8.41078048958452E-17,1.,0.));
#6867=DIRECTION('ref_axis',(0.,0.,1.));
#6868=DIRECTION('center_axis',(-1.,0.,0.));
#6869=DIRECTION('ref_axis',(0.,0.,1.));
#6870=DIRECTION('center_axis',(8.41078048958452E-17,-1.,0.));
#6871=DIRECTION('ref_axis',(0.,0.,-1.));
#6872=DIRECTION('center_axis',(1.,0.,0.));
#6873=DIRECTION('ref_axis',(0.,0.,-1.));
#6874=DIRECTION('center_axis',(1.,-6.12323399573677E-17,-2.06004708098014E-32));
#6875=DIRECTION('ref_axis',(0.,-0.707106781186555,0.70710678118654));
#6876=DIRECTION('center_axis',(-0.70710678118655,-0.707106781186546,-1.96261557335472E-15));
#6877=DIRECTION('ref_axis',(-0.707106781186546,0.70710678118655,1.96261557335473E-15));
#6878=DIRECTION('center_axis',(1.22464679914735E-16,1.,3.36431219583381E-16));
#6879=DIRECTION('ref_axis',(0.707106781186555,0.,0.70710678118654));
#6880=DIRECTION('center_axis',(0.707106781186549,-0.707106781186547,1.96261557335471E-15));
#6881=DIRECTION('ref_axis',(-0.707106781186547,-0.707106781186549,-2.43840116689524E-15));
#6882=DIRECTION('center_axis',(-1.,1.83697019872103E-16,6.18014124294041E-32));
#6883=DIRECTION('ref_axis',(0.,0.70710678118654,0.707106781186555));
#6884=DIRECTION('center_axis',(0.,1.,3.36431219583381E-16));
#6885=DIRECTION('ref_axis',(-0.70710678118654,0.,-0.707106781186555));
#6886=DIRECTION('',(0.,1.,3.36431219583381E-16));
#6887=DIRECTION('center_axis',(-0.707106781186547,0.707106781186549,1.96261557335472E-15));
#6888=DIRECTION('ref_axis',(-0.707106781186548,-0.707106781186546,1.48682997981419E-15));
#6889=DIRECTION('center_axis',(0.,1.,3.36431219583381E-16));
#6890=DIRECTION('ref_axis',(-0.70710678118654,0.,-0.707106781186555));
#6891=DIRECTION('center_axis',(-0.707106781186546,-0.707106781186549,0.));
#6892=DIRECTION('ref_axis',(0.707106781186549,-0.707106781186546,-4.75785593540539E-16));
#6893=DIRECTION('',(0.,1.,3.36431219583381E-16));
#6894=DIRECTION('center_axis',(1.,-1.83697019872103E-16,-6.18014124294041E-32));
#6895=DIRECTION('ref_axis',(0.,0.70710678118654,-0.707106781186555));
#6896=DIRECTION('',(1.,-1.83697019872103E-16,-6.18014124294041E-32));
#6897=DIRECTION('',(-1.,1.83697019872103E-16,6.18014124294041E-32));
#6898=DIRECTION('center_axis',(-0.707106781186546,0.707106781186549,-1.96261557335471E-15));
#6899=DIRECTION('ref_axis',(-0.707106781186549,-0.707106781186545,1.9626155733547E-15));
#6900=DIRECTION('center_axis',(-1.22464679914735E-16,-1.,-3.36431219583381E-16));
#6901=DIRECTION('ref_axis',(0.70710678118654,0.,-0.707106781186555));
#6902=DIRECTION('',(-1.22464679914735E-16,-1.,-3.36431219583381E-16));
#6903=DIRECTION('',(1.22464679914735E-16,1.,3.36431219583381E-16));
#6904=DIRECTION('center_axis',(0.707106781186549,0.707106781186546,3.92523114670943E-15));
#6905=DIRECTION('ref_axis',(-0.707106781186545,0.707106781186549,-3.44944555316888E-15));
#6906=DIRECTION('center_axis',(-1.,6.12323399573677E-17,2.06004708098014E-32));
#6907=DIRECTION('ref_axis',(0.,-0.707106781186555,-0.70710678118654));
#6908=DIRECTION('',(-1.,6.12323399573677E-17,2.06004708098014E-32));
#6909=DIRECTION('',(1.,-6.12323399573677E-17,-2.06004708098014E-32));
#6910=DIRECTION('center_axis',(6.12323399573677E-17,1.,0.));
#6911=DIRECTION('ref_axis',(0.,0.,-1.));
#6912=DIRECTION('',(0.,0.,-1.));
#6913=DIRECTION('',(-1.,6.12323399573677E-17,0.));
#6914=DIRECTION('center_axis',(-1.,1.22464679914735E-16,0.));
#6915=DIRECTION('ref_axis',(0.,0.,-1.));
#6916=DIRECTION('',(0.,0.,-1.));
#6917=DIRECTION('',(-1.22464679914735E-16,-1.,0.));
#6918=DIRECTION('center_axis',(-1.83697019872103E-16,-1.,0.));
#6919=DIRECTION('ref_axis',(0.,0.,-1.));
#6920=DIRECTION('',(1.,-1.83697019872103E-16,0.));
#6921=DIRECTION('center_axis',(-1.,0.,0.));
#6922=DIRECTION('ref_axis',(0.,1.,0.));
#6923=DIRECTION('center_axis',(0.,0.,-1.));
#6924=DIRECTION('ref_axis',(1.,0.,0.));
#6925=DIRECTION('center_axis',(0.,-1.,0.));
#6926=DIRECTION('ref_axis',(0.,0.,-1.));
#6927=DIRECTION('center_axis',(0.,0.,1.));
#6928=DIRECTION('ref_axis',(0.707106781186544,0.707106781186551,0.));
#6929=DIRECTION('center_axis',(0.,-1.,0.));
#6930=DIRECTION('ref_axis',(-1.,0.,0.));
#6931=DIRECTION('center_axis',(0.,0.,-1.));
#6932=DIRECTION('ref_axis',(0.,1.,0.));
#6933=DIRECTION('center_axis',(1.,0.,0.));
#6934=DIRECTION('ref_axis',(0.,0.,-1.));
#6935=DIRECTION('center_axis',(0.,0.,1.));
#6936=DIRECTION('ref_axis',(-0.707106781186547,0.707106781186547,0.));
#6937=DIRECTION('center_axis',(0.,0.,1.));
#6938=DIRECTION('ref_axis',(1.,0.,0.));
#6939=DIRECTION('center_axis',(0.,1.,0.));
#6940=DIRECTION('ref_axis',(1.,0.,0.));
#6941=DIRECTION('center_axis',(0.,0.,1.));
#6942=DIRECTION('ref_axis',(0.,1.,0.));
#6943=DIRECTION('center_axis',(1.,0.,0.));
#6944=DIRECTION('ref_axis',(0.,0.,1.));
#6945=DIRECTION('center_axis',(0.,0.,1.));
#6946=DIRECTION('ref_axis',(0.707106781186548,0.707106781186548,0.));
#6947=DIRECTION('',(0.,0.,-1.));
#6948=DIRECTION('',(0.,0.,1.));
#6949=DIRECTION('center_axis',(0.,0.,1.));
#6950=DIRECTION('ref_axis',(1.,0.,0.));
#6951=DIRECTION('center_axis',(1.,0.,0.));
#6952=DIRECTION('ref_axis',(0.,0.,-1.));
#6953=DIRECTION('center_axis',(0.,-1.,0.));
#6954=DIRECTION('ref_axis',(1.,0.,0.));
#6955=DIRECTION('center_axis',(0.,0.,-1.));
#6956=DIRECTION('ref_axis',(0.,-1.,0.));
#6957=DIRECTION('center_axis',(0.,1.,0.));
#6958=DIRECTION('ref_axis',(0.707106781186555,0.,-0.70710678118654));
#6959=DIRECTION('',(0.,-1.,0.));
#6960=DIRECTION('',(0.,1.,0.));
#6961=DIRECTION('center_axis',(0.,0.,1.));
#6962=DIRECTION('ref_axis',(1.,0.,0.));
#6963=DIRECTION('center_axis',(-1.,0.,0.));
#6964=DIRECTION('ref_axis',(0.,1.,0.));
#6965=DIRECTION('center_axis',(0.,0.,1.));
#6966=DIRECTION('ref_axis',(-1.,0.,0.));
#6967=DIRECTION('center_axis',(0.,1.,0.));
#6968=DIRECTION('ref_axis',(0.,0.,1.));
#6969=DIRECTION('center_axis',(0.,0.,1.));
#6970=DIRECTION('ref_axis',(-0.707106781186548,0.707106781186548,0.));
#6971=DIRECTION('',(0.,0.,-1.));
#6972=DIRECTION('',(0.,0.,1.));
#6973=DIRECTION('center_axis',(0.,-1.,0.));
#6974=DIRECTION('ref_axis',(-0.707106781186555,0.,-0.70710678118654));
#6975=DIRECTION('',(0.,1.,0.));
#6976=DIRECTION('',(0.,-1.,0.));
#6977=DIRECTION('center_axis',(-0.707106781186548,0.707106781186548,0.));
#6978=DIRECTION('ref_axis',(0.707106781186547,0.707106781186547,0.));
#6979=DIRECTION('center_axis',(0.,1.,2.05816746098068E-16));
#6980=DIRECTION('ref_axis',(0.707106781186524,0.,0.707106781186571));
#6981=DIRECTION('center_axis',(0.,0.,-1.));
#6982=DIRECTION('ref_axis',(1.,0.,0.));
#6983=DIRECTION('center_axis',(0.,-1.,0.));
#6984=DIRECTION('ref_axis',(0.,0.,1.));
#6985=DIRECTION('center_axis',(-1.,0.,0.));
#6986=DIRECTION('ref_axis',(0.,-1.,0.));
#6987=DIRECTION('center_axis',(0.,2.05816746098068E-16,-1.));
#6988=DIRECTION('ref_axis',(0.707106781186548,-0.707106781186548,0.));
#6989=DIRECTION('',(0.,-2.05816746098068E-16,1.));
#6990=DIRECTION('',(0.,2.05816746098068E-16,-1.));
#6991=DIRECTION('center_axis',(0.,-1.,8.44671384405678E-33));
#6992=DIRECTION('ref_axis',(0.70710678118654,0.,0.707106781186555));
#6993=DIRECTION('',(0.,1.,-8.44671384405678E-33));
#6994=DIRECTION('',(0.,-1.,8.44671384405678E-33));
#6995=DIRECTION('center_axis',(0.,1.,0.));
#6996=DIRECTION('ref_axis',(1.,0.,0.));
#6997=DIRECTION('center_axis',(0.,0.,-1.));
#6998=DIRECTION('ref_axis',(0.,-1.,0.));
#6999=DIRECTION('center_axis',(-1.,0.,0.));
#7000=DIRECTION('ref_axis',(0.,0.,-1.));
#7001=DIRECTION('center_axis',(0.,0.,1.));
#7002=DIRECTION('ref_axis',(0.707106781186547,-0.707106781186547,0.));
#7003=DIRECTION('center_axis',(1.,-8.69237579302636E-48,4.22335692202839E-32));
#7004=DIRECTION('ref_axis',(0.,-0.707106781186555,0.70710678118654));
#7005=DIRECTION('',(1.,-8.69237579302636E-48,4.22335692202839E-32));
#7006=DIRECTION('',(-1.,8.69237579302636E-48,-4.22335692202839E-32));
#7007=DIRECTION('center_axis',(0.707106781186548,0.707106781186548,0.));
#7008=DIRECTION('ref_axis',(-0.707106781186547,0.707106781186547,-5.97272863787484E-32));
#7009=DIRECTION('center_axis',(0.,0.,1.));
#7010=DIRECTION('ref_axis',(1.,0.,0.));
#7011=DIRECTION('center_axis',(1.,0.,0.));
#7012=DIRECTION('ref_axis',(0.,-1.,0.));
#7013=DIRECTION('center_axis',(0.,0.,1.));
#7014=DIRECTION('ref_axis',(1.,0.,0.));
#7015=DIRECTION('center_axis',(5.55111512312578E-15,-1.,0.));
#7016=DIRECTION('ref_axis',(0.,0.,1.));
#7017=DIRECTION('center_axis',(0.,0.,1.));
#7018=DIRECTION('ref_axis',(0.707106781186548,-0.707106781186548,0.));
#7019=DIRECTION('',(0.,0.,-1.));
#7020=DIRECTION('',(0.,0.,1.));
#7021=DIRECTION('center_axis',(0.,0.,1.));
#7022=DIRECTION('ref_axis',(1.,0.,0.));
#7023=DIRECTION('center_axis',(0.,1.,0.));
#7024=DIRECTION('ref_axis',(0.,0.,-1.));
#7025=DIRECTION('center_axis',(1.,0.,0.));
#7026=DIRECTION('ref_axis',(0.,1.,0.));
#7027=DIRECTION('center_axis',(0.,0.,-1.));
#7028=DIRECTION('ref_axis',(1.,0.,0.));
#7029=DIRECTION('center_axis',(0.,1.,4.67045693068693E-16));
#7030=DIRECTION('ref_axis',(0.,0.,1.));
#7031=DIRECTION('center_axis',(-1.,0.,0.));
#7032=DIRECTION('ref_axis',(0.,1.,0.));
#7033=DIRECTION('center_axis',(0.,-1.,-4.67045693068693E-16));
#7034=DIRECTION('ref_axis',(-0.707106781186546,-3.46944695195361E-16,0.707106781186549));
#7035=DIRECTION('center_axis',(0.,1.,4.67045693068693E-16));
#7036=DIRECTION('ref_axis',(-0.707106781186546,-3.30251176692845E-16,0.707106781186549));
#7037=DIRECTION('center_axis',(1.,0.,0.));
#7038=DIRECTION('ref_axis',(0.,0.707106781186555,-0.70710678118654));
#7039=DIRECTION('',(-1.,0.,0.));
#7040=DIRECTION('',(1.,0.,0.));
#7041=DIRECTION('center_axis',(-1.,0.,0.));
#7042=DIRECTION('ref_axis',(0.,0.,1.));
#7043=DIRECTION('center_axis',(0.,1.,-2.77555756156289E-15));
#7044=DIRECTION('ref_axis',(1.,0.,0.));
#7045=DIRECTION('center_axis',(0.,0.,-1.));
#7046=DIRECTION('ref_axis',(0.,1.,0.));
#7047=DIRECTION('center_axis',(0.,-1.,-4.67045693068693E-16));
#7048=DIRECTION('ref_axis',(0.707106781186524,0.,0.707106781186571));
#7049=DIRECTION('center_axis',(0.,-1.,8.44671384405678E-33));
#7050=DIRECTION('ref_axis',(0.70710678118654,0.,0.707106781186555));
#7051=DIRECTION('',(0.,1.,-8.44671384405678E-33));
#7052=DIRECTION('',(0.,-1.,8.44671384405678E-33));
#7053=DIRECTION('center_axis',(0.,-4.67045693068693E-16,1.));
#7054=DIRECTION('ref_axis',(0.707106781186548,0.707106781186548,0.));
#7055=DIRECTION('',(0.,4.67045693068693E-16,-1.));
#7056=DIRECTION('',(0.,-4.67045693068693E-16,1.));
#7057=DIRECTION('center_axis',(-1.,1.97250066072521E-47,-4.22335692202839E-32));
#7058=DIRECTION('ref_axis',(0.,0.707106781186555,0.70710678118654));
#7059=DIRECTION('',(1.,-1.97250066072521E-47,4.22335692202839E-32));
#7060=DIRECTION('',(-1.,1.97250066072521E-47,-4.22335692202839E-32));
#7061=DIRECTION('center_axis',(0.707106781186548,-0.707106781186548,0.));
#7062=DIRECTION('ref_axis',(0.707106781186547,0.707106781186547,5.97272863787484E-32));
#7063=DIRECTION('center_axis',(0.,1.,-8.44671384405678E-33));
#7064=DIRECTION('ref_axis',(0.707106781186555,0.,0.70710678118654));
#7065=DIRECTION('',(0.,-1.,8.44671384405678E-33));
#7066=DIRECTION('center_axis',(0.,1.,0.));
#7067=DIRECTION('ref_axis',(0.707106781186555,0.,-0.70710678118654));
#7068=DIRECTION('',(0.,-1.,0.));
#7069=DIRECTION('',(0.,1.,0.));
#7070=DIRECTION('center_axis',(-1.,-8.41078048958452E-17,-4.22335692202839E-32));
#7071=DIRECTION('ref_axis',(0.,-0.70710678118654,0.707106781186555));
#7072=DIRECTION('',(1.,8.41078048958452E-17,4.22335692202839E-32));
#7073=DIRECTION('',(-1.,-8.41078048958452E-17,-4.22335692202839E-32));
#7074=DIRECTION('center_axis',(0.707106781186546,-0.707106781186549,1.96261557335471E-15));
#7075=DIRECTION('ref_axis',(0.707106781186549,0.707106781186546,-1.9626155733547E-15));
#7076=DIRECTION('center_axis',(1.,8.41078048958452E-17,0.));
#7077=DIRECTION('ref_axis',(0.,-0.707106781186555,-0.70710678118654));
#7078=DIRECTION('',(1.,8.41078048958452E-17,0.));
#7079=DIRECTION('',(-1.,-8.41078048958452E-17,0.));
#7080=DIRECTION('center_axis',(0.,1.,-8.44671384405678E-33));
#7081=DIRECTION('ref_axis',(-0.70710678118654,0.,0.707106781186555));
#7082=DIRECTION('',(0.,1.,-8.44671384405678E-33));
#7083=DIRECTION('',(0.,-1.,8.44671384405678E-33));
#7084=DIRECTION('center_axis',(1.,-8.41078048958452E-17,4.22335692202839E-32));
#7085=DIRECTION('ref_axis',(0.,0.70710678118654,0.707106781186555));
#7086=DIRECTION('',(-1.,8.41078048958452E-17,-4.22335692202839E-32));
#7087=DIRECTION('',(1.,-8.41078048958452E-17,4.22335692202839E-32));
#7088=DIRECTION('center_axis',(-1.,0.,0.));
#7089=DIRECTION('ref_axis',(0.,-0.707106781186555,-0.70710678118654));
#7090=DIRECTION('center_axis',(1.,0.,0.));
#7091=DIRECTION('ref_axis',(0.,-1.,0.));
#7092=DIRECTION('',(1.,0.,0.));
#7093=DIRECTION('',(-1.,0.,0.));
#7094=DIRECTION('center_axis',(0.,-1.,-2.05816746098068E-16));
#7095=DIRECTION('ref_axis',(0.,0.,-1.));
#7096=DIRECTION('center_axis',(0.,1.,2.05816746098068E-16));
#7097=DIRECTION('ref_axis',(-0.707106781186546,-1.7347234759768E-16,0.707106781186549));
#7098=DIRECTION('center_axis',(0.,-1.,-2.05816746098068E-16));
#7099=DIRECTION('ref_axis',(-0.707106781186546,-1.45534416847694E-16,0.707106781186549));
#7100=DIRECTION('center_axis',(-1.,8.41078048958452E-17,0.));
#7101=DIRECTION('ref_axis',(5.94731991925679E-17,0.707106781186555,-0.70710678118654));
#7102=DIRECTION('',(1.,-8.41078048958452E-17,0.));
#7103=DIRECTION('',(-1.,8.41078048958452E-17,0.));
#7104=DIRECTION('center_axis',(8.41078048958452E-17,-1.,0.));
#7105=DIRECTION('ref_axis',(0.,0.,-1.));
#7106=DIRECTION('',(0.,0.,1.));
#7107=DIRECTION('center_axis',(0.,-1.,0.));
#7108=DIRECTION('ref_axis',(-0.707106781186555,0.,0.70710678118654));
#7109=DIRECTION('',(0.,-1.,0.));
#7110=DIRECTION('center_axis',(-0.707106781186548,-0.707106781186548,0.));
#7111=DIRECTION('ref_axis',(-0.707106781186547,0.707106781186547,0.));
#7112=DIRECTION('center_axis',(0.,0.,1.));
#7113=DIRECTION('ref_axis',(1.,0.,0.));
#7114=DIRECTION('',(0.,-1.,0.));
#7115=DIRECTION('',(1.,-6.12323399573677E-17,0.));
#7116=DIRECTION('',(1.22464679914735E-16,1.,0.));
#7117=DIRECTION('',(-1.,1.83697019872103E-16,0.));
#7118=DIRECTION('center_axis',(0.,-1.,0.));
#7119=DIRECTION('ref_axis',(-0.707106781186555,0.,0.70710678118654));
#7120=DIRECTION('center_axis',(-0.707106781186547,0.707106781186549,0.));
#7121=DIRECTION('ref_axis',(0.707106781186548,0.707106781186546,0.));
#7122=DIRECTION('center_axis',(1.,0.,0.));
#7123=DIRECTION('ref_axis',(0.,0.,-1.));
#7124=DIRECTION('center_axis',(8.41078048958452E-17,1.,0.));
#7125=DIRECTION('ref_axis',(0.,0.,1.));
#7126=DIRECTION('center_axis',(1.,0.,0.));
#7127=DIRECTION('ref_axis',(0.,0.,-1.));
#7128=DIRECTION('center_axis',(-4.22335692202839E-32,8.44671384405678E-33,
1.));
#7129=DIRECTION('ref_axis',(1.,0.,4.22335692202839E-32));
#7130=DIRECTION('center_axis',(1.,-6.12323399573677E-17,0.));
#7131=DIRECTION('ref_axis',(0.,-0.707106781186555,0.70710678118654));
#7132=DIRECTION('center_axis',(-0.707106781186548,-0.707106781186548,0.));
#7133=DIRECTION('ref_axis',(-0.707106781186547,0.707106781186547,0.));
#7134=DIRECTION('center_axis',(1.22464679914735E-16,1.,0.));
#7135=DIRECTION('ref_axis',(0.707106781186557,0.,0.707106781186538));
#7136=DIRECTION('center_axis',(0.707106781186547,-0.707106781186549,1.96261557335471E-15));
#7137=DIRECTION('ref_axis',(-0.707106781186549,-0.707106781186547,-1.96261557335472E-15));
#7138=DIRECTION('center_axis',(-1.,1.83697019872103E-16,0.));
#7139=DIRECTION('ref_axis',(0.,0.707106781186557,0.707106781186538));
#7140=DIRECTION('center_axis',(0.,-1.,-4.67045693068693E-16));
#7141=DIRECTION('ref_axis',(0.,4.67045693068693E-16,-1.));
#7142=DIRECTION('',(-1.,0.,0.));
#7143=DIRECTION('center_axis',(0.,1.,2.05816746098068E-16));
#7144=DIRECTION('ref_axis',(0.,-2.05816746098068E-16,1.));
#7145=DIRECTION('center_axis',(0.,1.,2.05816746098068E-16));
#7146=DIRECTION('ref_axis',(0.,-2.05816746098068E-16,1.));
#7147=DIRECTION('center_axis',(0.,-1.,-4.67045693068693E-16));
#7148=DIRECTION('ref_axis',(0.,4.67045693068693E-16,-1.));
#7149=DIRECTION('center_axis',(1.,0.,0.));
#7150=DIRECTION('ref_axis',(0.,0.,-1.));
#7151=DIRECTION('',(0.,-1.,0.));
#7152=DIRECTION('center_axis',(8.41078048958452E-17,-1.,0.));
#7153=DIRECTION('ref_axis',(0.,0.,-1.));
#7154=DIRECTION('',(-1.,-8.41078048958452E-17,0.));
#7155=DIRECTION('center_axis',(-1.,0.,0.));
#7156=DIRECTION('ref_axis',(0.,0.,1.));
#7157=DIRECTION('',(0.,1.,0.));
#7158=DIRECTION('center_axis',(8.41078048958452E-17,1.,0.));
#7159=DIRECTION('ref_axis',(0.,0.,1.));
#7160=DIRECTION('',(1.,-8.41078048958452E-17,0.));
#7161=DIRECTION('center_axis',(0.,3.36431219583381E-16,-1.));
#7162=DIRECTION('ref_axis',(-1.,0.,0.));
#7163=DIRECTION('center_axis',(-1.,0.,0.));
#7164=DIRECTION('ref_axis',(0.,0.,1.));
#7165=DIRECTION('center_axis',(-1.,0.,0.));
#7166=DIRECTION('ref_axis',(0.,0.,1.));
#7167=DIRECTION('',(0.,1.,0.));
#7168=DIRECTION('',(0.,0.,1.));
#7169=DIRECTION('',(0.,-1.,0.));
#7170=DIRECTION('',(0.,0.,1.));
#7171=DIRECTION('center_axis',(0.,1.,0.));
#7172=DIRECTION('ref_axis',(0.,0.,1.));
#7173=DIRECTION('',(1.,0.,0.));
#7174=DIRECTION('',(0.,0.,1.));
#7175=DIRECTION('',(-1.,0.,0.));
#7176=DIRECTION('center_axis',(1.,0.,0.));
#7177=DIRECTION('ref_axis',(0.,0.,-1.));
#7178=DIRECTION('',(0.,-1.,0.));
#7179=DIRECTION('',(0.,0.,1.));
#7180=DIRECTION('',(0.,1.,0.));
#7181=DIRECTION('center_axis',(0.,-1.,0.));
#7182=DIRECTION('ref_axis',(0.,0.,-1.));
#7183=DIRECTION('',(-1.,0.,0.));
#7184=DIRECTION('',(1.,0.,0.));
#7185=DIRECTION('center_axis',(0.,0.,1.));
#7186=DIRECTION('ref_axis',(1.,0.,0.));
#7187=DIRECTION('center_axis',(0.,0.,1.));
#7188=DIRECTION('ref_axis',(1.,0.,0.));
#7189=DIRECTION('',(0.,0.,1.));
#7190=DIRECTION('',(1.,0.,0.));
#7191=DIRECTION('',(-0.707106781186548,-0.707106781186547,-1.19075818609289E-15));
#7192=DIRECTION('',(0.707106781186547,-0.707106781186548,2.0409009502362E-17));
#7193=DIRECTION('',(-0.707106781186548,0.707106781186547,-4.02454527343257E-15));
#7194=DIRECTION('',(-0.707106781186547,-0.707106781186548,-2.85488604667081E-17));
#7195=DIRECTION('',(0.,0.,1.));
#7196=DIRECTION('',(-1.,0.,0.));
#7197=CARTESIAN_POINT('',(0.,0.,0.));
#7198=CARTESIAN_POINT('',(0.,0.,0.));
#7199=CARTESIAN_POINT('Origin',(0.,-2.77555756156289E-16,-0.01));
#7200=CARTESIAN_POINT('',(0.210912913138234,2.12685250479996,-0.0099999999999989));
#7201=CARTESIAN_POINT('',(0.184157521018976,2.37857160208523,-0.0099999999999989));
#7202=CARTESIAN_POINT('Ctrl Pts',(0.210912913138234,2.12685250479996,-0.00999999999999668));
#7203=CARTESIAN_POINT('Ctrl Pts',(0.270976038303916,2.18691562996565,-0.00999999999999668));
#7204=CARTESIAN_POINT('Ctrl Pts',(0.262057574264163,2.2708219957274,-0.00999999999999668));
#7205=CARTESIAN_POINT('Ctrl Pts',(0.184157521018976,2.37857160208523,-0.00999999999999668));
#7206=CARTESIAN_POINT('',(0.266607811019139,2.43808869884032,-0.0099999999999989));
#7207=CARTESIAN_POINT('',(-0.399550810070479,1.95721923063655,-0.0099999999999989));
#7208=CARTESIAN_POINT('',(0.281350578105261,2.05423072619055,-0.0099999999999989));
#7209=CARTESIAN_POINT('Ctrl Pts',(0.266607811019139,2.43808869884032,-0.00999999999999668));
#7210=CARTESIAN_POINT('Ctrl Pts',(0.322666727840443,2.37256528956866,-0.00999999999999668));
#7211=CARTESIAN_POINT('Ctrl Pts',(0.35151522886699,2.30458475244932,-0.00999999999999668));
#7212=CARTESIAN_POINT('Ctrl Pts',(0.353153314098782,2.2341470874823,-0.00999999999999668));
#7213=CARTESIAN_POINT('Ctrl Pts',(0.354791399330573,2.16370942251527,-0.00999999999999668));
#7214=CARTESIAN_POINT('Ctrl Pts',(0.3308571539994,2.10373730208469,-0.00999999999999668));
#7215=CARTESIAN_POINT('Ctrl Pts',(0.281350578105261,2.05423072619055,-0.00999999999999668));
#7216=CARTESIAN_POINT('',(-0.134723070769738,2.08044008989921,-0.0099999999999989));
#7217=CARTESIAN_POINT('Ctrl Pts',(0.281350578105261,2.05423072619055,-0.00999999999999668));
#7218=CARTESIAN_POINT('Ctrl Pts',(0.227839793866745,2.00071994195203,-0.00999999999999668));
#7219=CARTESIAN_POINT('Ctrl Pts',(0.161315332508996,1.97551163032946,-0.00999999999999668));
#7220=CARTESIAN_POINT('Ctrl Pts',(0.0817771940320171,1.97860579132285,-0.00999999999999668));
#7221=CARTESIAN_POINT('Ctrl Pts',(0.00223905555503775,1.98169995231623,
-0.00999999999999668));
#7222=CARTESIAN_POINT('Ctrl Pts',(-0.0699276993788805,2.01564471850835,
-0.00999999999999668));
#7223=CARTESIAN_POINT('Ctrl Pts',(-0.134723070769738,2.08044008989921,-0.00999999999999668));
#7224=CARTESIAN_POINT('',(-0.201338536862586,2.36219074976732,-0.0099999999999989));
#7225=CARTESIAN_POINT('Ctrl Pts',(-0.134723070769738,2.08044008989921,-0.00999999999999668));
#7226=CARTESIAN_POINT('Ctrl Pts',(-0.165300661763176,2.11101768089265,-0.00999999999999668));
#7227=CARTESIAN_POINT('Ctrl Pts',(-0.188324859743354,2.14332436185298,-0.00999999999999705));
#7228=CARTESIAN_POINT('Ctrl Pts',(-0.203795664710272,2.1773601327802,-0.00999999999999668));
#7229=CARTESIAN_POINT('Ctrl Pts',(-0.219266469677191,2.21139590370742,-0.00999999999999631));
#7230=CARTESIAN_POINT('Ctrl Pts',(-0.226819862690451,2.24333856572735,-0.00999999999999631));
#7231=CARTESIAN_POINT('Ctrl Pts',(-0.226455843750053,2.27318811883999,-0.00999999999999668));
#7232=CARTESIAN_POINT('Ctrl Pts',(-0.226091824809655,2.30303767195263,-0.00999999999999705));
#7233=CARTESIAN_POINT('Ctrl Pts',(-0.217719389180499,2.33270521559507,-0.00999999999999668));
#7234=CARTESIAN_POINT('Ctrl Pts',(-0.201338536862586,2.36219074976732,-0.00999999999999668));
#7235=CARTESIAN_POINT('',(-0.424118128386207,2.42662210221778,-0.0099999999999989));
#7236=CARTESIAN_POINT('Ctrl Pts',(-0.201338536862586,2.36219074976732,-0.00999999999999668));
#7237=CARTESIAN_POINT('Ctrl Pts',(-0.239924544544781,2.35127018155538,-0.00999999999999668));
#7238=CARTESIAN_POINT('Ctrl Pts',(-0.278601556962077,2.35117917682028,-0.00999999999999668));
#7239=CARTESIAN_POINT('Ctrl Pts',(-0.317369574114472,2.36191773556202,-0.00999999999999668));
#7240=CARTESIAN_POINT('Ctrl Pts',(-0.356137591266867,2.37265629430376,-0.00999999999999668));
#7241=CARTESIAN_POINT('Ctrl Pts',(-0.391720442690779,2.39422441652235,-0.00999999999999668));
#7242=CARTESIAN_POINT('Ctrl Pts',(-0.424118128386207,2.42662210221778,-0.00999999999999668));
#7243=CARTESIAN_POINT('',(-0.438314867061732,2.77826439864232,-0.0099999999999989));
#7244=CARTESIAN_POINT('Ctrl Pts',(-0.424118128386207,2.42662210221778,-0.00999999999999668));
#7245=CARTESIAN_POINT('Ctrl Pts',(-0.47653685580353,2.4790408296351,-0.00999999999999668));
#7246=CARTESIAN_POINT('Ctrl Pts',(-0.503747271598286,2.53901295006568,-0.00999999999999668));
#7247=CARTESIAN_POINT('Ctrl Pts',(-0.505749375770475,2.60653846350953,-0.00999999999999668));
#7248=CARTESIAN_POINT('Ctrl Pts',(-0.507751479942665,2.67406397695337,-0.00999999999999668));
#7249=CARTESIAN_POINT('Ctrl Pts',(-0.485273310373084,2.73130595533097,-0.00999999999999668));
#7250=CARTESIAN_POINT('Ctrl Pts',(-0.438314867061732,2.77826439864232,-0.00999999999999668));
#7251=CARTESIAN_POINT('',(-0.0795742012994297,2.77007397248336,-0.0099999999999989));
#7252=CARTESIAN_POINT('Ctrl Pts',(-0.438314867061732,2.77826439864232,-0.00999999999999668));
#7253=CARTESIAN_POINT('Ctrl Pts',(-0.393540537392769,2.82303872831128,-0.00999999999999668));
#7254=CARTESIAN_POINT('Ctrl Pts',(-0.339938748419152,2.84569890735106,-0.00999999999999668));
#7255=CARTESIAN_POINT('Ctrl Pts',(-0.277509500140883,2.84624493576166,-0.00999999999999668));
#7256=CARTESIAN_POINT('Ctrl Pts',(-0.215080251862613,2.84679096417226,-0.00999999999999668));
#7257=CARTESIAN_POINT('Ctrl Pts',(-0.149101818915462,2.82140064307949,-0.00999999999999668));
#7258=CARTESIAN_POINT('Ctrl Pts',(-0.0795742012994297,2.77007397248336,
-0.00999999999999668));
#7259=CARTESIAN_POINT('',(-0.135269099180335,2.68380148360902,-0.0099999999999989));
#7260=CARTESIAN_POINT('',(-0.726832164691118,1.76745869585702,-0.0099999999999989));
#7261=CARTESIAN_POINT('',(-0.367877202094705,2.7056426200329,-0.0099999999999989));
#7262=CARTESIAN_POINT('Ctrl Pts',(-0.135269099180335,2.68380148360902,-0.00999999999999668));
#7263=CARTESIAN_POINT('Ctrl Pts',(-0.182955580372483,2.72129543447002,-0.00999999999999668));
#7264=CARTESIAN_POINT('Ctrl Pts',(-0.226819862690451,2.74113446672171,-0.00999999999999668));
#7265=CARTESIAN_POINT('Ctrl Pts',(-0.266861946134239,2.7433185803641,-0.00999999999999668));
#7266=CARTESIAN_POINT('Ctrl Pts',(-0.306904029578027,2.74550269400649,-0.00999999999999668));
#7267=CARTESIAN_POINT('Ctrl Pts',(-0.340575781564849,2.73294404056276,-0.00999999999999668));
#7268=CARTESIAN_POINT('Ctrl Pts',(-0.367877202094705,2.7056426200329,-0.00999999999999668));
#7269=CARTESIAN_POINT('',(-0.352588406597985,2.50142799446958,-0.0099999999999989));
#7270=CARTESIAN_POINT('Ctrl Pts',(-0.367877202094705,2.7056426200329,-0.00999999999999668));
#7271=CARTESIAN_POINT('Ctrl Pts',(-0.394086565803366,2.67943325632424,-0.00999999999999668));
#7272=CARTESIAN_POINT('Ctrl Pts',(-0.406372205041801,2.64712657536391,-0.00999999999999668));
#7273=CARTESIAN_POINT('Ctrl Pts',(-0.40473411981001,2.60872257715191,-0.00999999999999668));
#7274=CARTESIAN_POINT('Ctrl Pts',(-0.403096034578218,2.57031857893992,-0.00999999999999668));
#7275=CARTESIAN_POINT('Ctrl Pts',(-0.38571413017421,2.53455371804581,-0.00999999999999668));
#7276=CARTESIAN_POINT('Ctrl Pts',(-0.352588406597985,2.50142799446958,-0.00999999999999668));
#7277=CARTESIAN_POINT('',(-0.115612076398839,2.50142799446958,-0.0099999999999989));
#7278=CARTESIAN_POINT('Ctrl Pts',(-0.352588406597985,2.50142799446958,-0.00999999999999668));
#7279=CARTESIAN_POINT('Ctrl Pts',(-0.316550531498576,2.46539011937017,-0.00999999999999668));
#7280=CARTESIAN_POINT('Ctrl Pts',(-0.276872466995186,2.44755319129067,-0.00999999999999668));
#7281=CARTESIAN_POINT('Ctrl Pts',(-0.233554213087815,2.44791721023107,-0.00999999999999668));
#7282=CARTESIAN_POINT('Ctrl Pts',(-0.190235959180444,2.44828122917146,-0.00999999999999668));
#7283=CARTESIAN_POINT('Ctrl Pts',(-0.150921913617452,2.46611815725097,-0.00999999999999668));
#7284=CARTESIAN_POINT('Ctrl Pts',(-0.115612076398839,2.50142799446958,-0.00999999999999668));
#7285=CARTESIAN_POINT('',(-0.105783565008091,2.51344061950272,-0.0099999999999989));
#7286=CARTESIAN_POINT('',(-0.700491863436591,1.78657492142345,-0.0099999999999989));
#7287=CARTESIAN_POINT('',(-0.0211491613655385,2.44518706817808,-0.0099999999999989));
#7288=CARTESIAN_POINT('',(0.582679439488905,1.95822851910191,-0.0099999999999989));
#7289=CARTESIAN_POINT('',(-0.0812122865312209,2.40478096579389,-0.0099999999999989));
#7290=CARTESIAN_POINT('Ctrl Pts',(-0.0211491613655385,2.44518706817808,
-0.00999999999999668));
#7291=CARTESIAN_POINT('Ctrl Pts',(-0.047722544014598,2.43171836738335,-0.00999999999999668));
#7292=CARTESIAN_POINT('Ctrl Pts',(-0.0677435857364922,2.41824966658862,
-0.00999999999999668));
#7293=CARTESIAN_POINT('Ctrl Pts',(-0.0812122865312209,2.40478096579389,
-0.00999999999999668));
#7294=CARTESIAN_POINT('',(-0.0571870364649479,2.15469995374042,-0.0099999999999989));
#7295=CARTESIAN_POINT('Ctrl Pts',(-0.0812122865312209,2.40478096579389,
-0.00999999999999668));
#7296=CARTESIAN_POINT('Ctrl Pts',(-0.112881934345853,2.37311131797926,-0.00999999999999668));
#7297=CARTESIAN_POINT('Ctrl Pts',(-0.127078673021378,2.33379727241627,-0.00999999999999668));
#7298=CARTESIAN_POINT('Ctrl Pts',(-0.123802502557795,2.28683882910492,-0.00999999999999668));
#7299=CARTESIAN_POINT('Ctrl Pts',(-0.120526332094213,2.23988038579357,-0.00999999999999668));
#7300=CARTESIAN_POINT('Ctrl Pts',(-0.0983211767299302,2.1958340940054,-0.00999999999999668));
#7301=CARTESIAN_POINT('Ctrl Pts',(-0.0571870364649479,2.15469995374042,
-0.00999999999999668));
#7302=CARTESIAN_POINT('Ctrl Pts',(-0.0571870364649479,2.15469995374042,
-0.00999999999999668));
#7303=CARTESIAN_POINT('Ctrl Pts',(-0.013504763617179,2.11101768089265,-0.00999999999999668));
#7304=CARTESIAN_POINT('Ctrl Pts',(0.0339997081047696,2.08735644976677,-0.00999999999999668));
#7305=CARTESIAN_POINT('Ctrl Pts',(0.0853263787008982,2.08371626036279,-0.00999999999999668));
#7306=CARTESIAN_POINT('Ctrl Pts',(0.136653049297027,2.08007607095881,-0.00999999999999668));
#7307=CARTESIAN_POINT('Ctrl Pts',(0.178515227442805,2.09445481910454,-0.00999999999999668));
#7308=CARTESIAN_POINT('Ctrl Pts',(0.210912913138234,2.12685250479996,-0.00999999999999668));
#7309=CARTESIAN_POINT('Origin',(-0.135269099180335,2.68380148360902,19.814199453927));
#7310=CARTESIAN_POINT('',(-0.0795742012994297,2.77007397248336,0.));
#7311=CARTESIAN_POINT('',(-0.0795742012994297,2.77007397248336,19.814199453927));
#7312=CARTESIAN_POINT('',(-0.135269099180335,2.68380148360902,0.));
#7313=CARTESIAN_POINT('',(-0.726832164691118,1.76745869585702,-1.11022302462516E-15));
#7314=CARTESIAN_POINT('',(-0.135269099180335,2.68380148360902,19.814199453927));
#7315=CARTESIAN_POINT('Ctrl Pts',(-0.438314867061732,2.77826439864232,19.814199453927));
#7316=CARTESIAN_POINT('Ctrl Pts',(-0.438314867061732,2.77826439864232,-19.814199453927));
#7317=CARTESIAN_POINT('Ctrl Pts',(-0.371153372558287,2.84542589314576,19.814199453927));
#7318=CARTESIAN_POINT('Ctrl Pts',(-0.371153372558287,2.84542589314576,-19.814199453927));
#7319=CARTESIAN_POINT('Ctrl Pts',(-0.183865627723478,2.84706397837755,19.814199453927));
#7320=CARTESIAN_POINT('Ctrl Pts',(-0.183865627723478,2.84706397837755,-19.814199453927));
#7321=CARTESIAN_POINT('Ctrl Pts',(-0.0795742012994297,2.77007397248336,
19.814199453927));
#7322=CARTESIAN_POINT('Ctrl Pts',(-0.0795742012994297,2.77007397248336,
-19.814199453927));
#7323=CARTESIAN_POINT('',(-0.438314867061732,2.77826439864232,0.));
#7324=CARTESIAN_POINT('',(-0.438314867061732,2.77826439864232,19.814199453927));
#7325=CARTESIAN_POINT('Ctrl Pts',(-0.0795742012994297,2.77007397248336,
0.));
#7326=CARTESIAN_POINT('Ctrl Pts',(-0.183865627723478,2.84706397837755,0.));
#7327=CARTESIAN_POINT('Ctrl Pts',(-0.371153372558287,2.84542589314576,0.));
#7328=CARTESIAN_POINT('Ctrl Pts',(-0.438314867061732,2.77826439864232,0.));
#7329=CARTESIAN_POINT('Ctrl Pts',(-0.424118128386207,2.42662210221778,19.814199453927));
#7330=CARTESIAN_POINT('Ctrl Pts',(-0.424118128386207,2.42662210221778,-19.814199453927));
#7331=CARTESIAN_POINT('Ctrl Pts',(-0.502746219512191,2.50525019334376,19.814199453927));
#7332=CARTESIAN_POINT('Ctrl Pts',(-0.502746219512191,2.50525019334376,-19.814199453927));
#7333=CARTESIAN_POINT('Ctrl Pts',(-0.508752532028759,2.70782673367529,19.814199453927));
#7334=CARTESIAN_POINT('Ctrl Pts',(-0.508752532028759,2.70782673367529,-19.814199453927));
#7335=CARTESIAN_POINT('Ctrl Pts',(-0.438314867061732,2.77826439864232,19.814199453927));
#7336=CARTESIAN_POINT('Ctrl Pts',(-0.438314867061732,2.77826439864232,-19.814199453927));
#7337=CARTESIAN_POINT('',(-0.424118128386207,2.42662210221778,0.));
#7338=CARTESIAN_POINT('',(-0.424118128386207,2.42662210221778,19.814199453927));
#7339=CARTESIAN_POINT('Ctrl Pts',(-0.438314867061732,2.77826439864232,0.));
#7340=CARTESIAN_POINT('Ctrl Pts',(-0.508752532028759,2.70782673367529,0.));
#7341=CARTESIAN_POINT('Ctrl Pts',(-0.502746219512191,2.50525019334376,0.));
#7342=CARTESIAN_POINT('Ctrl Pts',(-0.424118128386207,2.42662210221778,0.));
#7343=CARTESIAN_POINT('Ctrl Pts',(-0.201338536862586,2.36219074976732,19.814199453927));
#7344=CARTESIAN_POINT('Ctrl Pts',(-0.201338536862586,2.36219074976732,-19.814199453927));
#7345=CARTESIAN_POINT('Ctrl Pts',(-0.259217548385879,2.34580989744941,19.814199453927));
#7346=CARTESIAN_POINT('Ctrl Pts',(-0.259217548385879,2.34580989744941,-19.814199453927));
#7347=CARTESIAN_POINT('Ctrl Pts',(-0.375521599843064,2.37802557367463,19.814199453927));
#7348=CARTESIAN_POINT('Ctrl Pts',(-0.375521599843064,2.37802557367463,-19.814199453927));
#7349=CARTESIAN_POINT('Ctrl Pts',(-0.424118128386207,2.42662210221778,19.814199453927));
#7350=CARTESIAN_POINT('Ctrl Pts',(-0.424118128386207,2.42662210221778,-19.814199453927));
#7351=CARTESIAN_POINT('',(-0.201338536862586,2.36219074976732,0.));
#7352=CARTESIAN_POINT('',(-0.201338536862586,2.36219074976732,19.814199453927));
#7353=CARTESIAN_POINT('Ctrl Pts',(-0.424118128386207,2.42662210221778,0.));
#7354=CARTESIAN_POINT('Ctrl Pts',(-0.375521599843064,2.37802557367463,0.));
#7355=CARTESIAN_POINT('Ctrl Pts',(-0.259217548385879,2.34580989744941,0.));
#7356=CARTESIAN_POINT('Ctrl Pts',(-0.201338536862586,2.36219074976732,0.));
#7357=CARTESIAN_POINT('Ctrl Pts',(-0.134723070769738,2.08044008989921,19.814199453927));
#7358=CARTESIAN_POINT('Ctrl Pts',(-0.134723070769738,2.08044008989921,-19.814199453927));
#7359=CARTESIAN_POINT('Ctrl Pts',(-0.180589457259895,2.12630647638937,19.814199453927));
#7360=CARTESIAN_POINT('Ctrl Pts',(-0.180589457259895,2.12630647638937,-19.814199453927));
#7361=CARTESIAN_POINT('Ctrl Pts',(-0.22700187216065,2.22841378917103,19.814199453927));
#7362=CARTESIAN_POINT('Ctrl Pts',(-0.22700187216065,2.22841378917103,-19.814199453927));
#7363=CARTESIAN_POINT('Ctrl Pts',(-0.225909815339456,2.31796244850895,19.814199453927));
#7364=CARTESIAN_POINT('Ctrl Pts',(-0.225909815339456,2.31796244850895,-19.814199453927));
#7365=CARTESIAN_POINT('Ctrl Pts',(-0.201338536862586,2.36219074976732,19.814199453927));
#7366=CARTESIAN_POINT('Ctrl Pts',(-0.201338536862586,2.36219074976732,-19.814199453927));
#7367=CARTESIAN_POINT('',(-0.134723070769738,2.08044008989921,0.));
#7368=CARTESIAN_POINT('',(-0.134723070769738,2.08044008989921,19.814199453927));
#7369=CARTESIAN_POINT('Ctrl Pts',(-0.201338536862586,2.36219074976732,0.));
#7370=CARTESIAN_POINT('Ctrl Pts',(-0.225909815339456,2.31796244850895,0.));
#7371=CARTESIAN_POINT('Ctrl Pts',(-0.22700187216065,2.22841378917103,0.));
#7372=CARTESIAN_POINT('Ctrl Pts',(-0.180589457259895,2.12630647638937,0.));
#7373=CARTESIAN_POINT('Ctrl Pts',(-0.134723070769738,2.08044008989921,0.));
#7374=CARTESIAN_POINT('Ctrl Pts',(0.281350578105261,2.05423072619055,19.814199453927));
#7375=CARTESIAN_POINT('Ctrl Pts',(0.281350578105261,2.05423072619055,-19.814199453927));
#7376=CARTESIAN_POINT('Ctrl Pts',(0.201084401747486,1.97396454983277,19.814199453927));
#7377=CARTESIAN_POINT('Ctrl Pts',(0.201084401747486,1.97396454983277,-19.814199453927));
#7378=CARTESIAN_POINT('Ctrl Pts',(-0.0375300136834519,1.98324703281292,
19.814199453927));
#7379=CARTESIAN_POINT('Ctrl Pts',(-0.0375300136834519,1.98324703281292,
-19.814199453927));
#7380=CARTESIAN_POINT('Ctrl Pts',(-0.134723070769738,2.08044008989921,19.814199453927));
#7381=CARTESIAN_POINT('Ctrl Pts',(-0.134723070769738,2.08044008989921,-19.814199453927));
#7382=CARTESIAN_POINT('',(0.281350578105261,2.05423072619055,0.));
#7383=CARTESIAN_POINT('',(0.281350578105261,2.05423072619055,19.814199453927));
#7384=CARTESIAN_POINT('Ctrl Pts',(-0.134723070769738,2.08044008989921,0.));
#7385=CARTESIAN_POINT('Ctrl Pts',(-0.0375300136834519,1.98324703281292,
0.));
#7386=CARTESIAN_POINT('Ctrl Pts',(0.201084401747486,1.97396454983277,0.));
#7387=CARTESIAN_POINT('Ctrl Pts',(0.281350578105261,2.05423072619055,0.));
#7388=CARTESIAN_POINT('Ctrl Pts',(0.266607811019139,2.43808869884032,19.814199453927));
#7389=CARTESIAN_POINT('Ctrl Pts',(0.266607811019139,2.43808869884032,-19.814199453927));
#7390=CARTESIAN_POINT('Ctrl Pts',(0.350696186251095,2.33980358493284,19.814199453927));
#7391=CARTESIAN_POINT('Ctrl Pts',(0.350696186251095,2.33980358493284,-19.814199453927));
#7392=CARTESIAN_POINT('Ctrl Pts',(0.355610441946469,2.12849059003176,19.814199453927));
#7393=CARTESIAN_POINT('Ctrl Pts',(0.355610441946469,2.12849059003176,-19.814199453927));
#7394=CARTESIAN_POINT('Ctrl Pts',(0.281350578105261,2.05423072619055,19.814199453927));
#7395=CARTESIAN_POINT('Ctrl Pts',(0.281350578105261,2.05423072619055,-19.814199453927));
#7396=CARTESIAN_POINT('',(0.266607811019139,2.43808869884032,0.));
#7397=CARTESIAN_POINT('',(0.266607811019139,2.43808869884032,19.814199453927));
#7398=CARTESIAN_POINT('Ctrl Pts',(0.281350578105261,2.05423072619055,0.));
#7399=CARTESIAN_POINT('Ctrl Pts',(0.355610441946469,2.12849059003176,0.));
#7400=CARTESIAN_POINT('Ctrl Pts',(0.350696186251095,2.33980358493284,0.));
#7401=CARTESIAN_POINT('Ctrl Pts',(0.266607811019139,2.43808869884032,0.));
#7402=CARTESIAN_POINT('Origin',(0.266607811019139,2.43808869884032,19.814199453927));
#7403=CARTESIAN_POINT('',(0.184157521018976,2.37857160208523,0.));
#7404=CARTESIAN_POINT('',(0.184157521018976,2.37857160208523,19.814199453927));
#7405=CARTESIAN_POINT('',(-0.399550810070479,1.95721923063655,-2.22044604925031E-15));
#7406=CARTESIAN_POINT('Ctrl Pts',(0.210912913138234,2.12685250479996,19.814199453927));
#7407=CARTESIAN_POINT('Ctrl Pts',(0.210912913138234,2.12685250479996,-19.814199453927));
#7408=CARTESIAN_POINT('Ctrl Pts',(0.301007600886757,2.21694719254849,19.814199453927));
#7409=CARTESIAN_POINT('Ctrl Pts',(0.301007600886757,2.21694719254849,-19.814199453927));
#7410=CARTESIAN_POINT('Ctrl Pts',(0.184157521018976,2.37857160208523,19.814199453927));
#7411=CARTESIAN_POINT('Ctrl Pts',(0.184157521018976,2.37857160208523,-19.814199453927));
#7412=CARTESIAN_POINT('',(0.210912913138234,2.12685250479996,0.));
#7413=CARTESIAN_POINT('',(0.210912913138234,2.12685250479996,19.814199453927));
#7414=CARTESIAN_POINT('Ctrl Pts',(0.184157521018976,2.37857160208523,0.));
#7415=CARTESIAN_POINT('Ctrl Pts',(0.301007600886757,2.21694719254849,0.));
#7416=CARTESIAN_POINT('Ctrl Pts',(0.210912913138234,2.12685250479996,0.));
#7417=CARTESIAN_POINT('Ctrl Pts',(-0.0571870364649479,2.15469995374042,
19.814199453927));
#7418=CARTESIAN_POINT('Ctrl Pts',(-0.0571870364649479,2.15469995374042,
-19.814199453927));
#7419=CARTESIAN_POINT('Ctrl Pts',(0.00833637280670541,2.08917654446876,
19.814199453927));
#7420=CARTESIAN_POINT('Ctrl Pts',(0.00833637280670541,2.08917654446876,
-19.814199453927));
#7421=CARTESIAN_POINT('Ctrl Pts',(0.162316384595091,2.07825597625682,19.814199453927));
#7422=CARTESIAN_POINT('Ctrl Pts',(0.162316384595091,2.07825597625682,-19.814199453927));
#7423=CARTESIAN_POINT('Ctrl Pts',(0.210912913138234,2.12685250479996,19.814199453927));
#7424=CARTESIAN_POINT('Ctrl Pts',(0.210912913138234,2.12685250479996,-19.814199453927));
#7425=CARTESIAN_POINT('',(-0.0571870364649479,2.15469995374042,0.));
#7426=CARTESIAN_POINT('',(-0.0571870364649479,2.15469995374042,19.814199453927));
#7427=CARTESIAN_POINT('Ctrl Pts',(0.210912913138234,2.12685250479996,0.));
#7428=CARTESIAN_POINT('Ctrl Pts',(0.162316384595091,2.07825597625682,0.));
#7429=CARTESIAN_POINT('Ctrl Pts',(0.00833637280670541,2.08917654446876,
0.));
#7430=CARTESIAN_POINT('Ctrl Pts',(-0.0571870364649479,2.15469995374042,
0.));
#7431=CARTESIAN_POINT('Ctrl Pts',(-0.0812122865312209,2.40478096579389,
19.814199453927));
#7432=CARTESIAN_POINT('Ctrl Pts',(-0.0812122865312209,2.40478096579389,
-19.814199453927));
#7433=CARTESIAN_POINT('Ctrl Pts',(-0.12871675825317,2.35727649407194,19.814199453927));
#7434=CARTESIAN_POINT('Ctrl Pts',(-0.12871675825317,2.35727649407194,-19.814199453927));
#7435=CARTESIAN_POINT('Ctrl Pts',(-0.118888246862421,2.21640116413789,19.814199453927));
#7436=CARTESIAN_POINT('Ctrl Pts',(-0.118888246862421,2.21640116413789,-19.814199453927));
#7437=CARTESIAN_POINT('Ctrl Pts',(-0.0571870364649479,2.15469995374042,
19.814199453927));
#7438=CARTESIAN_POINT('Ctrl Pts',(-0.0571870364649479,2.15469995374042,
-19.814199453927));
#7439=CARTESIAN_POINT('',(-0.0812122865312209,2.40478096579389,0.));
#7440=CARTESIAN_POINT('',(-0.0812122865312209,2.40478096579389,19.814199453927));
#7441=CARTESIAN_POINT('Ctrl Pts',(-0.0571870364649479,2.15469995374042,
0.));
#7442=CARTESIAN_POINT('Ctrl Pts',(-0.118888246862421,2.21640116413789,0.));
#7443=CARTESIAN_POINT('Ctrl Pts',(-0.12871675825317,2.35727649407194,0.));
#7444=CARTESIAN_POINT('Ctrl Pts',(-0.0812122865312209,2.40478096579389,
0.));
#7445=CARTESIAN_POINT('Ctrl Pts',(-0.0211491613655385,2.44518706817808,
19.814199453927));
#7446=CARTESIAN_POINT('Ctrl Pts',(-0.0211491613655385,2.44518706817808,
-19.814199453927));
#7447=CARTESIAN_POINT('Ctrl Pts',(-0.0610092353391278,2.42498401698599,
19.814199453927));
#7448=CARTESIAN_POINT('Ctrl Pts',(-0.0610092353391278,2.42498401698599,
-19.814199453927));
#7449=CARTESIAN_POINT('Ctrl Pts',(-0.0812122865312209,2.40478096579389,
19.814199453927));
#7450=CARTESIAN_POINT('Ctrl Pts',(-0.0812122865312209,2.40478096579389,
-19.814199453927));
#7451=CARTESIAN_POINT('',(-0.0211491613655385,2.44518706817808,0.));
#7452=CARTESIAN_POINT('',(-0.0211491613655385,2.44518706817808,19.814199453927));
#7453=CARTESIAN_POINT('Ctrl Pts',(-0.0812122865312209,2.40478096579389,
0.));
#7454=CARTESIAN_POINT('Ctrl Pts',(-0.0610092353391278,2.42498401698599,
0.));
#7455=CARTESIAN_POINT('Ctrl Pts',(-0.0211491613655385,2.44518706817808,
0.));
#7456=CARTESIAN_POINT('Origin',(-0.0211491613655385,2.44518706817808,19.814199453927));
#7457=CARTESIAN_POINT('',(-0.105783565008091,2.51344061950272,0.));
#7458=CARTESIAN_POINT('',(-0.105783565008091,2.51344061950272,19.814199453927));
#7459=CARTESIAN_POINT('',(0.582679439488905,1.95822851910191,0.));
#7460=CARTESIAN_POINT('Origin',(-0.105783565008091,2.51344061950272,19.814199453927));
#7461=CARTESIAN_POINT('',(-0.115612076398839,2.50142799446958,0.));
#7462=CARTESIAN_POINT('',(-0.115612076398839,2.50142799446958,19.814199453927));
#7463=CARTESIAN_POINT('',(-0.700491863436591,1.78657492142345,-1.11022302462516E-15));
#7464=CARTESIAN_POINT('Ctrl Pts',(-0.352588406597985,2.50142799446958,19.814199453927));
#7465=CARTESIAN_POINT('Ctrl Pts',(-0.352588406597985,2.50142799446958,-19.814199453927));
#7466=CARTESIAN_POINT('Ctrl Pts',(-0.298531593948871,2.44737118182047,19.814199453927));
#7467=CARTESIAN_POINT('Ctrl Pts',(-0.298531593948871,2.44737118182047,-19.814199453927));
#7468=CARTESIAN_POINT('Ctrl Pts',(-0.168576832226759,2.44846323864166,19.814199453927));
#7469=CARTESIAN_POINT('Ctrl Pts',(-0.168576832226759,2.44846323864166,-19.814199453927));
#7470=CARTESIAN_POINT('Ctrl Pts',(-0.115612076398839,2.50142799446958,19.814199453927));
#7471=CARTESIAN_POINT('Ctrl Pts',(-0.115612076398839,2.50142799446958,-19.814199453927));
#7472=CARTESIAN_POINT('',(-0.352588406597985,2.50142799446958,0.));
#7473=CARTESIAN_POINT('',(-0.352588406597985,2.50142799446958,19.814199453927));
#7474=CARTESIAN_POINT('Ctrl Pts',(-0.115612076398839,2.50142799446958,0.));
#7475=CARTESIAN_POINT('Ctrl Pts',(-0.168576832226759,2.44846323864166,0.));
#7476=CARTESIAN_POINT('Ctrl Pts',(-0.298531593948871,2.44737118182047,0.));
#7477=CARTESIAN_POINT('Ctrl Pts',(-0.352588406597985,2.50142799446958,0.));
#7478=CARTESIAN_POINT('Ctrl Pts',(-0.367877202094705,2.7056426200329,19.814199453927));
#7479=CARTESIAN_POINT('Ctrl Pts',(-0.367877202094705,2.7056426200329,-19.814199453927));
#7480=CARTESIAN_POINT('Ctrl Pts',(-0.407191247657697,2.66632857446991,19.814199453927));
#7481=CARTESIAN_POINT('Ctrl Pts',(-0.407191247657697,2.66632857446991,-19.814199453927));
#7482=CARTESIAN_POINT('Ctrl Pts',(-0.402276991962322,2.55111657983392,19.814199453927));
#7483=CARTESIAN_POINT('Ctrl Pts',(-0.402276991962322,2.55111657983392,-19.814199453927));
#7484=CARTESIAN_POINT('Ctrl Pts',(-0.352588406597985,2.50142799446958,19.814199453927));
#7485=CARTESIAN_POINT('Ctrl Pts',(-0.352588406597985,2.50142799446958,-19.814199453927));
#7486=CARTESIAN_POINT('',(-0.367877202094705,2.7056426200329,0.));
#7487=CARTESIAN_POINT('',(-0.367877202094705,2.7056426200329,19.814199453927));
#7488=CARTESIAN_POINT('Ctrl Pts',(-0.352588406597985,2.50142799446958,0.));
#7489=CARTESIAN_POINT('Ctrl Pts',(-0.402276991962322,2.55111657983392,0.));
#7490=CARTESIAN_POINT('Ctrl Pts',(-0.407191247657697,2.66632857446991,0.));
#7491=CARTESIAN_POINT('Ctrl Pts',(-0.367877202094705,2.7056426200329,0.));
#7492=CARTESIAN_POINT('Ctrl Pts',(-0.135269099180335,2.68380148360902,19.814199453927));
#7493=CARTESIAN_POINT('Ctrl Pts',(-0.135269099180335,2.68380148360902,-19.814199453927));
#7494=CARTESIAN_POINT('Ctrl Pts',(-0.206798820968557,2.74004240990052,19.814199453927));
#7495=CARTESIAN_POINT('Ctrl Pts',(-0.206798820968557,2.74004240990052,-19.814199453927));
#7496=CARTESIAN_POINT('Ctrl Pts',(-0.326925071299921,2.74659475082769,19.814199453927));
#7497=CARTESIAN_POINT('Ctrl Pts',(-0.326925071299921,2.74659475082769,-19.814199453927));
#7498=CARTESIAN_POINT('Ctrl Pts',(-0.367877202094705,2.7056426200329,19.814199453927));
#7499=CARTESIAN_POINT('Ctrl Pts',(-0.367877202094705,2.7056426200329,-19.814199453927));
#7500=CARTESIAN_POINT('Ctrl Pts',(-0.367877202094705,2.7056426200329,0.));
#7501=CARTESIAN_POINT('Ctrl Pts',(-0.326925071299921,2.74659475082769,0.));
#7502=CARTESIAN_POINT('Ctrl Pts',(-0.206798820968557,2.74004240990052,0.));
#7503=CARTESIAN_POINT('Ctrl Pts',(-0.135269099180335,2.68380148360902,0.));
#7504=CARTESIAN_POINT('Ctrl Pts',(4.0497723821647,-2.60605643281505,19.814199453927));
#7505=CARTESIAN_POINT('Ctrl Pts',(4.0497723821647,-2.60605643281505,-19.814199453927));
#7506=CARTESIAN_POINT('Ctrl Pts',(4.11474976302575,-2.6339038817555,19.814199453927));
#7507=CARTESIAN_POINT('Ctrl Pts',(4.11474976302575,-2.6339038817555,-19.814199453927));
#7508=CARTESIAN_POINT('Ctrl Pts',(4.30203750786056,-2.64100225109326,19.814199453927));
#7509=CARTESIAN_POINT('Ctrl Pts',(4.30203750786056,-2.64100225109326,-19.814199453927));
#7510=CARTESIAN_POINT('Ctrl Pts',(4.39486233766207,-2.61588494420579,19.814199453927));
#7511=CARTESIAN_POINT('Ctrl Pts',(4.39486233766207,-2.61588494420579,-19.814199453927));
#7512=CARTESIAN_POINT('',(4.0497723821647,-2.60605643281505,-0.0099999999999989));
#7513=CARTESIAN_POINT('',(4.39486233766207,-2.61588494420579,-0.0099999999999989));
#7514=CARTESIAN_POINT('Ctrl Pts',(4.0497723821647,-2.60605643281505,-0.00999999999999668));
#7515=CARTESIAN_POINT('Ctrl Pts',(4.09309063607207,-2.62462139877535,-0.00999999999999668));
#7516=CARTESIAN_POINT('Ctrl Pts',(4.14596438716489,-2.63508694331179,-0.00999999999999668));
#7517=CARTESIAN_POINT('Ctrl Pts',(4.20839363544316,-2.63745306642438,-0.00999999999999668));
#7518=CARTESIAN_POINT('Ctrl Pts',(4.27082288372143,-2.63981918953697,-0.00999999999999668));
#7519=CARTESIAN_POINT('Ctrl Pts',(4.3329791177944,-2.63262981546411,-0.00999999999999668));
#7520=CARTESIAN_POINT('Ctrl Pts',(4.39486233766207,-2.61588494420579,-0.00999999999999668));
#7521=CARTESIAN_POINT('',(4.0497723821647,-2.60605643281505,0.));
#7522=CARTESIAN_POINT('',(4.0497723821647,-2.60605643281505,19.814199453927));
#7523=CARTESIAN_POINT('',(4.39486233766207,-2.61588494420579,0.));
#7524=CARTESIAN_POINT('Ctrl Pts',(4.39486233766207,-2.61588494420579,0.));
#7525=CARTESIAN_POINT('Ctrl Pts',(4.30203750786056,-2.64100225109326,0.));
#7526=CARTESIAN_POINT('Ctrl Pts',(4.11474976302575,-2.6339038817555,0.));
#7527=CARTESIAN_POINT('Ctrl Pts',(4.0497723821647,-2.60605643281505,0.));
#7528=CARTESIAN_POINT('',(4.39486233766207,-2.61588494420579,19.814199453927));
#7529=CARTESIAN_POINT('Origin',(4.47895071289403,-2.69997331943775,19.814199453927));
#7530=CARTESIAN_POINT('',(4.47895071289403,-2.69997331943775,-0.0099999999999989));
#7531=CARTESIAN_POINT('',(2.68421970481108,-0.905242311354809,-0.0099999999999989));
#7532=CARTESIAN_POINT('',(4.47895071289403,-2.69997331943775,0.));
#7533=CARTESIAN_POINT('',(2.68421970481108,-0.905242311354809,-1.11022302462516E-15));
#7534=CARTESIAN_POINT('',(4.47895071289403,-2.69997331943775,19.814199453927));
#7535=CARTESIAN_POINT('Ctrl Pts',(4.47895071289403,-2.69997331943775,19.814199453927));
#7536=CARTESIAN_POINT('Ctrl Pts',(4.47895071289403,-2.69997331943775,-19.814199453927));
#7537=CARTESIAN_POINT('Ctrl Pts',(4.42871609911909,-2.71963034221924,19.814199453927));
#7538=CARTESIAN_POINT('Ctrl Pts',(4.42871609911909,-2.71963034221924,-19.814199453927));
#7539=CARTESIAN_POINT('Ctrl Pts',(4.28511062713205,-2.74201750705373,19.814199453927));
#7540=CARTESIAN_POINT('Ctrl Pts',(4.28511062713205,-2.74201750705373,-19.814199453927));
#7541=CARTESIAN_POINT('Ctrl Pts',(4.23159984289354,-2.73764927976895,19.814199453927));
#7542=CARTESIAN_POINT('Ctrl Pts',(4.23159984289354,-2.73764927976895,-19.814199453927));
#7543=CARTESIAN_POINT('',(4.23159984289354,-2.73764927976895,-0.0099999999999989));
#7544=CARTESIAN_POINT('Ctrl Pts',(4.47895071289403,-2.69997331943775,-0.00999999999999668));
#7545=CARTESIAN_POINT('Ctrl Pts',(4.4454609703774,-2.71307800129208,-0.00999999999999668));
#7546=CARTESIAN_POINT('Ctrl Pts',(4.40478185378792,-2.72336153635833,-0.00999999999999668));
#7547=CARTESIAN_POINT('Ctrl Pts',(4.35691336312557,-2.73082392463649,-0.00999999999999668));
#7548=CARTESIAN_POINT('Ctrl Pts',(4.30904487246323,-2.73828631291465,-0.00999999999999668));
#7549=CARTESIAN_POINT('Ctrl Pts',(4.26727369905255,-2.74056143129213,-0.00999999999999668));
#7550=CARTESIAN_POINT('Ctrl Pts',(4.23159984289354,-2.73764927976895,-0.00999999999999668));
#7551=CARTESIAN_POINT('',(4.23159984289354,-2.73764927976895,0.));
#7552=CARTESIAN_POINT('Ctrl Pts',(4.23159984289354,-2.73764927976895,0.));
#7553=CARTESIAN_POINT('Ctrl Pts',(4.28511062713205,-2.74201750705373,0.));
#7554=CARTESIAN_POINT('Ctrl Pts',(4.42871609911909,-2.71963034221924,0.));
#7555=CARTESIAN_POINT('Ctrl Pts',(4.47895071289403,-2.69997331943775,0.));
#7556=CARTESIAN_POINT('',(4.23159984289354,-2.73764927976895,19.814199453927));
#7557=CARTESIAN_POINT('Origin',(4.78472662282841,-3.29077605970382,19.814199453927));
#7558=CARTESIAN_POINT('',(4.78472662282841,-3.29077605970382,-0.0099999999999989));
#7559=CARTESIAN_POINT('',(2.76585095219535,-1.27190038907077,-0.0099999999999989));
#7560=CARTESIAN_POINT('',(4.78472662282841,-3.29077605970382,0.));
#7561=CARTESIAN_POINT('',(2.76585095219535,-1.27190038907077,0.));
#7562=CARTESIAN_POINT('',(4.78472662282841,-3.29077605970382,19.814199453927));
#7563=CARTESIAN_POINT('Origin',(4.71319690104019,-3.36230578149205,19.814199453927));
#7564=CARTESIAN_POINT('',(4.71319690104019,-3.36230578149205,-0.0099999999999989));
#7565=CARTESIAN_POINT('',(4.37547412115315,-3.70002856137908,-0.0099999999999989));
#7566=CARTESIAN_POINT('',(4.71319690104019,-3.36230578149205,0.));
#7567=CARTESIAN_POINT('',(4.37547412115315,-3.70002856137908,0.));
#7568=CARTESIAN_POINT('',(4.71319690104019,-3.36230578149205,19.814199453927));
#7569=CARTESIAN_POINT('Origin',(4.00335996726394,-2.6524688477158,19.814199453927));
#7570=CARTESIAN_POINT('',(4.00335996726394,-2.6524688477158,-0.0099999999999989));
#7571=CARTESIAN_POINT('',(2.33940276351901,-0.988511643970864,-0.0099999999999989));
#7572=CARTESIAN_POINT('',(4.00335996726394,-2.6524688477158,0.));
#7573=CARTESIAN_POINT('',(2.33940276351901,-0.988511643970864,0.));
#7574=CARTESIAN_POINT('',(4.00335996726394,-2.6524688477158,19.814199453927));
#7575=CARTESIAN_POINT('Origin',(4.0497723821647,-2.60605643281505,19.814199453927));
#7576=CARTESIAN_POINT('',(3.68884339482726,-2.96698542015247,-0.0099999999999989));
#7577=CARTESIAN_POINT('',(3.68884339482726,-2.96698542015247,-1.11022302462516E-15));
#7578=CARTESIAN_POINT('Origin',(0.,-2.77555756156289E-16,-0.01));
#7579=CARTESIAN_POINT('Origin',(3.86,3.75999999999999,-2.15));
#7580=CARTESIAN_POINT('',(3.46,3.75999999999999,-2.15));
#7581=CARTESIAN_POINT('Origin',(3.86,3.75999999999999,-2.15));
#7582=CARTESIAN_POINT('',(3.86,3.75999999999999,-2.55));
#7583=CARTESIAN_POINT('Origin',(3.86,3.75999999999999,-2.15));
#7584=CARTESIAN_POINT('Origin',(3.86,3.75999999999999,-0.95));
#7585=CARTESIAN_POINT('',(3.46,3.75999999999999,-0.95));
#7586=CARTESIAN_POINT('',(3.46,3.75999999999999,-0.95));
#7587=CARTESIAN_POINT('Origin',(3.86,3.75999999999999,-0.95));
#7588=CARTESIAN_POINT('Origin',(-3.76000000000001,-1.32000000000001,-2.15));
#7589=CARTESIAN_POINT('',(-4.16000000000001,-1.32000000000001,-2.15));
#7590=CARTESIAN_POINT('Origin',(-3.76000000000001,-1.32000000000001,-2.15));
#7591=CARTESIAN_POINT('',(-3.76000000000001,-1.32000000000001,-2.55));
#7592=CARTESIAN_POINT('Origin',(-3.76000000000001,-1.32000000000001,-2.15));
#7593=CARTESIAN_POINT('Origin',(-3.76000000000001,-1.32000000000001,-0.95));
#7594=CARTESIAN_POINT('',(-4.16000000000001,-1.32000000000001,-0.95));
#7595=CARTESIAN_POINT('',(-4.16000000000001,-1.32000000000001,-0.95));
#7596=CARTESIAN_POINT('Origin',(-3.76000000000001,-1.32000000000001,-0.95));
#7597=CARTESIAN_POINT('Origin',(3.86,3.75999999999999,0.));
#7598=CARTESIAN_POINT('',(3.135,3.75999999999999,-0.95));
#7599=CARTESIAN_POINT('Origin',(3.86,3.75999999999999,-0.95));
#7600=CARTESIAN_POINT('',(3.135,3.75999999999999,0.));
#7601=CARTESIAN_POINT('',(3.135,3.75999999999999,0.));
#7602=CARTESIAN_POINT('Origin',(3.86,3.75999999999999,0.));
#7603=CARTESIAN_POINT('Origin',(3.86,3.75999999999999,-0.95));
#7604=CARTESIAN_POINT('Origin',(-3.76000000000001,-1.32000000000001,0.));
#7605=CARTESIAN_POINT('',(-4.48500000000001,-1.32000000000001,-0.95));
#7606=CARTESIAN_POINT('Origin',(-3.76000000000001,-1.32000000000001,-0.95));
#7607=CARTESIAN_POINT('',(-4.48500000000001,-1.32000000000001,0.));
#7608=CARTESIAN_POINT('',(-4.48500000000001,-1.32000000000001,0.));
#7609=CARTESIAN_POINT('Origin',(-3.76000000000001,-1.32000000000001,0.));
#7610=CARTESIAN_POINT('Origin',(-3.76000000000001,-1.32000000000001,-0.95));
#7611=CARTESIAN_POINT('Origin',(-5.1,-5.15713077493359E-17,0.));
#7612=CARTESIAN_POINT('',(-5.85,4.02772021867156E-17,-1.));
#7613=CARTESIAN_POINT('Origin',(-5.1,-5.15713077493359E-17,-1.));
#7614=CARTESIAN_POINT('',(-5.85,4.02772021867156E-17,0.));
#7615=CARTESIAN_POINT('',(-5.85,4.02772021867156E-17,0.));
#7616=CARTESIAN_POINT('Origin',(-5.1,-5.15713077493359E-17,0.));
#7617=CARTESIAN_POINT('Origin',(-5.1,-5.15713077493359E-17,-1.));
#7618=CARTESIAN_POINT('Origin',(-1.17,-5.1,0.));
#7619=CARTESIAN_POINT('',(-1.17,-4.35,0.));
#7620=CARTESIAN_POINT('',(-1.17,-4.35,-1.));
#7621=CARTESIAN_POINT('',(-1.17,-4.35,0.));
#7622=CARTESIAN_POINT('',(-1.17,-5.85,-1.));
#7623=CARTESIAN_POINT('Origin',(-1.17,-5.1,-1.));
#7624=CARTESIAN_POINT('',(-1.17,-5.85,0.));
#7625=CARTESIAN_POINT('',(-1.17,-5.85,0.));
#7626=CARTESIAN_POINT('Origin',(-1.17,-5.1,0.));
#7627=CARTESIAN_POINT('Origin',(1.17,-5.1,0.));
#7628=CARTESIAN_POINT('',(1.17,-4.35,0.));
#7629=CARTESIAN_POINT('',(1.17,-4.35,-1.));
#7630=CARTESIAN_POINT('',(1.17,-4.35,0.));
#7631=CARTESIAN_POINT('',(1.17,-5.85,0.));
#7632=CARTESIAN_POINT('Origin',(1.17,-5.1,0.));
#7633=CARTESIAN_POINT('',(1.17,-5.85,-1.));
#7634=CARTESIAN_POINT('',(1.17,-5.85,0.));
#7635=CARTESIAN_POINT('Origin',(1.17,-5.1,-1.));
#7636=CARTESIAN_POINT('Origin',(1.17,-4.35,0.));
#7637=CARTESIAN_POINT('',(-1.17,-4.35,-1.));
#7638=CARTESIAN_POINT('',(0.585,-4.35,0.));
#7639=CARTESIAN_POINT('Origin',(-1.17,-5.85,0.));
#7640=CARTESIAN_POINT('',(1.17,-5.85,-1.));
#7641=CARTESIAN_POINT('',(-0.585000000000001,-5.85,0.));
#7642=CARTESIAN_POINT('Origin',(-1.04083408558608E-16,-5.1,-1.));
#7643=CARTESIAN_POINT('Origin',(5.1,-1.17,0.));
#7644=CARTESIAN_POINT('',(4.35,-1.17,0.));
#7645=CARTESIAN_POINT('',(4.35,-1.17,-1.));
#7646=CARTESIAN_POINT('',(4.35,-1.17,0.));
#7647=CARTESIAN_POINT('',(5.85,-1.17,-1.));
#7648=CARTESIAN_POINT('Origin',(5.1,-1.17,-1.));
#7649=CARTESIAN_POINT('',(5.85,-1.17,0.));
#7650=CARTESIAN_POINT('',(5.85,-1.17,0.));
#7651=CARTESIAN_POINT('Origin',(5.1,-1.17,0.));
#7652=CARTESIAN_POINT('Origin',(5.1,1.17,0.));
#7653=CARTESIAN_POINT('',(4.35,1.17,0.));
#7654=CARTESIAN_POINT('',(4.35,1.17,-1.));
#7655=CARTESIAN_POINT('',(4.35,1.17,0.));
#7656=CARTESIAN_POINT('',(5.85,1.17,0.));
#7657=CARTESIAN_POINT('Origin',(5.1,1.17,0.));
#7658=CARTESIAN_POINT('',(5.85,1.17,-1.));
#7659=CARTESIAN_POINT('',(5.85,1.17,0.));
#7660=CARTESIAN_POINT('Origin',(5.1,1.17,-1.));
#7661=CARTESIAN_POINT('Origin',(4.35,1.17,0.));
#7662=CARTESIAN_POINT('',(4.35,-1.17,-1.));
#7663=CARTESIAN_POINT('',(4.35,0.585000000000001,0.));
#7664=CARTESIAN_POINT('Origin',(5.85,-1.17,0.));
#7665=CARTESIAN_POINT('',(5.85,1.17,-1.));
#7666=CARTESIAN_POINT('',(5.85,-0.585000000000002,0.));
#7667=CARTESIAN_POINT('Origin',(5.1,3.46944695195361E-17,-1.));
#7668=CARTESIAN_POINT('Origin',(-1.17,5.1,0.));
#7669=CARTESIAN_POINT('',(-1.17,5.85,0.));
#7670=CARTESIAN_POINT('',(-1.17,5.85,-1.));
#7671=CARTESIAN_POINT('',(-1.17,5.85,0.));
#7672=CARTESIAN_POINT('',(-1.17,4.35,-1.));
#7673=CARTESIAN_POINT('Origin',(-1.17,5.1,-1.));
#7674=CARTESIAN_POINT('',(-1.17,4.35,0.));
#7675=CARTESIAN_POINT('',(-1.17,4.35,0.));
#7676=CARTESIAN_POINT('Origin',(-1.17,5.1,0.));
#7677=CARTESIAN_POINT('Origin',(1.17,5.1,0.));
#7678=CARTESIAN_POINT('',(1.17,5.85,0.));
#7679=CARTESIAN_POINT('',(1.17,5.85,-1.));
#7680=CARTESIAN_POINT('',(1.17,5.85,0.));
#7681=CARTESIAN_POINT('',(1.17,4.35,0.));
#7682=CARTESIAN_POINT('Origin',(1.17,5.1,0.));
#7683=CARTESIAN_POINT('',(1.17,4.35,-1.));
#7684=CARTESIAN_POINT('',(1.17,4.35,0.));
#7685=CARTESIAN_POINT('Origin',(1.17,5.1,-1.));
#7686=CARTESIAN_POINT('Origin',(1.17,5.85,0.));
#7687=CARTESIAN_POINT('',(-1.17,5.85,-1.));
#7688=CARTESIAN_POINT('',(0.585,5.85,0.));
#7689=CARTESIAN_POINT('Origin',(-1.17,4.35,0.));
#7690=CARTESIAN_POINT('',(1.17,4.35,-1.));
#7691=CARTESIAN_POINT('',(-0.585,4.35,0.));
#7692=CARTESIAN_POINT('Origin',(3.46944695195361E-17,5.1,-1.));
#7693=CARTESIAN_POINT('Origin',(4.42568542494924,-4.70852813742385,0.));
#7694=CARTESIAN_POINT('',(4.42568542494924,-4.70852813742385,1.));
#7695=CARTESIAN_POINT('',(3.01147186257615,-3.29431457505076,1.));
#7696=CARTESIAN_POINT('',(2.14213203435597,-2.42497474683058,1.));
#7697=CARTESIAN_POINT('',(4.42568542494924,-4.70852813742385,0.));
#7698=CARTESIAN_POINT('',(4.42568542494924,-4.70852813742385,0.));
#7699=CARTESIAN_POINT('',(3.01147186257615,-3.29431457505076,0.));
#7700=CARTESIAN_POINT('',(2.14213203435597,-2.42497474683058,0.));
#7701=CARTESIAN_POINT('',(3.01147186257615,-3.29431457505076,0.));
#7702=CARTESIAN_POINT('Origin',(3.01147186257615,-3.29431457505076,0.));
#7703=CARTESIAN_POINT('',(3.29431457505077,-3.01147186257614,1.));
#7704=CARTESIAN_POINT('',(3.0821825406948,-3.22360389693211,1.));
#7705=CARTESIAN_POINT('',(3.29431457505077,-3.01147186257614,0.));
#7706=CARTESIAN_POINT('',(3.0821825406948,-3.22360389693211,0.));
#7707=CARTESIAN_POINT('',(3.29431457505077,-3.01147186257614,0.));
#7708=CARTESIAN_POINT('Origin',(3.29431457505077,-3.01147186257614,0.));
#7709=CARTESIAN_POINT('',(4.70852813742386,-4.42568542494924,1.));
#7710=CARTESIAN_POINT('',(1.71786796564404,-1.43502525316941,1.));
#7711=CARTESIAN_POINT('',(4.70852813742386,-4.42568542494924,0.));
#7712=CARTESIAN_POINT('',(1.71786796564404,-1.43502525316941,0.));
#7713=CARTESIAN_POINT('',(4.70852813742386,-4.42568542494924,0.));
#7714=CARTESIAN_POINT('Origin',(4.70852813742386,-4.42568542494924,0.));
#7715=CARTESIAN_POINT('',(4.63781745930521,-4.49639610306789,1.));
#7716=CARTESIAN_POINT('',(4.63781745930521,-4.49639610306789,0.));
#7717=CARTESIAN_POINT('Origin',(-0.654314575050762,2.06852813742386,0.));
#7718=CARTESIAN_POINT('',(-0.654314575050762,2.06852813742386,1.));
#7719=CARTESIAN_POINT('',(-0.371471862576143,1.78568542494924,1.));
#7720=CARTESIAN_POINT('',(0.026396103067893,1.3878174593052,1.));
#7721=CARTESIAN_POINT('',(-0.654314575050762,2.06852813742386,0.));
#7722=CARTESIAN_POINT('',(-0.654314575050762,2.06852813742386,0.));
#7723=CARTESIAN_POINT('',(-0.371471862576143,1.78568542494924,0.));
#7724=CARTESIAN_POINT('',(0.026396103067893,1.3878174593052,0.));
#7725=CARTESIAN_POINT('',(-0.371471862576143,1.78568542494924,0.));
#7726=CARTESIAN_POINT('Origin',(-0.371471862576143,1.78568542494924,0.));
#7727=CARTESIAN_POINT('',(-1.78568542494924,0.371471862576142,1.));
#7728=CARTESIAN_POINT('',(-0.725025253169417,1.43213203435596,1.));
#7729=CARTESIAN_POINT('',(-1.78568542494924,0.371471862576142,0.));
#7730=CARTESIAN_POINT('',(-0.725025253169417,1.43213203435596,0.));
#7731=CARTESIAN_POINT('',(-1.78568542494924,0.371471862576142,0.));
#7732=CARTESIAN_POINT('Origin',(-1.78568542494924,0.371471862576142,0.));
#7733=CARTESIAN_POINT('',(-2.06852813742386,0.654314575050761,1.));
#7734=CARTESIAN_POINT('',(-1.24639610306789,-0.167817459305203,1.));
#7735=CARTESIAN_POINT('',(-2.06852813742386,0.654314575050761,0.));
#7736=CARTESIAN_POINT('',(-1.24639610306789,-0.167817459305203,0.));
#7737=CARTESIAN_POINT('',(-2.06852813742386,0.654314575050761,0.));
#7738=CARTESIAN_POINT('Origin',(-2.06852813742386,0.654314575050761,0.));
#7739=CARTESIAN_POINT('',(-1.71497474683058,1.00786796564403,1.));
#7740=CARTESIAN_POINT('',(-1.71497474683058,1.00786796564403,0.));
#7741=CARTESIAN_POINT('Origin',(-4.91321210432972,-6.23,0.));
#7742=CARTESIAN_POINT('',(-4.91321210432972,-6.25,0.));
#7743=CARTESIAN_POINT('',(-4.89682906344393,-6.21852847127298,0.));
#7744=CARTESIAN_POINT('Origin',(-4.91321210432972,-6.23,0.));
#7745=CARTESIAN_POINT('',(-4.89682906344393,-6.21852847127298,4.6));
#7746=CARTESIAN_POINT('',(-4.89682906344393,-6.21852847127298,0.));
#7747=CARTESIAN_POINT('',(-4.91321210432972,-6.25,4.6));
#7748=CARTESIAN_POINT('Origin',(-4.91321210432972,-6.23,4.6));
#7749=CARTESIAN_POINT('',(-4.91321210432972,-6.25,0.));
#7750=CARTESIAN_POINT('Origin',(0.,-2.77555756156289E-16,0.));
#7751=CARTESIAN_POINT('',(-6.25,-6.25,0.));
#7752=CARTESIAN_POINT('',(-6.25,-6.25,0.));
#7753=CARTESIAN_POINT('',(-6.25,-4.91321210432971,0.));
#7754=CARTESIAN_POINT('',(-6.25,6.25,0.));
#7755=CARTESIAN_POINT('',(-6.21852847127298,-4.89682906344393,0.));
#7756=CARTESIAN_POINT('Origin',(-6.23,-4.91321210432971,0.));
#7757=CARTESIAN_POINT('',(-5.78147152872702,-5.2028596292415,0.));
#7758=CARTESIAN_POINT('',(-5.29829515210542,-5.5411833704368,0.));
#7759=CARTESIAN_POINT('',(-5.75,-5.18647658835572,0.));
#7760=CARTESIAN_POINT('Origin',(-5.77,-5.18647658835572,0.));
#7761=CARTESIAN_POINT('',(-5.75,-2.56331587343457,0.));
#7762=CARTESIAN_POINT('',(-5.75,-2.61244811544757,0.));
#7763=CARTESIAN_POINT('',(-5.78147152872702,-2.54693283254879,0.));
#7764=CARTESIAN_POINT('Origin',(-5.77,-2.56331587343457,0.));
#7765=CARTESIAN_POINT('',(-6.21852847127298,-2.85296339834636,0.));
#7766=CARTESIAN_POINT('',(-3.22768945486377,-0.758755373484914,0.));
#7767=CARTESIAN_POINT('',(-6.25,-2.83658035746058,0.));
#7768=CARTESIAN_POINT('Origin',(-6.23,-2.83658035746058,0.));
#7769=CARTESIAN_POINT('',(-6.25,2.83658035746058,0.));
#7770=CARTESIAN_POINT('',(-6.25,6.25,0.));
#7771=CARTESIAN_POINT('',(-6.21852847127298,2.85296339834636,0.));
#7772=CARTESIAN_POINT('Origin',(-6.23,2.83658035746058,0.));
#7773=CARTESIAN_POINT('',(-5.78147152872702,2.54693283254879,0.));
#7774=CARTESIAN_POINT('',(-3.22768945486377,0.758755373484915,0.));
#7775=CARTESIAN_POINT('',(-5.75,2.56331587343457,0.));
#7776=CARTESIAN_POINT('Origin',(-5.77,2.56331587343457,0.));
#7777=CARTESIAN_POINT('',(-5.75,5.18647658835572,0.));
#7778=CARTESIAN_POINT('',(-5.75,2.61244811544757,0.));
#7779=CARTESIAN_POINT('',(-5.78147152872702,5.2028596292415,0.));
#7780=CARTESIAN_POINT('Origin',(-5.77,5.18647658835572,0.));
#7781=CARTESIAN_POINT('',(-6.21852847127298,4.89682906344393,0.));
#7782=CARTESIAN_POINT('',(-5.29829515210542,5.5411833704368,0.));
#7783=CARTESIAN_POINT('',(-6.25,4.91321210432971,0.));
#7784=CARTESIAN_POINT('Origin',(-6.23,4.91321210432971,0.));
#7785=CARTESIAN_POINT('',(-6.25,6.25,0.));
#7786=CARTESIAN_POINT('',(-6.25,6.25,0.));
#7787=CARTESIAN_POINT('',(-4.91321210432971,6.25,0.));
#7788=CARTESIAN_POINT('',(6.25,6.25,0.));
#7789=CARTESIAN_POINT('',(-4.89682906344393,6.21852847127298,0.));
#7790=CARTESIAN_POINT('Origin',(-4.91321210432971,6.23,0.));
#7791=CARTESIAN_POINT('',(-5.2028596292415,5.78147152872702,0.));
#7792=CARTESIAN_POINT('',(-5.5411833704368,5.29829515210542,0.));
#7793=CARTESIAN_POINT('',(-5.18647658835572,5.75,0.));
#7794=CARTESIAN_POINT('Origin',(-5.18647658835572,5.77,0.));
#7795=CARTESIAN_POINT('',(-2.56331587343457,5.75,0.));
#7796=CARTESIAN_POINT('',(-2.61244811544757,5.75,0.));
#7797=CARTESIAN_POINT('',(-2.54693283254879,5.78147152872702,0.));
#7798=CARTESIAN_POINT('Origin',(-2.56331587343457,5.77,0.));
#7799=CARTESIAN_POINT('',(-2.85296339834636,6.21852847127298,0.));
#7800=CARTESIAN_POINT('',(-0.758755373484915,3.22768945486377,0.));
#7801=CARTESIAN_POINT('',(-2.83658035746058,6.25,0.));
#7802=CARTESIAN_POINT('Origin',(-2.83658035746058,6.23,0.));
#7803=CARTESIAN_POINT('',(2.83658035746058,6.25,0.));
#7804=CARTESIAN_POINT('',(6.25,6.25,0.));
#7805=CARTESIAN_POINT('',(2.85296339834636,6.21852847127298,0.));
#7806=CARTESIAN_POINT('Origin',(2.83658035746058,6.23,0.));
#7807=CARTESIAN_POINT('',(2.54693283254879,5.78147152872702,0.));
#7808=CARTESIAN_POINT('',(0.758755373484915,3.22768945486377,0.));
#7809=CARTESIAN_POINT('',(2.56331587343457,5.75,0.));
#7810=CARTESIAN_POINT('Origin',(2.56331587343457,5.77,0.));
#7811=CARTESIAN_POINT('',(5.18647658835572,5.75,0.));
#7812=CARTESIAN_POINT('',(2.61244811544757,5.75,0.));
#7813=CARTESIAN_POINT('',(5.2028596292415,5.78147152872702,0.));
#7814=CARTESIAN_POINT('Origin',(5.18647658835572,5.77,0.));
#7815=CARTESIAN_POINT('',(4.89682906344393,6.21852847127298,0.));
#7816=CARTESIAN_POINT('',(5.5411833704368,5.29829515210542,0.));
#7817=CARTESIAN_POINT('',(4.91321210432971,6.25,0.));
#7818=CARTESIAN_POINT('Origin',(4.91321210432971,6.23,0.));
#7819=CARTESIAN_POINT('',(6.25,6.25,0.));
#7820=CARTESIAN_POINT('',(6.25,6.25,0.));
#7821=CARTESIAN_POINT('',(6.25,4.91321210432971,0.));
#7822=CARTESIAN_POINT('',(6.25,-6.25,0.));
#7823=CARTESIAN_POINT('',(6.21852847127298,4.89682906344393,0.));
#7824=CARTESIAN_POINT('Origin',(6.23,4.91321210432971,0.));
#7825=CARTESIAN_POINT('',(5.78147152872702,5.2028596292415,0.));
#7826=CARTESIAN_POINT('',(5.29829515210542,5.5411833704368,0.));
#7827=CARTESIAN_POINT('',(5.75,5.18647658835572,0.));
#7828=CARTESIAN_POINT('Origin',(5.77,5.18647658835572,0.));
#7829=CARTESIAN_POINT('',(5.75,2.56331587343457,0.));
#7830=CARTESIAN_POINT('',(5.75,2.61244811544757,0.));
#7831=CARTESIAN_POINT('',(5.78147152872702,2.54693283254879,0.));
#7832=CARTESIAN_POINT('Origin',(5.77,2.56331587343457,0.));
#7833=CARTESIAN_POINT('',(6.21852847127298,2.85296339834636,0.));
#7834=CARTESIAN_POINT('',(3.22768945486377,0.758755373484914,0.));
#7835=CARTESIAN_POINT('',(6.25,2.83658035746058,0.));
#7836=CARTESIAN_POINT('Origin',(6.23,2.83658035746058,0.));
#7837=CARTESIAN_POINT('',(6.25,-2.83658035746058,0.));
#7838=CARTESIAN_POINT('',(6.25,-6.25,0.));
#7839=CARTESIAN_POINT('',(6.21852847127298,-2.85296339834636,0.));
#7840=CARTESIAN_POINT('Origin',(6.23,-2.83658035746058,0.));
#7841=CARTESIAN_POINT('',(5.78147152872702,-2.54693283254879,0.));
#7842=CARTESIAN_POINT('',(3.22768945486377,-0.758755373484916,0.));
#7843=CARTESIAN_POINT('',(5.75,-2.56331587343457,0.));
#7844=CARTESIAN_POINT('Origin',(5.77,-2.56331587343457,0.));
#7845=CARTESIAN_POINT('',(5.75,-5.18647658835572,0.));
#7846=CARTESIAN_POINT('',(5.75,-2.61244811544757,0.));
#7847=CARTESIAN_POINT('',(5.78147152872702,-5.2028596292415,0.));
#7848=CARTESIAN_POINT('Origin',(5.77,-5.18647658835572,0.));
#7849=CARTESIAN_POINT('',(6.21852847127298,-4.89682906344393,0.));
#7850=CARTESIAN_POINT('',(5.29829515210542,-5.5411833704368,0.));
#7851=CARTESIAN_POINT('',(6.25,-4.91321210432971,0.));
#7852=CARTESIAN_POINT('Origin',(6.23,-4.91321210432971,0.));
#7853=CARTESIAN_POINT('',(6.25,-6.25,0.));
#7854=CARTESIAN_POINT('',(6.25,-6.25,0.));
#7855=CARTESIAN_POINT('',(4.91321210432971,-6.25,0.));
#7856=CARTESIAN_POINT('',(-6.25,-6.25,0.));
#7857=CARTESIAN_POINT('',(4.89682906344393,-6.21852847127298,0.));
#7858=CARTESIAN_POINT('Origin',(4.91321210432971,-6.23,0.));
#7859=CARTESIAN_POINT('',(5.2028596292415,-5.78147152872702,0.));
#7860=CARTESIAN_POINT('',(5.5411833704368,-5.29829515210542,0.));
#7861=CARTESIAN_POINT('',(5.18647658835572,-5.75,0.));
#7862=CARTESIAN_POINT('Origin',(5.18647658835572,-5.77,0.));
#7863=CARTESIAN_POINT('',(2.56331587343457,-5.75,0.));
#7864=CARTESIAN_POINT('',(2.61244811544757,-5.75,0.));
#7865=CARTESIAN_POINT('',(2.54693283254879,-5.78147152872702,0.));
#7866=CARTESIAN_POINT('Origin',(2.56331587343457,-5.77,0.));
#7867=CARTESIAN_POINT('',(2.85296339834636,-6.21852847127298,0.));
#7868=CARTESIAN_POINT('',(0.758755373484915,-3.22768945486377,0.));
#7869=CARTESIAN_POINT('',(2.83658035746058,-6.25,0.));
#7870=CARTESIAN_POINT('Origin',(2.83658035746058,-6.23,0.));
#7871=CARTESIAN_POINT('',(-2.83658035746058,-6.25,0.));
#7872=CARTESIAN_POINT('',(-6.25,-6.25,0.));
#7873=CARTESIAN_POINT('',(-2.85296339834636,-6.21852847127298,0.));
#7874=CARTESIAN_POINT('Origin',(-2.83658035746058,-6.23,0.));
#7875=CARTESIAN_POINT('',(-2.54693283254879,-5.78147152872702,0.));
#7876=CARTESIAN_POINT('',(-0.758755373484916,-3.22768945486377,0.));
#7877=CARTESIAN_POINT('',(-2.56331587343457,-5.75,0.));
#7878=CARTESIAN_POINT('Origin',(-2.56331587343457,-5.77,0.));
#7879=CARTESIAN_POINT('',(-5.18647658835572,-5.75,0.));
#7880=CARTESIAN_POINT('',(-2.61244811544757,-5.75,0.));
#7881=CARTESIAN_POINT('',(-5.2028596292415,-5.78147152872702,0.));
#7882=CARTESIAN_POINT('Origin',(-5.18647658835572,-5.77,0.));
#7883=CARTESIAN_POINT('',(-5.5411833704368,-5.29829515210542,0.));
#7884=CARTESIAN_POINT('Origin',(6.25,-6.25,0.));
#7885=CARTESIAN_POINT('',(-2.83658035746058,-6.25,4.6));
#7886=CARTESIAN_POINT('',(1.18755188455243,-6.25,4.6));
#7887=CARTESIAN_POINT('',(-2.83658035746058,-6.25,0.));
#7888=CARTESIAN_POINT('',(2.83658035746058,-6.25,4.6));
#7889=CARTESIAN_POINT('',(2.83658035746058,-6.25,0.));
#7890=CARTESIAN_POINT('',(4.91321210432971,-6.25,4.6));
#7891=CARTESIAN_POINT('',(5.06244811544757,-6.25,4.6));
#7892=CARTESIAN_POINT('',(4.91321210432971,-6.25,0.));
#7893=CARTESIAN_POINT('',(6.25,-6.25,6.4));
#7894=CARTESIAN_POINT('',(6.25,-6.25,0.));
#7895=CARTESIAN_POINT('',(-6.25,-6.25,6.4));
#7896=CARTESIAN_POINT('',(-6.25,-6.25,6.4));
#7897=CARTESIAN_POINT('',(-6.25,-6.25,0.));
#7898=CARTESIAN_POINT('Origin',(-5.18647658835572,-5.77,0.));
#7899=CARTESIAN_POINT('',(-5.2028596292415,-5.78147152872702,4.6));
#7900=CARTESIAN_POINT('',(-5.18647658835572,-5.75,4.6));
#7901=CARTESIAN_POINT('Origin',(-5.18647658835572,-5.77,4.6));
#7902=CARTESIAN_POINT('',(-5.2028596292415,-5.78147152872702,0.));
#7903=CARTESIAN_POINT('',(-5.18647658835572,-5.75,0.));
#7904=CARTESIAN_POINT('Origin',(-3.87489623089515,-5.97043325697391,4.6));
#7905=CARTESIAN_POINT('',(-2.56331587343457,-5.75,4.6));
#7906=CARTESIAN_POINT('',(-5.22489623089514,-5.75,4.6));
#7907=CARTESIAN_POINT('',(-2.54693283254879,-5.78147152872702,4.6));
#7908=CARTESIAN_POINT('Origin',(-2.56331587343457,-5.77,4.6));
#7909=CARTESIAN_POINT('',(-2.85296339834636,-6.21852847127298,4.6));
#7910=CARTESIAN_POINT('',(-2.52489623089515,-5.75,4.6));
#7911=CARTESIAN_POINT('Origin',(-2.83658035746058,-6.23,4.6));
#7912=CARTESIAN_POINT('',(-4.87479246179029,-6.25,4.6));
#7913=CARTESIAN_POINT('Origin',(-5.22489623089514,-5.75,0.));
#7914=CARTESIAN_POINT('',(-2.56331587343457,-5.75,0.));
#7915=CARTESIAN_POINT('Origin',(-2.56331587343457,-5.77,0.));
#7916=CARTESIAN_POINT('',(-2.54693283254879,-5.78147152872702,0.));
#7917=CARTESIAN_POINT('Origin',(-2.52489623089515,-5.75,0.));
#7918=CARTESIAN_POINT('',(-2.85296339834636,-6.21852847127298,0.));
#7919=CARTESIAN_POINT('Origin',(-2.83658035746058,-6.23,0.));
#7920=CARTESIAN_POINT('Origin',(2.83658035746058,-6.23,0.));
#7921=CARTESIAN_POINT('',(2.85296339834636,-6.21852847127298,4.6));
#7922=CARTESIAN_POINT('',(2.85296339834636,-6.21852847127298,0.));
#7923=CARTESIAN_POINT('Origin',(2.83658035746058,-6.23,4.6));
#7924=CARTESIAN_POINT('Origin',(2.56331587343457,-5.77,0.));
#7925=CARTESIAN_POINT('',(2.54693283254879,-5.78147152872702,4.6));
#7926=CARTESIAN_POINT('',(2.56331587343457,-5.75,4.6));
#7927=CARTESIAN_POINT('Origin',(2.56331587343457,-5.77,4.6));
#7928=CARTESIAN_POINT('',(2.54693283254879,-5.78147152872702,0.));
#7929=CARTESIAN_POINT('',(2.56331587343457,-5.75,0.));
#7930=CARTESIAN_POINT('Origin',(3.87489623089514,-5.97043325697391,4.6));
#7931=CARTESIAN_POINT('',(5.18647658835572,-5.75,4.6));
#7932=CARTESIAN_POINT('',(5.22489623089514,-5.75,4.6));
#7933=CARTESIAN_POINT('',(5.2028596292415,-5.78147152872702,4.6));
#7934=CARTESIAN_POINT('Origin',(5.18647658835572,-5.77,4.6));
#7935=CARTESIAN_POINT('',(4.89682906344393,-6.21852847127298,4.6));
#7936=CARTESIAN_POINT('',(4.87479246179029,-6.25,4.6));
#7937=CARTESIAN_POINT('Origin',(4.91321210432971,-6.23,4.6));
#7938=CARTESIAN_POINT('',(2.52489623089514,-5.75,4.6));
#7939=CARTESIAN_POINT('Origin',(5.22489623089514,-5.75,0.));
#7940=CARTESIAN_POINT('',(5.18647658835572,-5.75,0.));
#7941=CARTESIAN_POINT('Origin',(5.18647658835572,-5.77,0.));
#7942=CARTESIAN_POINT('',(5.2028596292415,-5.78147152872702,0.));
#7943=CARTESIAN_POINT('Origin',(4.87479246179029,-6.25,0.));
#7944=CARTESIAN_POINT('',(4.89682906344393,-6.21852847127298,0.));
#7945=CARTESIAN_POINT('Origin',(4.91321210432971,-6.23,0.));
#7946=CARTESIAN_POINT('Origin',(6.23,-4.91321210432971,0.));
#7947=CARTESIAN_POINT('',(6.21852847127298,-4.89682906344393,4.6));
#7948=CARTESIAN_POINT('',(6.21852847127298,-4.89682906344393,0.));
#7949=CARTESIAN_POINT('',(6.25,-4.91321210432971,4.6));
#7950=CARTESIAN_POINT('Origin',(6.23,-4.91321210432971,4.6));
#7951=CARTESIAN_POINT('',(6.25,-4.91321210432971,0.));
#7952=CARTESIAN_POINT('Origin',(6.25,-4.87479246179029,0.));
#7953=CARTESIAN_POINT('',(5.78147152872702,-5.2028596292415,4.6));
#7954=CARTESIAN_POINT('',(5.78147152872702,-5.2028596292415,0.));
#7955=CARTESIAN_POINT('',(6.25,-4.87479246179029,4.6));
#7956=CARTESIAN_POINT('Origin',(5.77,-5.18647658835572,0.));
#7957=CARTESIAN_POINT('',(5.75,-5.18647658835572,4.6));
#7958=CARTESIAN_POINT('Origin',(5.77,-5.18647658835572,4.6));
#7959=CARTESIAN_POINT('',(5.75,-5.18647658835572,0.));
#7960=CARTESIAN_POINT('Origin',(5.97043325697391,-3.87489623089515,4.6));
#7961=CARTESIAN_POINT('',(5.75,-2.56331587343457,4.6));
#7962=CARTESIAN_POINT('',(5.75,-5.22489623089515,4.6));
#7963=CARTESIAN_POINT('',(5.78147152872702,-2.54693283254879,4.6));
#7964=CARTESIAN_POINT('Origin',(5.77,-2.56331587343457,4.6));
#7965=CARTESIAN_POINT('',(6.21852847127298,-2.85296339834636,4.6));
#7966=CARTESIAN_POINT('',(5.75,-2.52489623089515,4.6));
#7967=CARTESIAN_POINT('',(6.25,-2.83658035746058,4.6));
#7968=CARTESIAN_POINT('Origin',(6.23,-2.83658035746058,4.6));
#7969=CARTESIAN_POINT('',(6.25,1.18755188455243,4.6));
#7970=CARTESIAN_POINT('Origin',(5.75,-5.22489623089515,0.));
#7971=CARTESIAN_POINT('',(5.75,-2.56331587343457,0.));
#7972=CARTESIAN_POINT('Origin',(6.23,-2.83658035746058,0.));
#7973=CARTESIAN_POINT('',(6.25,-2.83658035746058,0.));
#7974=CARTESIAN_POINT('',(6.21852847127298,-2.85296339834636,0.));
#7975=CARTESIAN_POINT('Origin',(5.75,-2.52489623089515,0.));
#7976=CARTESIAN_POINT('',(5.78147152872702,-2.54693283254879,0.));
#7977=CARTESIAN_POINT('Origin',(5.77,-2.56331587343457,0.));
#7978=CARTESIAN_POINT('Origin',(5.77,5.18647658835572,0.));
#7979=CARTESIAN_POINT('',(5.75,5.18647658835572,4.6));
#7980=CARTESIAN_POINT('',(5.78147152872702,5.2028596292415,4.6));
#7981=CARTESIAN_POINT('Origin',(5.77,5.18647658835572,4.6));
#7982=CARTESIAN_POINT('',(5.75,5.18647658835572,0.));
#7983=CARTESIAN_POINT('',(5.78147152872702,5.2028596292415,0.));
#7984=CARTESIAN_POINT('Origin',(5.75,5.22489623089514,0.));
#7985=CARTESIAN_POINT('',(5.75,2.56331587343457,4.6));
#7986=CARTESIAN_POINT('',(5.75,5.22489623089514,4.6));
#7987=CARTESIAN_POINT('',(5.75,2.56331587343457,0.));
#7988=CARTESIAN_POINT('Origin',(6.23,4.91321210432971,0.));
#7989=CARTESIAN_POINT('',(6.25,4.91321210432971,4.6));
#7990=CARTESIAN_POINT('',(6.25,4.91321210432971,0.));
#7991=CARTESIAN_POINT('',(6.21852847127298,4.89682906344393,4.6));
#7992=CARTESIAN_POINT('Origin',(6.23,4.91321210432971,4.6));
#7993=CARTESIAN_POINT('',(6.21852847127298,4.89682906344393,0.));
#7994=CARTESIAN_POINT('Origin',(6.25,6.25,0.));
#7995=CARTESIAN_POINT('',(6.25,2.83658035746058,4.6));
#7996=CARTESIAN_POINT('',(6.25,2.83658035746058,0.));
#7997=CARTESIAN_POINT('',(6.25,5.06244811544757,4.6));
#7998=CARTESIAN_POINT('',(6.25,6.25,6.4));
#7999=CARTESIAN_POINT('',(6.25,6.25,0.));
#8000=CARTESIAN_POINT('',(6.25,-6.25,6.4));
#8001=CARTESIAN_POINT('Origin',(6.23,2.83658035746058,0.));
#8002=CARTESIAN_POINT('',(6.21852847127298,2.85296339834635,4.6));
#8003=CARTESIAN_POINT('',(6.21852847127298,2.85296339834635,0.));
#8004=CARTESIAN_POINT('Origin',(6.23,2.83658035746058,4.6));
#8005=CARTESIAN_POINT('Origin',(5.75,2.52489623089514,0.));
#8006=CARTESIAN_POINT('',(5.78147152872702,2.54693283254879,4.6));
#8007=CARTESIAN_POINT('',(5.78147152872702,2.54693283254879,0.));
#8008=CARTESIAN_POINT('',(5.75,2.52489623089514,4.6));
#8009=CARTESIAN_POINT('Origin',(5.77,2.56331587343457,0.));
#8010=CARTESIAN_POINT('Origin',(5.77,2.56331587343457,4.6));
#8011=CARTESIAN_POINT('Origin',(5.97043325697391,3.87489623089514,4.6));
#8012=CARTESIAN_POINT('',(6.25,4.87479246179029,4.6));
#8013=CARTESIAN_POINT('Origin',(4.91321210432971,6.23,0.));
#8014=CARTESIAN_POINT('',(4.89682906344393,6.21852847127298,4.6));
#8015=CARTESIAN_POINT('',(4.89682906344393,6.21852847127298,0.));
#8016=CARTESIAN_POINT('',(4.91321210432971,6.25,4.6));
#8017=CARTESIAN_POINT('Origin',(4.91321210432971,6.23,4.6));
#8018=CARTESIAN_POINT('',(4.91321210432971,6.25,0.));
#8019=CARTESIAN_POINT('Origin',(4.87479246179029,6.25,0.));
#8020=CARTESIAN_POINT('',(5.2028596292415,5.78147152872702,4.6));
#8021=CARTESIAN_POINT('',(5.2028596292415,5.78147152872702,0.));
#8022=CARTESIAN_POINT('',(4.87479246179029,6.25,4.6));
#8023=CARTESIAN_POINT('Origin',(5.18647658835572,5.77,0.));
#8024=CARTESIAN_POINT('',(5.18647658835572,5.75,4.6));
#8025=CARTESIAN_POINT('Origin',(5.18647658835572,5.77,4.6));
#8026=CARTESIAN_POINT('',(5.18647658835572,5.75,0.));
#8027=CARTESIAN_POINT('Origin',(3.87489623089515,5.97043325697391,4.6));
#8028=CARTESIAN_POINT('',(2.56331587343457,5.75,4.6));
#8029=CARTESIAN_POINT('',(5.22489623089514,5.75,4.6));
#8030=CARTESIAN_POINT('',(2.54693283254879,5.78147152872702,4.6));
#8031=CARTESIAN_POINT('Origin',(2.56331587343457,5.77,4.6));
#8032=CARTESIAN_POINT('',(2.85296339834636,6.21852847127298,4.6));
#8033=CARTESIAN_POINT('',(2.52489623089514,5.75,4.6));
#8034=CARTESIAN_POINT('',(2.83658035746058,6.25,4.6));
#8035=CARTESIAN_POINT('Origin',(2.83658035746058,6.23,4.6));
#8036=CARTESIAN_POINT('',(-1.18755188455243,6.25,4.6));
#8037=CARTESIAN_POINT('Origin',(5.22489623089514,5.75,0.));
#8038=CARTESIAN_POINT('',(2.56331587343457,5.75,0.));
#8039=CARTESIAN_POINT('Origin',(2.83658035746058,6.23,0.));
#8040=CARTESIAN_POINT('',(2.83658035746058,6.25,0.));
#8041=CARTESIAN_POINT('',(2.85296339834636,6.21852847127298,0.));
#8042=CARTESIAN_POINT('Origin',(2.52489623089514,5.75,0.));
#8043=CARTESIAN_POINT('',(2.54693283254879,5.78147152872702,0.));
#8044=CARTESIAN_POINT('Origin',(2.56331587343457,5.77,0.));
#8045=CARTESIAN_POINT('Origin',(-2.83658035746058,6.23,0.));
#8046=CARTESIAN_POINT('',(-2.85296339834636,6.21852847127298,4.6));
#8047=CARTESIAN_POINT('',(-2.85296339834636,6.21852847127298,0.));
#8048=CARTESIAN_POINT('',(-2.83658035746058,6.25,4.6));
#8049=CARTESIAN_POINT('Origin',(-2.83658035746058,6.23,4.6));
#8050=CARTESIAN_POINT('',(-2.83658035746058,6.25,0.));
#8051=CARTESIAN_POINT('Origin',(-2.52489623089514,5.75,0.));
#8052=CARTESIAN_POINT('',(-2.54693283254879,5.78147152872702,4.6));
#8053=CARTESIAN_POINT('',(-2.54693283254879,5.78147152872702,0.));
#8054=CARTESIAN_POINT('',(-2.52489623089514,5.75,4.6));
#8055=CARTESIAN_POINT('Origin',(-2.56331587343457,5.77,0.));
#8056=CARTESIAN_POINT('',(-2.56331587343457,5.75,4.6));
#8057=CARTESIAN_POINT('Origin',(-2.56331587343457,5.77,4.6));
#8058=CARTESIAN_POINT('',(-2.56331587343457,5.75,0.));
#8059=CARTESIAN_POINT('Origin',(-3.87489623089515,5.97043325697391,4.6));
#8060=CARTESIAN_POINT('',(-5.18647658835572,5.75,4.6));
#8061=CARTESIAN_POINT('',(-5.22489623089514,5.75,4.6));
#8062=CARTESIAN_POINT('',(-5.2028596292415,5.78147152872702,4.6));
#8063=CARTESIAN_POINT('Origin',(-5.18647658835572,5.77,4.6));
#8064=CARTESIAN_POINT('',(-4.89682906344393,6.21852847127298,4.6));
#8065=CARTESIAN_POINT('',(-4.87479246179029,6.25,4.6));
#8066=CARTESIAN_POINT('',(-4.91321210432971,6.25,4.6));
#8067=CARTESIAN_POINT('Origin',(-4.91321210432971,6.23,4.6));
#8068=CARTESIAN_POINT('',(-5.06244811544757,6.25,4.6));
#8069=CARTESIAN_POINT('Origin',(-5.22489623089514,5.75,0.));
#8070=CARTESIAN_POINT('',(-5.18647658835572,5.75,0.));
#8071=CARTESIAN_POINT('Origin',(-4.91321210432971,6.23,0.));
#8072=CARTESIAN_POINT('',(-4.91321210432971,6.25,0.));
#8073=CARTESIAN_POINT('',(-4.89682906344393,6.21852847127298,0.));
#8074=CARTESIAN_POINT('Origin',(-4.87479246179029,6.25,0.));
#8075=CARTESIAN_POINT('',(-5.2028596292415,5.78147152872702,0.));
#8076=CARTESIAN_POINT('Origin',(-5.18647658835572,5.77,0.));
#8077=CARTESIAN_POINT('Origin',(-6.23,4.91321210432971,0.));
#8078=CARTESIAN_POINT('',(-6.21852847127298,4.89682906344393,4.6));
#8079=CARTESIAN_POINT('',(-6.21852847127298,4.89682906344393,0.));
#8080=CARTESIAN_POINT('',(-6.25,4.91321210432971,4.6));
#8081=CARTESIAN_POINT('Origin',(-6.23,4.91321210432971,4.6));
#8082=CARTESIAN_POINT('',(-6.25,4.91321210432971,0.));
#8083=CARTESIAN_POINT('Origin',(-6.25,-6.25,0.));
#8084=CARTESIAN_POINT('',(-6.25,2.83658035746058,4.6));
#8085=CARTESIAN_POINT('',(-6.25,-1.18755188455243,4.6));
#8086=CARTESIAN_POINT('',(-6.25,2.83658035746058,0.));
#8087=CARTESIAN_POINT('',(-6.25,-2.83658035746058,4.6));
#8088=CARTESIAN_POINT('',(-6.25,-2.83658035746058,0.));
#8089=CARTESIAN_POINT('',(-6.25,-4.91321210432971,4.6));
#8090=CARTESIAN_POINT('',(-6.25,-5.06244811544757,4.6));
#8091=CARTESIAN_POINT('',(-6.25,-4.91321210432971,0.));
#8092=CARTESIAN_POINT('',(-6.25,6.25,6.4));
#8093=CARTESIAN_POINT('',(-6.25,6.25,6.4));
#8094=CARTESIAN_POINT('',(-6.25,6.25,0.));
#8095=CARTESIAN_POINT('Origin',(-5.77,5.18647658835572,0.));
#8096=CARTESIAN_POINT('',(-5.78147152872702,5.2028596292415,4.6));
#8097=CARTESIAN_POINT('',(-5.75,5.18647658835572,4.6));
#8098=CARTESIAN_POINT('Origin',(-5.77,5.18647658835572,4.6));
#8099=CARTESIAN_POINT('',(-5.78147152872702,5.2028596292415,0.));
#8100=CARTESIAN_POINT('',(-5.75,5.18647658835572,0.));
#8101=CARTESIAN_POINT('Origin',(-6.25,4.87479246179029,0.));
#8102=CARTESIAN_POINT('',(-6.25,4.87479246179029,4.6));
#8103=CARTESIAN_POINT('Origin',(-5.77,2.56331587343457,0.));
#8104=CARTESIAN_POINT('',(-5.75,2.56331587343457,4.6));
#8105=CARTESIAN_POINT('',(-5.78147152872702,2.54693283254879,4.6));
#8106=CARTESIAN_POINT('Origin',(-5.77,2.56331587343457,4.6));
#8107=CARTESIAN_POINT('',(-5.75,2.56331587343457,0.));
#8108=CARTESIAN_POINT('',(-5.78147152872702,2.54693283254879,0.));
#8109=CARTESIAN_POINT('Origin',(-5.97043325697391,3.87489623089515,4.6));
#8110=CARTESIAN_POINT('',(-5.75,5.22489623089514,4.6));
#8111=CARTESIAN_POINT('',(-6.21852847127298,2.85296339834636,4.6));
#8112=CARTESIAN_POINT('',(-5.75,2.52489623089515,4.6));
#8113=CARTESIAN_POINT('Origin',(-6.23,2.83658035746058,4.6));
#8114=CARTESIAN_POINT('Origin',(-5.75,2.52489623089515,0.));
#8115=CARTESIAN_POINT('',(-6.21852847127298,2.85296339834636,0.));
#8116=CARTESIAN_POINT('Origin',(-6.23,2.83658035746058,0.));
#8117=CARTESIAN_POINT('Origin',(-6.23,-2.83658035746058,0.));
#8118=CARTESIAN_POINT('',(-6.21852847127298,-2.85296339834636,4.6));
#8119=CARTESIAN_POINT('',(-6.21852847127298,-2.85296339834636,0.));
#8120=CARTESIAN_POINT('Origin',(-6.23,-2.83658035746058,4.6));
#8121=CARTESIAN_POINT('Origin',(-5.77,-2.56331587343457,0.));
#8122=CARTESIAN_POINT('',(-5.78147152872702,-2.54693283254879,4.6));
#8123=CARTESIAN_POINT('',(-5.75,-2.56331587343457,4.6));
#8124=CARTESIAN_POINT('Origin',(-5.77,-2.56331587343457,4.6));
#8125=CARTESIAN_POINT('',(-5.78147152872702,-2.54693283254879,0.));
#8126=CARTESIAN_POINT('',(-5.75,-2.56331587343457,0.));
#8127=CARTESIAN_POINT('Origin',(-5.75,-2.52489623089514,0.));
#8128=CARTESIAN_POINT('',(-5.75,-2.52489623089514,4.6));
#8129=CARTESIAN_POINT('Origin',(-5.77,-5.18647658835572,0.));
#8130=CARTESIAN_POINT('',(-5.75,-5.18647658835572,4.6));
#8131=CARTESIAN_POINT('',(-5.78147152872702,-5.2028596292415,4.6));
#8132=CARTESIAN_POINT('Origin',(-5.77,-5.18647658835572,4.6));
#8133=CARTESIAN_POINT('',(-5.75,-5.18647658835572,0.));
#8134=CARTESIAN_POINT('',(-5.78147152872702,-5.2028596292415,0.));
#8135=CARTESIAN_POINT('Origin',(-5.97043325697391,-3.87489623089514,4.6));
#8136=CARTESIAN_POINT('',(-5.75,-5.22489623089514,4.6));
#8137=CARTESIAN_POINT('',(-6.21852847127298,-4.89682906344393,4.6));
#8138=CARTESIAN_POINT('',(-6.25,-4.87479246179029,4.6));
#8139=CARTESIAN_POINT('Origin',(-6.23,-4.91321210432971,4.6));
#8140=CARTESIAN_POINT('Origin',(-6.25,-4.87479246179029,0.));
#8141=CARTESIAN_POINT('',(-6.21852847127298,-4.89682906344393,0.));
#8142=CARTESIAN_POINT('Origin',(-6.23,-4.91321210432971,0.));
#8143=CARTESIAN_POINT('Origin',(6.25,4.87479246179029,0.));
#8144=CARTESIAN_POINT('Origin',(2.52489623089514,-5.75,0.));
#8145=CARTESIAN_POINT('Origin',(-5.75,-5.22489623089514,0.));
#8146=CARTESIAN_POINT('Origin',(-4.87479246179029,-6.25,0.));
#8147=CARTESIAN_POINT('Origin',(-5.75,5.22489623089514,0.));
#8148=CARTESIAN_POINT('Origin',(-6.25,6.25,0.));
#8149=CARTESIAN_POINT('',(6.25,6.25,6.4));
#8150=CARTESIAN_POINT('Origin',(-5.375,5.375,6.4));
#8151=CARTESIAN_POINT('',(-5.375,5.375,1.));
#8152=CARTESIAN_POINT('',(-5.375,-5.375,1.));
#8153=CARTESIAN_POINT('',(-5.375,-5.375,1.));
#8154=CARTESIAN_POINT('',(-5.375,5.375,6.4));
#8155=CARTESIAN_POINT('',(-5.375,5.375,6.4));
#8156=CARTESIAN_POINT('',(-5.375,-5.375,6.4));
#8157=CARTESIAN_POINT('',(-5.375,2.6875,6.4));
#8158=CARTESIAN_POINT('',(-5.375,-5.375,6.4));
#8159=CARTESIAN_POINT('Origin',(-5.375,-5.375,6.4));
#8160=CARTESIAN_POINT('',(5.375,-5.375,1.));
#8161=CARTESIAN_POINT('',(5.375,-5.375,1.));
#8162=CARTESIAN_POINT('',(5.375,-5.375,6.4));
#8163=CARTESIAN_POINT('',(-2.6875,-5.375,6.4));
#8164=CARTESIAN_POINT('',(5.375,-5.375,6.4));
#8165=CARTESIAN_POINT('Origin',(5.375,-5.375,6.4));
#8166=CARTESIAN_POINT('',(5.375,5.375,1.));
#8167=CARTESIAN_POINT('',(5.375,5.375,1.));
#8168=CARTESIAN_POINT('',(5.375,5.375,6.4));
#8169=CARTESIAN_POINT('',(5.375,-2.6875,6.4));
#8170=CARTESIAN_POINT('',(5.375,5.375,6.4));
#8171=CARTESIAN_POINT('Origin',(5.375,5.375,6.4));
#8172=CARTESIAN_POINT('',(-5.375,5.375,1.));
#8173=CARTESIAN_POINT('',(2.6875,5.375,6.4));
#8174=CARTESIAN_POINT('Origin',(-5.55111512312578E-16,-6.05576195250085E-16,
1.));
#8175=CARTESIAN_POINT('Origin',(0.,-2.77555756156289E-16,6.4));
#8176=CARTESIAN_POINT('',(0.,0.,0.));
#8177=CARTESIAN_POINT('Origin',(-0.9,-1.50107581986501,0.));
#8178=CARTESIAN_POINT('',(-0.813073576032907,-1.55051059321629,0.4));
#8179=CARTESIAN_POINT('',(-1.,-1.50107581986501,0.4));
#8180=CARTESIAN_POINT('Origin',(-0.9,-1.50107581986501,0.4));
#8181=CARTESIAN_POINT('',(-1.,-1.50107581986501,0.));
#8182=CARTESIAN_POINT('',(-1.,-1.50107581986501,0.));
#8183=CARTESIAN_POINT('',(-0.813073576032907,-1.55051059321629,0.));
#8184=CARTESIAN_POINT('Origin',(-0.9,-1.50107581986501,0.));
#8185=CARTESIAN_POINT('',(-0.813073576032907,-1.55051059321629,0.));
#8186=CARTESIAN_POINT('Origin',(-0.499999999999999,-1.,0.));
#8187=CARTESIAN_POINT('',(-0.499999999999999,-1.,0.));
#8188=CARTESIAN_POINT('',(-1.,-1.87920322147921,0.));
#8189=CARTESIAN_POINT('',(-0.499999999999999,-1.,0.4));
#8190=CARTESIAN_POINT('',(-0.499999999999999,-1.,0.));
#8191=CARTESIAN_POINT('',(-1.,-1.87920322147921,0.4));
#8192=CARTESIAN_POINT('Origin',(-0.841942358721853,-1.34765925201775,0.));
#8193=CARTESIAN_POINT('',(-1.,-1.83697019872103E-16,0.));
#8194=CARTESIAN_POINT('',(-1.,-0.999999999999999,0.));
#8195=CARTESIAN_POINT('',(1.,-1.83697019872103E-16,0.));
#8196=CARTESIAN_POINT('',(1.,-1.83697019872103E-16,0.));
#8197=CARTESIAN_POINT('',(1.,-1.50107581986501,0.));
#8198=CARTESIAN_POINT('',(1.,-1.87920322147921,0.));
#8199=CARTESIAN_POINT('',(0.813073576032907,-1.55051059321629,0.));
#8200=CARTESIAN_POINT('Origin',(0.9,-1.50107581986501,0.));
#8201=CARTESIAN_POINT('',(0.5,-1.,0.));
#8202=CARTESIAN_POINT('',(0.5,-1.,0.));
#8203=CARTESIAN_POINT('',(0.5,-5.7,0.));
#8204=CARTESIAN_POINT('',(0.5,-6.2,0.));
#8205=CARTESIAN_POINT('',(-0.5,-5.7,0.));
#8206=CARTESIAN_POINT('Origin',(3.81639164714898E-16,-5.7,0.));
#8207=CARTESIAN_POINT('',(-0.499999999999999,-1.,0.));
#8208=CARTESIAN_POINT('Origin',(0.9,-1.50107581986501,0.));
#8209=CARTESIAN_POINT('',(1.,-1.50107581986501,0.4));
#8210=CARTESIAN_POINT('',(0.813073576032907,-1.55051059321629,0.4));
#8211=CARTESIAN_POINT('Origin',(0.9,-1.50107581986501,0.4));
#8212=CARTESIAN_POINT('',(0.813073576032907,-1.55051059321629,0.));
#8213=CARTESIAN_POINT('',(1.,-1.50107581986501,0.));
#8214=CARTESIAN_POINT('Origin',(1.,-1.,0.));
#8215=CARTESIAN_POINT('',(1.,-1.83697019872103E-16,0.4));
#8216=CARTESIAN_POINT('',(1.,-1.83697019872103E-16,0.));
#8217=CARTESIAN_POINT('',(1.,-1.87920322147921,0.4));
#8218=CARTESIAN_POINT('Origin',(0.5,-1.,0.));
#8219=CARTESIAN_POINT('',(0.5,-5.7,0.4));
#8220=CARTESIAN_POINT('',(0.5,-5.7,0.));
#8221=CARTESIAN_POINT('',(0.5,-1.,0.4));
#8222=CARTESIAN_POINT('',(0.5,-1.,0.));
#8223=CARTESIAN_POINT('',(0.5,-6.2,0.4));
#8224=CARTESIAN_POINT('Origin',(4.33013667657288E-16,-5.7,0.));
#8225=CARTESIAN_POINT('',(-0.5,-5.7,0.4));
#8226=CARTESIAN_POINT('Origin',(4.33013667657288E-16,-5.7,0.4));
#8227=CARTESIAN_POINT('',(-0.5,-5.7,0.));
#8228=CARTESIAN_POINT('Origin',(-0.5,-6.2,0.));
#8229=CARTESIAN_POINT('',(-0.499999999999999,-1.,0.4));
#8230=CARTESIAN_POINT('Origin',(-1.,-1.83697019872103E-16,0.));
#8231=CARTESIAN_POINT('',(-1.,-1.83697019872103E-16,0.4));
#8232=CARTESIAN_POINT('',(1.,-1.83697019872103E-16,0.4));
#8233=CARTESIAN_POINT('',(-1.,-1.83697019872103E-16,0.));
#8234=CARTESIAN_POINT('Origin',(1.,-1.87920322147921,0.));
#8235=CARTESIAN_POINT('',(0.5,-1.,0.4));
#8236=CARTESIAN_POINT('Origin',(-1.,-1.87920322147921,0.));
#8237=CARTESIAN_POINT('',(-1.,-1.38777878078145E-16,0.4));
#8238=CARTESIAN_POINT('Origin',(-0.841942358721853,-1.34765925201775,0.4));
#8239=CARTESIAN_POINT('',(0.,0.,0.));
#8240=CARTESIAN_POINT('Origin',(1.6,0.550000000000004,3.95));
#8241=CARTESIAN_POINT('',(1.6,0.550000000000004,4.));
#8242=CARTESIAN_POINT('',(1.65,0.550000000000004,3.95));
#8243=CARTESIAN_POINT('Origin',(1.6,0.550000000000004,3.95));
#8244=CARTESIAN_POINT('',(1.6,0.500000000000004,3.95));
#8245=CARTESIAN_POINT('Origin',(1.6,0.550000000000004,3.95));
#8246=CARTESIAN_POINT('Origin',(1.6,0.550000000000004,3.95));
#8247=CARTESIAN_POINT('Origin',(1.15,0.550000000000004,4.05));
#8248=CARTESIAN_POINT('',(1.15,0.500000000000004,3.95));
#8249=CARTESIAN_POINT('',(1.15,0.550000000000004,4.));
#8250=CARTESIAN_POINT('Origin',(1.15,0.550000000000004,3.95));
#8251=CARTESIAN_POINT('',(1.1,0.550000000000004,4.05));
#8252=CARTESIAN_POINT('Origin',(1.15,0.550000000000004,4.05));
#8253=CARTESIAN_POINT('',(1.1,0.500000000000004,3.96339745962156));
#8254=CARTESIAN_POINT('Ctrl Pts',(1.1,0.500000000000004,3.96339745962156));
#8255=CARTESIAN_POINT('Ctrl Pts',(1.1,0.500000000000004,3.97614133071533));
#8256=CARTESIAN_POINT('Ctrl Pts',(1.1,0.504478599994892,3.99076347634246));
#8257=CARTESIAN_POINT('Ctrl Pts',(1.1,0.519804364190568,4.0192388363898));
#8258=CARTESIAN_POINT('Ctrl Pts',(1.1,0.536145088895956,4.03614508889595));
#8259=CARTESIAN_POINT('Ctrl Pts',(1.1,0.550000000000004,4.05));
#8260=CARTESIAN_POINT('Origin',(1.15,0.500000000000004,4.05));
#8261=CARTESIAN_POINT('Origin',(1.65,0.550000000000004,3.95));
#8262=CARTESIAN_POINT('',(1.65,0.550000000000004,4.));
#8263=CARTESIAN_POINT('',(1.65,0.500000000000004,3.95));
#8264=CARTESIAN_POINT('Origin',(1.6,0.550000000000004,2.6));
#8265=CARTESIAN_POINT('',(1.6,0.500000000000004,2.6));
#8266=CARTESIAN_POINT('',(1.65,0.550000000000004,2.6));
#8267=CARTESIAN_POINT('Origin',(1.6,0.550000000000004,2.6));
#8268=CARTESIAN_POINT('',(1.65,0.550000000000004,2.6));
#8269=CARTESIAN_POINT('',(1.6,0.500000000000004,2.6));
#8270=CARTESIAN_POINT('Ctrl Pts',(1.55,1.6,4.));
#8271=CARTESIAN_POINT('Ctrl Pts',(1.6,1.6,4.));
#8272=CARTESIAN_POINT('Ctrl Pts',(1.6,1.55,4.));
#8273=CARTESIAN_POINT('Ctrl Pts',(1.55,1.65,4.));
#8274=CARTESIAN_POINT('Ctrl Pts',(1.65,1.65,4.));
#8275=CARTESIAN_POINT('Ctrl Pts',(1.65,1.55,4.));
#8276=CARTESIAN_POINT('Ctrl Pts',(1.55,1.65,3.95));
#8277=CARTESIAN_POINT('Ctrl Pts',(1.65,1.65,3.95));
#8278=CARTESIAN_POINT('Ctrl Pts',(1.65,1.55,3.95));
#8279=CARTESIAN_POINT('',(1.55,1.6,4.));
#8280=CARTESIAN_POINT('',(1.6,1.55,4.));
#8281=CARTESIAN_POINT('Origin',(1.55,1.55,4.));
#8282=CARTESIAN_POINT('',(1.65,1.55,3.95));
#8283=CARTESIAN_POINT('Origin',(1.6,1.55,3.95));
#8284=CARTESIAN_POINT('',(1.55,1.65,3.95));
#8285=CARTESIAN_POINT('Origin',(1.55,1.55,3.95));
#8286=CARTESIAN_POINT('Origin',(1.55,1.6,3.95));
#8287=CARTESIAN_POINT('Origin',(1.6,0.,3.95));
#8288=CARTESIAN_POINT('',(1.65,0.,3.95));
#8289=CARTESIAN_POINT('',(1.6,0.,4.));
#8290=CARTESIAN_POINT('Origin',(1.55,1.55,2.6));
#8291=CARTESIAN_POINT('',(1.65,1.55,2.6));
#8292=CARTESIAN_POINT('',(1.55,1.65,2.6));
#8293=CARTESIAN_POINT('Origin',(1.55,1.55,2.6));
#8294=CARTESIAN_POINT('',(1.55,1.65,2.6));
#8295=CARTESIAN_POINT('',(1.65,1.55,2.6));
#8296=CARTESIAN_POINT('Ctrl Pts',(-1.6,1.55,4.));
#8297=CARTESIAN_POINT('Ctrl Pts',(-1.6,1.6,4.));
#8298=CARTESIAN_POINT('Ctrl Pts',(-1.55,1.6,4.));
#8299=CARTESIAN_POINT('Ctrl Pts',(-1.65,1.55,4.));
#8300=CARTESIAN_POINT('Ctrl Pts',(-1.65,1.65,4.));
#8301=CARTESIAN_POINT('Ctrl Pts',(-1.55,1.65,4.));
#8302=CARTESIAN_POINT('Ctrl Pts',(-1.65,1.55,3.95));
#8303=CARTESIAN_POINT('Ctrl Pts',(-1.65,1.65,3.95));
#8304=CARTESIAN_POINT('Ctrl Pts',(-1.55,1.65,3.95));
#8305=CARTESIAN_POINT('',(-1.6,1.55,4.));
#8306=CARTESIAN_POINT('',(-1.55,1.6,4.));
#8307=CARTESIAN_POINT('Origin',(-1.55,1.55,4.));
#8308=CARTESIAN_POINT('',(-1.55,1.65,3.95));
#8309=CARTESIAN_POINT('Origin',(-1.55,1.6,3.95));
#8310=CARTESIAN_POINT('',(-1.65,1.55,3.95));
#8311=CARTESIAN_POINT('Origin',(-1.55,1.55,3.95));
#8312=CARTESIAN_POINT('Origin',(-1.6,1.55,3.95));
#8313=CARTESIAN_POINT('Origin',(1.36675182955748E-16,1.6,3.95));
#8314=CARTESIAN_POINT('',(1.40880573200541E-16,1.65,3.95));
#8315=CARTESIAN_POINT('',(1.36675182955748E-16,1.6,4.));
#8316=CARTESIAN_POINT('Origin',(-1.55,1.55,2.6));
#8317=CARTESIAN_POINT('',(-1.55,1.65,2.6));
#8318=CARTESIAN_POINT('',(-1.65,1.55,2.6));
#8319=CARTESIAN_POINT('Origin',(-1.55,1.55,2.6));
#8320=CARTESIAN_POINT('',(-1.65,1.55,2.6));
#8321=CARTESIAN_POINT('',(-1.55,1.65,2.6));
#8322=CARTESIAN_POINT('Origin',(1.6,-0.549999999999997,3.95));
#8323=CARTESIAN_POINT('',(1.6,-0.549999999999997,4.));
#8324=CARTESIAN_POINT('',(1.6,-0.499999999999997,3.95));
#8325=CARTESIAN_POINT('Origin',(1.6,-0.549999999999997,3.95));
#8326=CARTESIAN_POINT('',(1.65,-0.549999999999997,3.95));
#8327=CARTESIAN_POINT('Origin',(1.6,-0.549999999999997,3.95));
#8328=CARTESIAN_POINT('Origin',(1.6,-0.549999999999997,3.95));
#8329=CARTESIAN_POINT('Ctrl Pts',(-1.55,-1.6,4.));
#8330=CARTESIAN_POINT('Ctrl Pts',(-1.6,-1.6,4.));
#8331=CARTESIAN_POINT('Ctrl Pts',(-1.6,-1.55,4.));
#8332=CARTESIAN_POINT('Ctrl Pts',(-1.55,-1.65,4.));
#8333=CARTESIAN_POINT('Ctrl Pts',(-1.65,-1.65,4.));
#8334=CARTESIAN_POINT('Ctrl Pts',(-1.65,-1.55,4.));
#8335=CARTESIAN_POINT('Ctrl Pts',(-1.55,-1.65,3.95));
#8336=CARTESIAN_POINT('Ctrl Pts',(-1.65,-1.65,3.95));
#8337=CARTESIAN_POINT('Ctrl Pts',(-1.65,-1.55,3.95));
#8338=CARTESIAN_POINT('',(-1.55,-1.6,4.));
#8339=CARTESIAN_POINT('',(-1.6,-1.55,4.));
#8340=CARTESIAN_POINT('Origin',(-1.55,-1.55,4.));
#8341=CARTESIAN_POINT('',(-1.65,-1.55,3.95));
#8342=CARTESIAN_POINT('Origin',(-1.6,-1.55,3.95));
#8343=CARTESIAN_POINT('',(-1.55,-1.65,3.95));
#8344=CARTESIAN_POINT('Origin',(-1.55,-1.55,3.95));
#8345=CARTESIAN_POINT('Origin',(-1.55,-1.6,3.95));
#8346=CARTESIAN_POINT('Origin',(-1.6,-1.65,3.95));
#8347=CARTESIAN_POINT('',(-1.65,-1.65,3.95));
#8348=CARTESIAN_POINT('',(-1.6,-1.65,4.));
#8349=CARTESIAN_POINT('Origin',(-1.55,-1.55,2.6));
#8350=CARTESIAN_POINT('',(-1.65,-1.55,2.6));
#8351=CARTESIAN_POINT('',(-1.55,-1.65,2.6));
#8352=CARTESIAN_POINT('Origin',(-1.55,-1.55,2.6));
#8353=CARTESIAN_POINT('',(-1.55,-1.65,2.6));
#8354=CARTESIAN_POINT('',(-1.65,-1.55,2.6));
#8355=CARTESIAN_POINT('Ctrl Pts',(1.55,-1.65,3.95));
#8356=CARTESIAN_POINT('Ctrl Pts',(1.65,-1.65,3.95));
#8357=CARTESIAN_POINT('Ctrl Pts',(1.65,-1.55,3.95));
#8358=CARTESIAN_POINT('Ctrl Pts',(1.55,-1.65,4.));
#8359=CARTESIAN_POINT('Ctrl Pts',(1.65,-1.65,4.));
#8360=CARTESIAN_POINT('Ctrl Pts',(1.65,-1.55,4.));
#8361=CARTESIAN_POINT('Ctrl Pts',(1.55,-1.6,4.));
#8362=CARTESIAN_POINT('Ctrl Pts',(1.6,-1.6,4.));
#8363=CARTESIAN_POINT('Ctrl Pts',(1.6,-1.55,4.));
#8364=CARTESIAN_POINT('',(1.65,-1.55,3.95));
#8365=CARTESIAN_POINT('',(1.55,-1.65,3.95));
#8366=CARTESIAN_POINT('Origin',(1.55,-1.55,3.95));
#8367=CARTESIAN_POINT('',(1.6,-1.55,4.));
#8368=CARTESIAN_POINT('Origin',(1.6,-1.55,3.95));
#8369=CARTESIAN_POINT('',(1.55,-1.6,4.));
#8370=CARTESIAN_POINT('Origin',(1.55,-1.55,4.));
#8371=CARTESIAN_POINT('Origin',(1.55,-1.6,3.95));
#8372=CARTESIAN_POINT('Origin',(1.6,0.,3.95));
#8373=CARTESIAN_POINT('',(1.65,0.,3.95));
#8374=CARTESIAN_POINT('',(1.6,0.,4.));
#8375=CARTESIAN_POINT('Origin',(1.65,-1.6,3.95));
#8376=CARTESIAN_POINT('',(1.65,-1.65,3.95));
#8377=CARTESIAN_POINT('',(1.65,-1.6,4.));
#8378=CARTESIAN_POINT('Origin',(1.55,-1.55,2.6));
#8379=CARTESIAN_POINT('',(1.55,-1.65,2.6));
#8380=CARTESIAN_POINT('',(1.65,-1.55,2.6));
#8381=CARTESIAN_POINT('Origin',(1.55,-1.55,2.6));
#8382=CARTESIAN_POINT('',(1.65,-1.55,2.6));
#8383=CARTESIAN_POINT('',(1.55,-1.65,2.6));
#8384=CARTESIAN_POINT('Origin',(1.6,-0.549999999999998,6.85));
#8385=CARTESIAN_POINT('',(1.65,-0.549999999999996,2.6));
#8386=CARTESIAN_POINT('',(1.6,-0.499999999999996,2.6));
#8387=CARTESIAN_POINT('Origin',(1.6,-0.549999999999996,2.6));
#8388=CARTESIAN_POINT('',(1.6,-0.499999999999998,6.85));
#8389=CARTESIAN_POINT('',(1.65,-0.549999999999998,6.85));
#8390=CARTESIAN_POINT('Origin',(1.65,-0.549999999999997,3.95));
#8391=CARTESIAN_POINT('',(1.15,-0.499999999999997,3.95));
#8392=CARTESIAN_POINT('',(1.15,-0.549999999999997,4.));
#8393=CARTESIAN_POINT('Origin',(1.15,-0.549999999999997,3.95));
#8394=CARTESIAN_POINT('',(1.65,-0.549999999999997,4.));
#8395=CARTESIAN_POINT('',(1.65,-0.499999999999997,3.95));
#8396=CARTESIAN_POINT('Origin',(1.15,-0.55,4.05));
#8397=CARTESIAN_POINT('',(1.1,-0.499999999999997,3.96339745962156));
#8398=CARTESIAN_POINT('',(1.1,-0.55,4.05));
#8399=CARTESIAN_POINT('Ctrl Pts',(1.1,-0.55,4.05));
#8400=CARTESIAN_POINT('Ctrl Pts',(1.1,-0.536145088895952,4.03614508889595));
#8401=CARTESIAN_POINT('Ctrl Pts',(1.1,-0.519804364190564,4.0192388363898));
#8402=CARTESIAN_POINT('Ctrl Pts',(1.1,-0.504478599994889,3.99076347634246));
#8403=CARTESIAN_POINT('Ctrl Pts',(1.1,-0.5,3.97614133071533));
#8404=CARTESIAN_POINT('Ctrl Pts',(1.1,-0.5,3.96339745962156));
#8405=CARTESIAN_POINT('Origin',(1.15,-0.55,4.05));
#8406=CARTESIAN_POINT('Origin',(1.15,-0.499999999999997,4.05));
#8407=CARTESIAN_POINT('Origin',(1.65,1.65,2.6));
#8408=CARTESIAN_POINT('',(1.65,0.825,2.6));
#8409=CARTESIAN_POINT('Origin',(1.65,0.500000000000004,2.6));
#8410=CARTESIAN_POINT('',(1.1,0.500000000000004,2.6));
#8411=CARTESIAN_POINT('',(1.1,0.500000000000003,5.675));
#8412=CARTESIAN_POINT('',(1.65,0.500000000000004,2.6));
#8413=CARTESIAN_POINT('Origin',(1.15,-0.825,4.05));
#8414=CARTESIAN_POINT('',(1.15,1.15,4.));
#8415=CARTESIAN_POINT('',(1.15,-0.825,4.));
#8416=CARTESIAN_POINT('',(1.1,1.1,4.05));
#8417=CARTESIAN_POINT('Origin',(1.15,1.15,4.05));
#8418=CARTESIAN_POINT('',(1.1,-0.825,4.05));
#8419=CARTESIAN_POINT('Origin',(1.65,-1.65,4.));
#8420=CARTESIAN_POINT('',(1.15,-1.15,4.));
#8421=CARTESIAN_POINT('',(1.15,-0.825,4.));
#8422=CARTESIAN_POINT('',(-1.15,-1.15,4.));
#8423=CARTESIAN_POINT('',(0.825,-1.15,4.));
#8424=CARTESIAN_POINT('',(-1.15,1.15,4.));
#8425=CARTESIAN_POINT('',(-1.15,-0.825,4.));
#8426=CARTESIAN_POINT('',(0.825,1.15,4.));
#8427=CARTESIAN_POINT('Origin',(1.15,-0.825,4.05));
#8428=CARTESIAN_POINT('',(1.1,-1.1,4.05));
#8429=CARTESIAN_POINT('',(1.1,-0.825,4.05));
#8430=CARTESIAN_POINT('Origin',(1.15,-1.15,4.05));
#8431=CARTESIAN_POINT('Origin',(0.825,-1.15,4.05));
#8432=CARTESIAN_POINT('',(-1.1,-1.1,4.05));
#8433=CARTESIAN_POINT('',(0.825,-1.1,4.05));
#8434=CARTESIAN_POINT('Origin',(-1.15,-1.15,4.05));
#8435=CARTESIAN_POINT('Origin',(-1.15,-0.825,4.05));
#8436=CARTESIAN_POINT('',(-1.1,1.1,4.05));
#8437=CARTESIAN_POINT('',(-1.1,-0.825,4.05));
#8438=CARTESIAN_POINT('Origin',(-1.15,1.15,4.05));
#8439=CARTESIAN_POINT('Origin',(0.825,1.15,4.05));
#8440=CARTESIAN_POINT('',(0.825,1.1,4.05));
#8441=CARTESIAN_POINT('Origin',(-1.06116773644576E-16,1.1,4.55));
#8442=CARTESIAN_POINT('',(-1.1,1.1,5.05));
#8443=CARTESIAN_POINT('',(-1.1,1.1,4.55));
#8444=CARTESIAN_POINT('',(1.1,1.1,5.05));
#8445=CARTESIAN_POINT('',(0.825,1.1,5.05));
#8446=CARTESIAN_POINT('',(1.1,1.1,4.55));
#8447=CARTESIAN_POINT('Origin',(-1.1,-3.87611996914719E-17,4.55));
#8448=CARTESIAN_POINT('',(-1.1,-1.1,5.05));
#8449=CARTESIAN_POINT('',(-1.1,-1.1,4.55));
#8450=CARTESIAN_POINT('',(-1.1,0.825,5.05));
#8451=CARTESIAN_POINT('Origin',(-2.85943742616325E-17,-1.1,4.55));
#8452=CARTESIAN_POINT('',(1.1,-1.1,5.05));
#8453=CARTESIAN_POINT('',(1.1,-1.1,4.55));
#8454=CARTESIAN_POINT('',(0.825,-1.1,5.05));
#8455=CARTESIAN_POINT('Origin',(1.1,-2.08166817117217E-16,8.75));
#8456=CARTESIAN_POINT('',(1.1,0.550000000000003,5.05));
#8457=CARTESIAN_POINT('',(1.1,0.825,5.05));
#8458=CARTESIAN_POINT('',(1.1,0.500000000000003,5.13660254037845));
#8459=CARTESIAN_POINT('Ctrl Pts',(1.1,0.550000000000003,5.05));
#8460=CARTESIAN_POINT('Ctrl Pts',(1.1,0.536145088895955,5.06385491110405));
#8461=CARTESIAN_POINT('Ctrl Pts',(1.1,0.519804364190567,5.0807611636102));
#8462=CARTESIAN_POINT('Ctrl Pts',(1.1,0.504478599994891,5.10923652365754));
#8463=CARTESIAN_POINT('Ctrl Pts',(1.1,0.500000000000003,5.12385866928467));
#8464=CARTESIAN_POINT('Ctrl Pts',(1.1,0.500000000000003,5.13660254037845));
#8465=CARTESIAN_POINT('',(1.1,0.500000000000003,8.16339745962156));
#8466=CARTESIAN_POINT('',(1.1,0.500000000000003,5.675));
#8467=CARTESIAN_POINT('',(1.1,0.550000000000002,8.25));
#8468=CARTESIAN_POINT('Ctrl Pts',(1.1,0.500000000000002,8.16339745962156));
#8469=CARTESIAN_POINT('Ctrl Pts',(1.1,0.500000000000002,8.17614133071534));
#8470=CARTESIAN_POINT('Ctrl Pts',(1.1,0.504478599994891,8.19076347634246));
#8471=CARTESIAN_POINT('Ctrl Pts',(1.1,0.519804364190566,8.2192388363898));
#8472=CARTESIAN_POINT('Ctrl Pts',(1.1,0.536145088895954,8.23614508889595));
#8473=CARTESIAN_POINT('Ctrl Pts',(1.1,0.550000000000002,8.25));
#8474=CARTESIAN_POINT('',(1.1,1.1,8.25));
#8475=CARTESIAN_POINT('',(1.1,-0.825,8.25));
#8476=CARTESIAN_POINT('',(1.1,1.1,9.25));
#8477=CARTESIAN_POINT('',(1.1,1.1,8.75));
#8478=CARTESIAN_POINT('',(1.1,0.550000000000004,9.25));
#8479=CARTESIAN_POINT('',(1.1,0.825,9.25));
#8480=CARTESIAN_POINT('',(1.1,0.500000000000002,9.33660254037845));
#8481=CARTESIAN_POINT('Ctrl Pts',(1.1,0.550000000000004,9.25));
#8482=CARTESIAN_POINT('Ctrl Pts',(1.1,0.536145088895956,9.26385491110405));
#8483=CARTESIAN_POINT('Ctrl Pts',(1.1,0.519804364190568,9.2807611636102));
#8484=CARTESIAN_POINT('Ctrl Pts',(1.1,0.504478599994892,9.30923652365754));
#8485=CARTESIAN_POINT('Ctrl Pts',(1.1,0.500000000000004,9.32385866928467));
#8486=CARTESIAN_POINT('Ctrl Pts',(1.1,0.500000000000004,9.33660254037845));
#8487=CARTESIAN_POINT('',(1.1,0.500000000000002,11.05));
#8488=CARTESIAN_POINT('',(1.1,0.500000000000003,4.725));
#8489=CARTESIAN_POINT('',(1.1,-0.5,11.05));
#8490=CARTESIAN_POINT('',(1.1,-1.16699579292985E-16,11.05));
#8491=CARTESIAN_POINT('',(1.1,-0.499999999999999,9.33660254037845));
#8492=CARTESIAN_POINT('',(1.1,-0.5,9.925));
#8493=CARTESIAN_POINT('',(1.1,-0.55,9.25));
#8494=CARTESIAN_POINT('Ctrl Pts',(1.1,-0.5,9.33660254037845));
#8495=CARTESIAN_POINT('Ctrl Pts',(1.1,-0.5,9.32385866928467));
#8496=CARTESIAN_POINT('Ctrl Pts',(1.1,-0.504478599994889,9.30923652365754));
#8497=CARTESIAN_POINT('Ctrl Pts',(1.1,-0.519804364190564,9.2807611636102));
#8498=CARTESIAN_POINT('Ctrl Pts',(1.1,-0.536145088895952,9.26385491110405));
#8499=CARTESIAN_POINT('Ctrl Pts',(1.1,-0.55,9.25));
#8500=CARTESIAN_POINT('',(1.1,-1.1,9.25));
#8501=CARTESIAN_POINT('',(1.1,0.825,9.25));
#8502=CARTESIAN_POINT('',(1.1,-1.1,8.25));
#8503=CARTESIAN_POINT('',(1.1,-1.1,8.75));
#8504=CARTESIAN_POINT('',(1.1,-0.549999999999999,8.25));
#8505=CARTESIAN_POINT('',(1.1,-0.825,8.25));
#8506=CARTESIAN_POINT('',(1.1,-0.499999999999999,8.16339745962156));
#8507=CARTESIAN_POINT('Ctrl Pts',(1.1,-0.549999999999999,8.25));
#8508=CARTESIAN_POINT('Ctrl Pts',(1.1,-0.536145088895951,8.23614508889595));
#8509=CARTESIAN_POINT('Ctrl Pts',(1.1,-0.519804364190563,8.2192388363898));
#8510=CARTESIAN_POINT('Ctrl Pts',(1.1,-0.504478599994888,8.19076347634246));
#8511=CARTESIAN_POINT('Ctrl Pts',(1.1,-0.499999999999999,8.17614133071534));
#8512=CARTESIAN_POINT('Ctrl Pts',(1.1,-0.499999999999999,8.16339745962156));
#8513=CARTESIAN_POINT('',(1.1,-0.499999999999997,5.13660254037845));
#8514=CARTESIAN_POINT('',(1.1,-0.5,9.925));
#8515=CARTESIAN_POINT('',(1.1,-0.549999999999998,5.05));
#8516=CARTESIAN_POINT('Ctrl Pts',(1.1,-0.499999999999998,5.13660254037845));
#8517=CARTESIAN_POINT('Ctrl Pts',(1.1,-0.499999999999998,5.12385866928467));
#8518=CARTESIAN_POINT('Ctrl Pts',(1.1,-0.504478599994887,5.10923652365754));
#8519=CARTESIAN_POINT('Ctrl Pts',(1.1,-0.519804364190562,5.0807611636102));
#8520=CARTESIAN_POINT('Ctrl Pts',(1.1,-0.53614508889595,5.06385491110405));
#8521=CARTESIAN_POINT('Ctrl Pts',(1.1,-0.549999999999998,5.05));
#8522=CARTESIAN_POINT('',(1.1,0.825,5.05));
#8523=CARTESIAN_POINT('',(1.1,-0.499999999999996,2.6));
#8524=CARTESIAN_POINT('',(1.1,-0.499999999999999,8.975));
#8525=CARTESIAN_POINT('',(1.1,-0.249999999999996,2.6));
#8526=CARTESIAN_POINT('Origin',(1.6,0.550000000000003,5.15));
#8527=CARTESIAN_POINT('',(1.6,0.550000000000003,5.1));
#8528=CARTESIAN_POINT('',(1.6,0.500000000000003,5.15));
#8529=CARTESIAN_POINT('Origin',(1.6,0.550000000000003,5.15));
#8530=CARTESIAN_POINT('',(1.65,0.550000000000003,5.15));
#8531=CARTESIAN_POINT('Origin',(1.6,0.550000000000003,5.15));
#8532=CARTESIAN_POINT('Origin',(1.6,0.550000000000003,5.15));
#8533=CARTESIAN_POINT('Ctrl Pts',(1.55,1.65,5.15));
#8534=CARTESIAN_POINT('Ctrl Pts',(1.65,1.65,5.15));
#8535=CARTESIAN_POINT('Ctrl Pts',(1.65,1.55,5.15));
#8536=CARTESIAN_POINT('Ctrl Pts',(1.55,1.65,5.1));
#8537=CARTESIAN_POINT('Ctrl Pts',(1.65,1.65,5.1));
#8538=CARTESIAN_POINT('Ctrl Pts',(1.65,1.55,5.1));
#8539=CARTESIAN_POINT('Ctrl Pts',(1.55,1.6,5.1));
#8540=CARTESIAN_POINT('Ctrl Pts',(1.6,1.6,5.1));
#8541=CARTESIAN_POINT('Ctrl Pts',(1.6,1.55,5.1));
#8542=CARTESIAN_POINT('',(1.55,1.65,5.15));
#8543=CARTESIAN_POINT('',(1.55,1.6,5.1));
#8544=CARTESIAN_POINT('Origin',(1.55,1.6,5.15));
#8545=CARTESIAN_POINT('',(1.65,1.55,5.15));
#8546=CARTESIAN_POINT('Origin',(1.55,1.55,5.15));
#8547=CARTESIAN_POINT('',(1.6,1.55,5.1));
#8548=CARTESIAN_POINT('Origin',(1.6,1.55,5.15));
#8549=CARTESIAN_POINT('Origin',(1.55,1.55,5.1));
#8550=CARTESIAN_POINT('Origin',(1.6,0.550000000000003,8.15));
#8551=CARTESIAN_POINT('',(1.6,0.500000000000003,8.15));
#8552=CARTESIAN_POINT('',(1.6,0.550000000000003,8.2));
#8553=CARTESIAN_POINT('Origin',(1.6,0.550000000000003,8.15));
#8554=CARTESIAN_POINT('',(1.65,0.550000000000003,8.15));
#8555=CARTESIAN_POINT('Origin',(1.6,0.550000000000003,8.15));
#8556=CARTESIAN_POINT('Origin',(1.6,0.550000000000003,8.15));
#8557=CARTESIAN_POINT('Origin',(1.6,0.550000000000004,2.6));
#8558=CARTESIAN_POINT('',(1.65,0.550000000000004,2.6));
#8559=CARTESIAN_POINT('',(1.6,0.500000000000004,2.6));
#8560=CARTESIAN_POINT('Ctrl Pts',(-1.65,1.55,5.15));
#8561=CARTESIAN_POINT('Ctrl Pts',(-1.65,1.65,5.15));
#8562=CARTESIAN_POINT('Ctrl Pts',(-1.55,1.65,5.15));
#8563=CARTESIAN_POINT('Ctrl Pts',(-1.65,1.55,5.1));
#8564=CARTESIAN_POINT('Ctrl Pts',(-1.65,1.65,5.1));
#8565=CARTESIAN_POINT('Ctrl Pts',(-1.55,1.65,5.1));
#8566=CARTESIAN_POINT('Ctrl Pts',(-1.6,1.55,5.1));
#8567=CARTESIAN_POINT('Ctrl Pts',(-1.6,1.6,5.1));
#8568=CARTESIAN_POINT('Ctrl Pts',(-1.55,1.6,5.1));
#8569=CARTESIAN_POINT('',(-1.65,1.55,5.15));
#8570=CARTESIAN_POINT('',(-1.6,1.55,5.1));
#8571=CARTESIAN_POINT('Origin',(-1.6,1.55,5.15));
#8572=CARTESIAN_POINT('',(-1.55,1.65,5.15));
#8573=CARTESIAN_POINT('Origin',(-1.55,1.55,5.15));
#8574=CARTESIAN_POINT('',(-1.55,1.6,5.1));
#8575=CARTESIAN_POINT('Origin',(-1.55,1.6,5.15));
#8576=CARTESIAN_POINT('Origin',(-1.55,1.55,5.1));
#8577=CARTESIAN_POINT('Ctrl Pts',(1.55,1.6,8.2));
#8578=CARTESIAN_POINT('Ctrl Pts',(1.6,1.6,8.2));
#8579=CARTESIAN_POINT('Ctrl Pts',(1.6,1.55,8.2));
#8580=CARTESIAN_POINT('Ctrl Pts',(1.55,1.65,8.2));
#8581=CARTESIAN_POINT('Ctrl Pts',(1.65,1.65,8.2));
#8582=CARTESIAN_POINT('Ctrl Pts',(1.65,1.55,8.2));
#8583=CARTESIAN_POINT('Ctrl Pts',(1.55,1.65,8.15));
#8584=CARTESIAN_POINT('Ctrl Pts',(1.65,1.65,8.15));
#8585=CARTESIAN_POINT('Ctrl Pts',(1.65,1.55,8.15));
#8586=CARTESIAN_POINT('',(1.55,1.6,8.2));
#8587=CARTESIAN_POINT('',(1.6,1.55,8.2));
#8588=CARTESIAN_POINT('Origin',(1.55,1.55,8.2));
#8589=CARTESIAN_POINT('',(1.65,1.55,8.15));
#8590=CARTESIAN_POINT('Origin',(1.6,1.55,8.15));
#8591=CARTESIAN_POINT('',(1.55,1.65,8.15));
#8592=CARTESIAN_POINT('Origin',(1.55,1.55,8.15));
#8593=CARTESIAN_POINT('Origin',(1.55,1.6,8.15));
#8594=CARTESIAN_POINT('Origin',(1.6,-9.33596634343882E-16,8.15));
#8595=CARTESIAN_POINT('',(1.65,-9.33596634343882E-16,8.15));
#8596=CARTESIAN_POINT('',(1.6,-9.5041819532305E-16,8.2));
#8597=CARTESIAN_POINT('Origin',(1.55,1.55,2.6));
#8598=CARTESIAN_POINT('',(1.65,1.55,2.6));
#8599=CARTESIAN_POINT('',(1.55,1.65,2.6));
#8600=CARTESIAN_POINT('Origin',(1.6,-0.549999999999997,5.15));
#8601=CARTESIAN_POINT('',(1.6,-0.549999999999997,5.1));
#8602=CARTESIAN_POINT('',(1.65,-0.549999999999997,5.15));
#8603=CARTESIAN_POINT('Origin',(1.6,-0.549999999999997,5.15));
#8604=CARTESIAN_POINT('',(1.6,-0.499999999999997,5.15));
#8605=CARTESIAN_POINT('Origin',(1.6,-0.549999999999997,5.15));
#8606=CARTESIAN_POINT('Origin',(1.6,-0.549999999999997,5.15));
#8607=CARTESIAN_POINT('Origin',(1.15,-0.549999999999998,5.05));
#8608=CARTESIAN_POINT('',(1.15,-0.499999999999997,5.15));
#8609=CARTESIAN_POINT('',(1.15,-0.549999999999998,5.1));
#8610=CARTESIAN_POINT('Origin',(1.15,-0.549999999999998,5.15));
#8611=CARTESIAN_POINT('Origin',(1.15,-0.549999999999998,5.05));
#8612=CARTESIAN_POINT('Origin',(1.15,-0.499999999999997,5.05));
#8613=CARTESIAN_POINT('Origin',(1.65,-0.549999999999997,5.15));
#8614=CARTESIAN_POINT('',(1.65,-0.549999999999997,5.1));
#8615=CARTESIAN_POINT('',(1.65,-0.499999999999997,5.15));
#8616=CARTESIAN_POINT('Ctrl Pts',(-1.55,-1.65,5.15));
#8617=CARTESIAN_POINT('Ctrl Pts',(-1.65,-1.65,5.15));
#8618=CARTESIAN_POINT('Ctrl Pts',(-1.65,-1.55,5.15));
#8619=CARTESIAN_POINT('Ctrl Pts',(-1.55,-1.65,5.1));
#8620=CARTESIAN_POINT('Ctrl Pts',(-1.65,-1.65,5.1));
#8621=CARTESIAN_POINT('Ctrl Pts',(-1.65,-1.55,5.1));
#8622=CARTESIAN_POINT('Ctrl Pts',(-1.55,-1.6,5.1));
#8623=CARTESIAN_POINT('Ctrl Pts',(-1.6,-1.6,5.1));
#8624=CARTESIAN_POINT('Ctrl Pts',(-1.6,-1.55,5.1));
#8625=CARTESIAN_POINT('',(-1.55,-1.65,5.15));
#8626=CARTESIAN_POINT('',(-1.55,-1.6,5.1));
#8627=CARTESIAN_POINT('Origin',(-1.55,-1.6,5.15));
#8628=CARTESIAN_POINT('',(-1.65,-1.55,5.15));
#8629=CARTESIAN_POINT('Origin',(-1.55,-1.55,5.15));
#8630=CARTESIAN_POINT('',(-1.6,-1.55,5.1));
#8631=CARTESIAN_POINT('Origin',(-1.6,-1.55,5.15));
#8632=CARTESIAN_POINT('Origin',(-1.55,-1.55,5.1));
#8633=CARTESIAN_POINT('Ctrl Pts',(-1.6,1.55,8.2));
#8634=CARTESIAN_POINT('Ctrl Pts',(-1.6,1.6,8.2));
#8635=CARTESIAN_POINT('Ctrl Pts',(-1.55,1.6,8.2));
#8636=CARTESIAN_POINT('Ctrl Pts',(-1.65,1.55,8.2));
#8637=CARTESIAN_POINT('Ctrl Pts',(-1.65,1.65,8.2));
#8638=CARTESIAN_POINT('Ctrl Pts',(-1.55,1.65,8.2));
#8639=CARTESIAN_POINT('Ctrl Pts',(-1.65,1.55,8.15));
#8640=CARTESIAN_POINT('Ctrl Pts',(-1.65,1.65,8.15));
#8641=CARTESIAN_POINT('Ctrl Pts',(-1.55,1.65,8.15));
#8642=CARTESIAN_POINT('',(-1.6,1.55,8.2));
#8643=CARTESIAN_POINT('',(-1.55,1.6,8.2));
#8644=CARTESIAN_POINT('Origin',(-1.55,1.55,8.2));
#8645=CARTESIAN_POINT('',(-1.55,1.65,8.15));
#8646=CARTESIAN_POINT('Origin',(-1.55,1.6,8.15));
#8647=CARTESIAN_POINT('',(-1.65,1.55,8.15));
#8648=CARTESIAN_POINT('Origin',(-1.55,1.55,8.15));
#8649=CARTESIAN_POINT('Origin',(-1.6,1.55,8.15));
#8650=CARTESIAN_POINT('Origin',(1.36675182955749E-16,1.6,8.15));
#8651=CARTESIAN_POINT('',(1.40880573200541E-16,1.65,8.15));
#8652=CARTESIAN_POINT('',(1.36675182955749E-16,1.6,8.2));
#8653=CARTESIAN_POINT('Origin',(-1.55,1.55,2.6));
#8654=CARTESIAN_POINT('',(-1.55,1.65,2.6));
#8655=CARTESIAN_POINT('',(-1.65,1.55,2.6));
#8656=CARTESIAN_POINT('Ctrl Pts',(1.65,-1.55,5.15));
#8657=CARTESIAN_POINT('Ctrl Pts',(1.65,-1.65,5.15));
#8658=CARTESIAN_POINT('Ctrl Pts',(1.55,-1.65,5.15));
#8659=CARTESIAN_POINT('Ctrl Pts',(1.65,-1.55,5.1));
#8660=CARTESIAN_POINT('Ctrl Pts',(1.65,-1.65,5.1));
#8661=CARTESIAN_POINT('Ctrl Pts',(1.55,-1.65,5.1));
#8662=CARTESIAN_POINT('Ctrl Pts',(1.6,-1.55,5.1));
#8663=CARTESIAN_POINT('Ctrl Pts',(1.6,-1.6,5.1));
#8664=CARTESIAN_POINT('Ctrl Pts',(1.55,-1.6,5.1));
#8665=CARTESIAN_POINT('',(1.65,-1.55,5.15));
#8666=CARTESIAN_POINT('',(1.6,-1.55,5.1));
#8667=CARTESIAN_POINT('Origin',(1.6,-1.55,5.15));
#8668=CARTESIAN_POINT('',(1.55,-1.65,5.15));
#8669=CARTESIAN_POINT('Origin',(1.55,-1.55,5.15));
#8670=CARTESIAN_POINT('',(1.55,-1.6,5.1));
#8671=CARTESIAN_POINT('Origin',(1.55,-1.6,5.15));
#8672=CARTESIAN_POINT('Origin',(1.55,-1.55,5.1));
#8673=CARTESIAN_POINT('Origin',(1.6,-0.549999999999999,8.15));
#8674=CARTESIAN_POINT('',(1.6,-0.549999999999999,8.2));
#8675=CARTESIAN_POINT('',(1.6,-0.499999999999999,8.15));
#8676=CARTESIAN_POINT('Origin',(1.6,-0.549999999999999,8.15));
#8677=CARTESIAN_POINT('',(1.65,-0.549999999999999,8.15));
#8678=CARTESIAN_POINT('Origin',(1.6,-0.549999999999999,8.15));
#8679=CARTESIAN_POINT('Origin',(1.6,-0.549999999999999,8.15));
#8680=CARTESIAN_POINT('Ctrl Pts',(-1.55,-1.6,8.2));
#8681=CARTESIAN_POINT('Ctrl Pts',(-1.6,-1.6,8.2));
#8682=CARTESIAN_POINT('Ctrl Pts',(-1.6,-1.55,8.2));
#8683=CARTESIAN_POINT('Ctrl Pts',(-1.55,-1.65,8.2));
#8684=CARTESIAN_POINT('Ctrl Pts',(-1.65,-1.65,8.2));
#8685=CARTESIAN_POINT('Ctrl Pts',(-1.65,-1.55,8.2));
#8686=CARTESIAN_POINT('Ctrl Pts',(-1.55,-1.65,8.15));
#8687=CARTESIAN_POINT('Ctrl Pts',(-1.65,-1.65,8.15));
#8688=CARTESIAN_POINT('Ctrl Pts',(-1.65,-1.55,8.15));
#8689=CARTESIAN_POINT('',(-1.55,-1.6,8.2));
#8690=CARTESIAN_POINT('',(-1.6,-1.55,8.2));
#8691=CARTESIAN_POINT('Origin',(-1.55,-1.55,8.2));
#8692=CARTESIAN_POINT('',(-1.65,-1.55,8.15));
#8693=CARTESIAN_POINT('Origin',(-1.6,-1.55,8.15));
#8694=CARTESIAN_POINT('',(-1.55,-1.65,8.15));
#8695=CARTESIAN_POINT('Origin',(-1.55,-1.55,8.15));
#8696=CARTESIAN_POINT('Origin',(-1.55,-1.6,8.15));
#8697=CARTESIAN_POINT('Origin',(-1.6,-1.65,8.15));
#8698=CARTESIAN_POINT('',(-1.65,-1.65,8.15));
#8699=CARTESIAN_POINT('',(-1.6,-1.65,8.2));
#8700=CARTESIAN_POINT('Origin',(-1.55,-1.55,2.6));
#8701=CARTESIAN_POINT('',(-1.65,-1.55,2.6));
#8702=CARTESIAN_POINT('',(-1.55,-1.65,2.6));
#8703=CARTESIAN_POINT('Ctrl Pts',(1.55,-1.65,8.15));
#8704=CARTESIAN_POINT('Ctrl Pts',(1.65,-1.65,8.15));
#8705=CARTESIAN_POINT('Ctrl Pts',(1.65,-1.55,8.15));
#8706=CARTESIAN_POINT('Ctrl Pts',(1.55,-1.65,8.2));
#8707=CARTESIAN_POINT('Ctrl Pts',(1.65,-1.65,8.2));
#8708=CARTESIAN_POINT('Ctrl Pts',(1.65,-1.55,8.2));
#8709=CARTESIAN_POINT('Ctrl Pts',(1.55,-1.6,8.2));
#8710=CARTESIAN_POINT('Ctrl Pts',(1.6,-1.6,8.2));
#8711=CARTESIAN_POINT('Ctrl Pts',(1.6,-1.55,8.2));
#8712=CARTESIAN_POINT('',(1.65,-1.55,8.15));
#8713=CARTESIAN_POINT('',(1.55,-1.65,8.15));
#8714=CARTESIAN_POINT('Origin',(1.55,-1.55,8.15));
#8715=CARTESIAN_POINT('',(1.6,-1.55,8.2));
#8716=CARTESIAN_POINT('Origin',(1.6,-1.55,8.15));
#8717=CARTESIAN_POINT('',(1.55,-1.6,8.2));
#8718=CARTESIAN_POINT('Origin',(1.55,-1.55,8.2));
#8719=CARTESIAN_POINT('Origin',(1.55,-1.6,8.15));
#8720=CARTESIAN_POINT('Origin',(1.6,-9.33596634343882E-16,8.15));
#8721=CARTESIAN_POINT('',(1.65,-9.33596634343882E-16,8.15));
#8722=CARTESIAN_POINT('',(1.6,-9.5041819532305E-16,8.2));
#8723=CARTESIAN_POINT('Origin',(1.65,-1.6,8.15));
#8724=CARTESIAN_POINT('',(1.65,-1.65,8.15));
#8725=CARTESIAN_POINT('',(1.65,-1.6,8.2));
#8726=CARTESIAN_POINT('Origin',(1.55,-1.55,2.6));
#8727=CARTESIAN_POINT('',(1.55,-1.65,2.6));
#8728=CARTESIAN_POINT('',(1.65,-1.55,2.6));
#8729=CARTESIAN_POINT('Origin',(1.6,-0.549999999999998,6.85));
#8730=CARTESIAN_POINT('',(1.65,-0.549999999999998,6.85));
#8731=CARTESIAN_POINT('',(1.6,-0.499999999999998,6.85));
#8732=CARTESIAN_POINT('Origin',(1.65,-0.549999999999999,8.15));
#8733=CARTESIAN_POINT('',(1.15,-0.499999999999999,8.15));
#8734=CARTESIAN_POINT('',(1.15,-0.549999999999999,8.2));
#8735=CARTESIAN_POINT('Origin',(1.15,-0.549999999999999,8.15));
#8736=CARTESIAN_POINT('',(1.65,-0.549999999999999,8.2));
#8737=CARTESIAN_POINT('',(1.65,-0.499999999999999,8.15));
#8738=CARTESIAN_POINT('Origin',(1.15,-0.549999999999999,8.25));
#8739=CARTESIAN_POINT('Origin',(1.15,-0.549999999999999,8.25));
#8740=CARTESIAN_POINT('Origin',(1.15,-0.499999999999999,8.25));
#8741=CARTESIAN_POINT('Origin',(1.65,-1.6,5.15));
#8742=CARTESIAN_POINT('',(1.65,-1.65,5.15));
#8743=CARTESIAN_POINT('',(1.65,-1.6,5.1));
#8744=CARTESIAN_POINT('Origin',(1.6,1.65,5.15));
#8745=CARTESIAN_POINT('',(1.65,1.65,5.15));
#8746=CARTESIAN_POINT('',(1.6,1.65,5.1));
#8747=CARTESIAN_POINT('Origin',(-1.6,-5.67727683046955E-16,5.15));
#8748=CARTESIAN_POINT('',(-1.65,-5.67727683046955E-16,5.15));
#8749=CARTESIAN_POINT('',(-1.6,-5.50906122067786E-16,5.1));
#8750=CARTESIAN_POINT('Origin',(-2.1026951223961E-18,1.6,5.15));
#8751=CARTESIAN_POINT('',(2.10269512239616E-18,1.65,5.15));
#8752=CARTESIAN_POINT('',(-2.1026951223961E-18,1.6,5.1));
#8753=CARTESIAN_POINT('Origin',(1.15,0.550000000000002,8.25));
#8754=CARTESIAN_POINT('',(1.15,0.500000000000003,8.15));
#8755=CARTESIAN_POINT('',(1.15,0.550000000000002,8.2));
#8756=CARTESIAN_POINT('Origin',(1.15,0.550000000000002,8.15));
#8757=CARTESIAN_POINT('Origin',(1.15,0.550000000000002,8.25));
#8758=CARTESIAN_POINT('Origin',(1.15,0.500000000000003,8.25));
#8759=CARTESIAN_POINT('Origin',(1.65,0.550000000000003,8.15));
#8760=CARTESIAN_POINT('',(1.65,0.550000000000003,8.2));
#8761=CARTESIAN_POINT('',(1.65,0.500000000000003,8.15));
#8762=CARTESIAN_POINT('Origin',(1.6,1.65,5.15));
#8763=CARTESIAN_POINT('',(1.65,1.65,5.15));
#8764=CARTESIAN_POINT('',(1.6,1.65,5.1));
#8765=CARTESIAN_POINT('Origin',(1.65,0.550000000000003,5.15));
#8766=CARTESIAN_POINT('',(1.15,0.500000000000003,5.15));
#8767=CARTESIAN_POINT('',(1.15,0.550000000000003,5.1));
#8768=CARTESIAN_POINT('Origin',(1.15,0.550000000000003,5.15));
#8769=CARTESIAN_POINT('',(1.65,0.550000000000003,5.1));
#8770=CARTESIAN_POINT('',(1.65,0.500000000000003,5.15));
#8771=CARTESIAN_POINT('Origin',(1.15,0.550000000000003,5.05));
#8772=CARTESIAN_POINT('Origin',(1.15,0.550000000000003,5.05));
#8773=CARTESIAN_POINT('Origin',(1.15,0.500000000000003,5.05));
#8774=CARTESIAN_POINT('Origin',(1.65,-0.5,11.1));
#8775=CARTESIAN_POINT('Origin',(1.15,0.825,5.05));
#8776=CARTESIAN_POINT('',(1.15,-1.15,5.1));
#8777=CARTESIAN_POINT('',(1.15,0.825,5.1));
#8778=CARTESIAN_POINT('Origin',(1.15,-1.15,5.05));
#8779=CARTESIAN_POINT('Origin',(1.65,1.65,5.1));
#8780=CARTESIAN_POINT('',(1.15,1.15,5.1));
#8781=CARTESIAN_POINT('',(1.15,0.825,5.1));
#8782=CARTESIAN_POINT('',(-1.15,1.15,5.1));
#8783=CARTESIAN_POINT('',(0.825,1.15,5.1));
#8784=CARTESIAN_POINT('',(-1.15,-1.15,5.1));
#8785=CARTESIAN_POINT('',(-1.15,0.825,5.1));
#8786=CARTESIAN_POINT('',(0.825,-1.15,5.1));
#8787=CARTESIAN_POINT('Origin',(1.15,0.825,5.05));
#8788=CARTESIAN_POINT('Origin',(1.15,1.15,5.05));
#8789=CARTESIAN_POINT('Origin',(1.65,1.65,2.6));
#8790=CARTESIAN_POINT('Origin',(-1.65,1.65,2.6));
#8791=CARTESIAN_POINT('Origin',(-1.65,-1.65,2.6));
#8792=CARTESIAN_POINT('Origin',(1.65,-1.65,2.6));
#8793=CARTESIAN_POINT('Origin',(1.65,1.65,2.6));
#8794=CARTESIAN_POINT('Origin',(0.825,1.15,5.05));
#8795=CARTESIAN_POINT('Origin',(-1.15,1.15,5.05));
#8796=CARTESIAN_POINT('Origin',(-1.15,0.825,5.05));
#8797=CARTESIAN_POINT('Origin',(-1.15,-1.15,5.05));
#8798=CARTESIAN_POINT('Origin',(0.825,-1.15,5.05));
#8799=CARTESIAN_POINT('Origin',(1.15,-0.825,8.25));
#8800=CARTESIAN_POINT('',(1.15,1.15,8.2));
#8801=CARTESIAN_POINT('',(1.15,-0.825,8.2));
#8802=CARTESIAN_POINT('Origin',(1.15,1.15,8.25));
#8803=CARTESIAN_POINT('Origin',(1.15,-0.825,8.25));
#8804=CARTESIAN_POINT('',(1.15,-1.15,8.2));
#8805=CARTESIAN_POINT('Origin',(1.15,-1.15,8.25));
#8806=CARTESIAN_POINT('',(1.15,-0.825,8.2));
#8807=CARTESIAN_POINT('Origin',(0.825,-1.15,8.25));
#8808=CARTESIAN_POINT('',(-1.15,-1.15,8.2));
#8809=CARTESIAN_POINT('',(0.825,-1.15,8.2));
#8810=CARTESIAN_POINT('',(-1.1,-1.1,8.25));
#8811=CARTESIAN_POINT('',(0.825,-1.1,8.25));
#8812=CARTESIAN_POINT('Origin',(-1.15,-1.15,8.25));
#8813=CARTESIAN_POINT('Origin',(-1.15,-0.825,8.25));
#8814=CARTESIAN_POINT('',(-1.15,1.15,8.2));
#8815=CARTESIAN_POINT('',(-1.15,-0.825,8.2));
#8816=CARTESIAN_POINT('',(-1.1,1.1,8.25));
#8817=CARTESIAN_POINT('',(-1.1,-0.825,8.25));
#8818=CARTESIAN_POINT('Origin',(-1.15,1.15,8.25));
#8819=CARTESIAN_POINT('Origin',(0.825,1.15,8.25));
#8820=CARTESIAN_POINT('',(0.825,1.15,8.2));
#8821=CARTESIAN_POINT('',(0.825,1.1,8.25));
#8822=CARTESIAN_POINT('Origin',(2.75522391070321E-16,1.1,8.75));
#8823=CARTESIAN_POINT('',(-1.1,1.1,9.25));
#8824=CARTESIAN_POINT('',(-1.1,1.1,8.75));
#8825=CARTESIAN_POINT('',(0.825,1.1,9.25));
#8826=CARTESIAN_POINT('Origin',(-1.1,3.42877965023426E-16,8.75));
#8827=CARTESIAN_POINT('',(-1.1,-1.1,9.25));
#8828=CARTESIAN_POINT('',(-1.1,-1.1,8.75));
#8829=CARTESIAN_POINT('',(-1.1,0.825,9.25));
#8830=CARTESIAN_POINT('Origin',(-4.1023353897653E-16,-1.1,8.75));
#8831=CARTESIAN_POINT('',(0.825,-1.1,9.25));
#8832=CARTESIAN_POINT('Ctrl Pts',(1.55,1.65,9.35));
#8833=CARTESIAN_POINT('Ctrl Pts',(1.65,1.65,9.35));
#8834=CARTESIAN_POINT('Ctrl Pts',(1.65,1.55,9.35));
#8835=CARTESIAN_POINT('Ctrl Pts',(1.55,1.65,9.3));
#8836=CARTESIAN_POINT('Ctrl Pts',(1.65,1.65,9.3));
#8837=CARTESIAN_POINT('Ctrl Pts',(1.65,1.55,9.3));
#8838=CARTESIAN_POINT('Ctrl Pts',(1.55,1.6,9.3));
#8839=CARTESIAN_POINT('Ctrl Pts',(1.6,1.6,9.3));
#8840=CARTESIAN_POINT('Ctrl Pts',(1.6,1.55,9.3));
#8841=CARTESIAN_POINT('',(1.55,1.65,9.35));
#8842=CARTESIAN_POINT('',(1.55,1.6,9.3));
#8843=CARTESIAN_POINT('Origin',(1.55,1.6,9.35));
#8844=CARTESIAN_POINT('',(1.65,1.55,9.35));
#8845=CARTESIAN_POINT('Origin',(1.55,1.55,9.35));
#8846=CARTESIAN_POINT('',(1.6,1.55,9.3));
#8847=CARTESIAN_POINT('Origin',(1.6,1.55,9.35));
#8848=CARTESIAN_POINT('Origin',(1.55,1.55,9.3));
#8849=CARTESIAN_POINT('Ctrl Pts',(-1.65,1.55,9.35));
#8850=CARTESIAN_POINT('Ctrl Pts',(-1.65,1.65,9.35));
#8851=CARTESIAN_POINT('Ctrl Pts',(-1.55,1.65,9.35));
#8852=CARTESIAN_POINT('Ctrl Pts',(-1.65,1.55,9.3));
#8853=CARTESIAN_POINT('Ctrl Pts',(-1.65,1.65,9.3));
#8854=CARTESIAN_POINT('Ctrl Pts',(-1.55,1.65,9.3));
#8855=CARTESIAN_POINT('Ctrl Pts',(-1.6,1.55,9.3));
#8856=CARTESIAN_POINT('Ctrl Pts',(-1.6,1.6,9.3));
#8857=CARTESIAN_POINT('Ctrl Pts',(-1.55,1.6,9.3));
#8858=CARTESIAN_POINT('',(-1.65,1.55,9.35));
#8859=CARTESIAN_POINT('',(-1.6,1.55,9.3));
#8860=CARTESIAN_POINT('Origin',(-1.6,1.55,9.35));
#8861=CARTESIAN_POINT('',(-1.55,1.65,9.35));
#8862=CARTESIAN_POINT('Origin',(-1.55,1.55,9.35));
#8863=CARTESIAN_POINT('',(-1.55,1.6,9.3));
#8864=CARTESIAN_POINT('Origin',(-1.55,1.6,9.35));
#8865=CARTESIAN_POINT('Origin',(-1.55,1.55,9.3));
#8866=CARTESIAN_POINT('Origin',(1.55,1.55,11.));
#8867=CARTESIAN_POINT('',(1.65,1.55,11.));
#8868=CARTESIAN_POINT('',(1.55,1.55,11.1));
#8869=CARTESIAN_POINT('Origin',(1.55,1.55,11.));
#8870=CARTESIAN_POINT('',(1.55,1.65,11.));
#8871=CARTESIAN_POINT('Origin',(1.55,1.55,11.));
#8872=CARTESIAN_POINT('Origin',(1.55,1.55,11.));
#8873=CARTESIAN_POINT('Origin',(1.55,1.55,2.6));
#8874=CARTESIAN_POINT('',(1.65,1.55,2.6));
#8875=CARTESIAN_POINT('',(1.55,1.65,2.6));
#8876=CARTESIAN_POINT('Origin',(1.6,0.550000000000002,9.35));
#8877=CARTESIAN_POINT('',(1.6,0.550000000000002,9.3));
#8878=CARTESIAN_POINT('',(1.6,0.500000000000002,9.35));
#8879=CARTESIAN_POINT('Origin',(1.6,0.550000000000002,9.35));
#8880=CARTESIAN_POINT('',(1.65,0.550000000000002,9.35));
#8881=CARTESIAN_POINT('Origin',(1.6,0.550000000000002,9.35));
#8882=CARTESIAN_POINT('Origin',(1.6,0.550000000000002,9.35));
#8883=CARTESIAN_POINT('Origin',(1.6,1.65,9.35));
#8884=CARTESIAN_POINT('',(1.65,1.65,9.35));
#8885=CARTESIAN_POINT('',(1.6,1.65,9.3));
#8886=CARTESIAN_POINT('Origin',(-1.55,1.55,11.));
#8887=CARTESIAN_POINT('',(-1.55,1.65,11.));
#8888=CARTESIAN_POINT('',(-1.55,1.55,11.1));
#8889=CARTESIAN_POINT('Origin',(-1.55,1.55,11.));
#8890=CARTESIAN_POINT('',(-1.65,1.55,11.));
#8891=CARTESIAN_POINT('Origin',(-1.55,1.55,11.));
#8892=CARTESIAN_POINT('Origin',(-1.55,1.55,11.));
#8893=CARTESIAN_POINT('Origin',(-1.55,1.55,2.6));
#8894=CARTESIAN_POINT('',(-1.55,1.65,2.6));
#8895=CARTESIAN_POINT('',(-1.65,1.55,2.6));
#8896=CARTESIAN_POINT('Origin',(-1.6,-1.38777878078145E-16,9.35));
#8897=CARTESIAN_POINT('',(-1.65,-1.65,9.35));
#8898=CARTESIAN_POINT('',(-1.65,-1.38777878078145E-16,9.35));
#8899=CARTESIAN_POINT('',(-1.6,-1.6,9.3));
#8900=CARTESIAN_POINT('',(-1.6,-1.38777878078145E-16,9.3));
#8901=CARTESIAN_POINT('Origin',(-1.6,-1.6,9.35));
#8902=CARTESIAN_POINT('Ctrl Pts',(1.55,0.500000000000002,11.05));
#8903=CARTESIAN_POINT('Ctrl Pts',(1.6,0.500000000000002,11.05));
#8904=CARTESIAN_POINT('Ctrl Pts',(1.6,0.500000000000002,11.));
#8905=CARTESIAN_POINT('Ctrl Pts',(1.55,0.500000000000001,11.1));
#8906=CARTESIAN_POINT('Ctrl Pts',(1.65,0.500000000000001,11.1));
#8907=CARTESIAN_POINT('Ctrl Pts',(1.65,0.500000000000001,11.));
#8908=CARTESIAN_POINT('Ctrl Pts',(1.55,0.550000000000002,11.1));
#8909=CARTESIAN_POINT('Ctrl Pts',(1.65,0.550000000000002,11.1));
#8910=CARTESIAN_POINT('Ctrl Pts',(1.65,0.550000000000002,11.));
#8911=CARTESIAN_POINT('',(1.55,0.500000000000002,11.05));
#8912=CARTESIAN_POINT('',(1.6,0.500000000000002,11.));
#8913=CARTESIAN_POINT('Origin',(1.55,0.500000000000002,11.));
#8914=CARTESIAN_POINT('',(1.65,0.550000000000002,11.));
#8915=CARTESIAN_POINT('Origin',(1.6,0.550000000000002,11.));
#8916=CARTESIAN_POINT('',(1.55,0.550000000000002,11.1));
#8917=CARTESIAN_POINT('Origin',(1.55,0.550000000000002,11.));
#8918=CARTESIAN_POINT('Origin',(1.55,0.550000000000002,11.05));
#8919=CARTESIAN_POINT('Origin',(1.6,0.550000000000004,2.6));
#8920=CARTESIAN_POINT('',(1.65,0.550000000000004,2.6));
#8921=CARTESIAN_POINT('',(1.6,0.500000000000004,2.6));
#8922=CARTESIAN_POINT('Origin',(1.55,0.825,11.));
#8923=CARTESIAN_POINT('',(1.65,0.825,11.));
#8924=CARTESIAN_POINT('',(1.55,0.825,11.1));
#8925=CARTESIAN_POINT('Ctrl Pts',(1.65,-1.55,9.35));
#8926=CARTESIAN_POINT('Ctrl Pts',(1.65,-1.65,9.35));
#8927=CARTESIAN_POINT('Ctrl Pts',(1.55,-1.65,9.35));
#8928=CARTESIAN_POINT('Ctrl Pts',(1.65,-1.55,9.3));
#8929=CARTESIAN_POINT('Ctrl Pts',(1.65,-1.65,9.3));
#8930=CARTESIAN_POINT('Ctrl Pts',(1.55,-1.65,9.3));
#8931=CARTESIAN_POINT('Ctrl Pts',(1.6,-1.55,9.3));
#8932=CARTESIAN_POINT('Ctrl Pts',(1.6,-1.6,9.3));
#8933=CARTESIAN_POINT('Ctrl Pts',(1.55,-1.6,9.3));
#8934=CARTESIAN_POINT('',(1.65,-1.55,9.35));
#8935=CARTESIAN_POINT('',(1.6,-1.55,9.3));
#8936=CARTESIAN_POINT('Origin',(1.6,-1.55,9.35));
#8937=CARTESIAN_POINT('',(1.55,-1.65,9.35));
#8938=CARTESIAN_POINT('Origin',(1.55,-1.55,9.35));
#8939=CARTESIAN_POINT('',(1.55,-1.6,9.3));
#8940=CARTESIAN_POINT('Origin',(1.55,-1.6,9.35));
#8941=CARTESIAN_POINT('Origin',(1.55,-1.55,9.3));
#8942=CARTESIAN_POINT('Origin',(0.825,0.550000000000002,11.05));
#8943=CARTESIAN_POINT('',(0.825,0.500000000000002,11.05));
#8944=CARTESIAN_POINT('',(1.05,0.550000000000002,11.1));
#8945=CARTESIAN_POINT('',(0.825,0.550000000000002,11.1));
#8946=CARTESIAN_POINT('Origin',(1.05,0.550000000000002,11.05));
#8947=CARTESIAN_POINT('Origin',(1.55,-1.55,11.));
#8948=CARTESIAN_POINT('',(1.55,-1.65,11.));
#8949=CARTESIAN_POINT('',(1.55,-1.55,11.1));
#8950=CARTESIAN_POINT('Origin',(1.55,-1.55,11.));
#8951=CARTESIAN_POINT('',(1.65,-1.55,11.));
#8952=CARTESIAN_POINT('Origin',(1.55,-1.55,11.));
#8953=CARTESIAN_POINT('Origin',(1.55,-1.55,11.));
#8954=CARTESIAN_POINT('Origin',(1.55,-1.55,2.6));
#8955=CARTESIAN_POINT('',(1.55,-1.65,2.6));
#8956=CARTESIAN_POINT('',(1.65,-1.55,2.6));
#8957=CARTESIAN_POINT('Origin',(1.6,-0.549999999999999,9.35));
#8958=CARTESIAN_POINT('',(1.6,-0.549999999999999,9.3));
#8959=CARTESIAN_POINT('',(1.65,-0.549999999999999,9.35));
#8960=CARTESIAN_POINT('Origin',(1.6,-0.549999999999999,9.35));
#8961=CARTESIAN_POINT('',(1.6,-0.499999999999999,9.35));
#8962=CARTESIAN_POINT('Origin',(1.6,-0.549999999999999,9.35));
#8963=CARTESIAN_POINT('Origin',(1.6,-0.549999999999999,9.35));
#8964=CARTESIAN_POINT('Origin',(1.15,-0.55,9.25));
#8965=CARTESIAN_POINT('',(1.15,-0.499999999999999,9.35));
#8966=CARTESIAN_POINT('',(1.15,-0.55,9.3));
#8967=CARTESIAN_POINT('Origin',(1.15,-0.55,9.35));
#8968=CARTESIAN_POINT('Origin',(1.15,-0.55,9.25));
#8969=CARTESIAN_POINT('Origin',(1.15,-0.499999999999999,9.25));
#8970=CARTESIAN_POINT('Origin',(1.65,-0.549999999999999,9.35));
#8971=CARTESIAN_POINT('',(1.65,-0.549999999999999,9.3));
#8972=CARTESIAN_POINT('',(1.65,-0.499999999999999,9.35));
#8973=CARTESIAN_POINT('Ctrl Pts',(1.55,-0.55,11.1));
#8974=CARTESIAN_POINT('Ctrl Pts',(1.65,-0.55,11.1));
#8975=CARTESIAN_POINT('Ctrl Pts',(1.65,-0.55,11.));
#8976=CARTESIAN_POINT('Ctrl Pts',(1.55,-0.499999999999999,11.1));
#8977=CARTESIAN_POINT('Ctrl Pts',(1.65,-0.499999999999999,11.1));
#8978=CARTESIAN_POINT('Ctrl Pts',(1.65,-0.499999999999999,11.));
#8979=CARTESIAN_POINT('Ctrl Pts',(1.55,-0.500000000000001,11.05));
#8980=CARTESIAN_POINT('Ctrl Pts',(1.6,-0.500000000000001,11.05));
#8981=CARTESIAN_POINT('Ctrl Pts',(1.6,-0.500000000000001,11.));
#8982=CARTESIAN_POINT('',(1.55,-0.55,11.1));
#8983=CARTESIAN_POINT('',(1.55,-0.5,11.05));
#8984=CARTESIAN_POINT('Origin',(1.55,-0.55,11.05));
#8985=CARTESIAN_POINT('',(1.65,-0.55,11.));
#8986=CARTESIAN_POINT('Origin',(1.55,-0.55,11.));
#8987=CARTESIAN_POINT('',(1.6,-0.5,11.));
#8988=CARTESIAN_POINT('Origin',(1.6,-0.55,11.));
#8989=CARTESIAN_POINT('Origin',(1.55,-0.5,11.));
#8990=CARTESIAN_POINT('Origin',(1.55,0.825,11.));
#8991=CARTESIAN_POINT('',(1.65,0.825,11.));
#8992=CARTESIAN_POINT('',(1.55,0.825,11.1));
#8993=CARTESIAN_POINT('Origin',(1.6,-0.549999999999998,6.85));
#8994=CARTESIAN_POINT('',(1.65,-0.549999999999998,6.85));
#8995=CARTESIAN_POINT('',(1.6,-0.499999999999998,6.85));
#8996=CARTESIAN_POINT('Origin',(0.825,-0.55,11.05));
#8997=CARTESIAN_POINT('',(1.05,-0.55,11.1));
#8998=CARTESIAN_POINT('',(0.825,-0.55,11.1));
#8999=CARTESIAN_POINT('',(0.825,-0.5,11.05));
#9000=CARTESIAN_POINT('Origin',(1.05,-0.55,11.05));
#9001=CARTESIAN_POINT('Origin',(1.05,-1.16699579292985E-16,11.05));
#9002=CARTESIAN_POINT('',(1.05,-1.16699579292985E-16,11.1));
#9003=CARTESIAN_POINT('Origin',(1.6,1.65,9.35));
#9004=CARTESIAN_POINT('',(1.65,1.65,9.35));
#9005=CARTESIAN_POINT('',(1.6,1.65,9.3));
#9006=CARTESIAN_POINT('Origin',(0.825,-1.55,11.));
#9007=CARTESIAN_POINT('',(-1.65,-1.65,11.));
#9008=CARTESIAN_POINT('',(0.825,-1.65,11.));
#9009=CARTESIAN_POINT('',(-1.55,-1.55,11.1));
#9010=CARTESIAN_POINT('',(0.825,-1.55,11.1));
#9011=CARTESIAN_POINT('Origin',(-1.55,-1.55,11.));
#9012=CARTESIAN_POINT('Origin',(1.65,-1.6,9.35));
#9013=CARTESIAN_POINT('',(1.65,-1.6,9.3));
#9014=CARTESIAN_POINT('',(1.65,-1.65,9.35));
#9015=CARTESIAN_POINT('Origin',(-1.55,-0.825,11.));
#9016=CARTESIAN_POINT('',(-1.55,-0.825,11.1));
#9017=CARTESIAN_POINT('',(-1.65,-0.825,11.));
#9018=CARTESIAN_POINT('Origin',(-0.825,1.55,11.));
#9019=CARTESIAN_POINT('',(-0.825,1.65,11.));
#9020=CARTESIAN_POINT('',(-0.825,1.55,11.1));
#9021=CARTESIAN_POINT('Origin',(1.65,0.550000000000002,9.35));
#9022=CARTESIAN_POINT('',(1.15,0.500000000000002,9.35));
#9023=CARTESIAN_POINT('',(1.15,0.550000000000002,9.3));
#9024=CARTESIAN_POINT('Origin',(1.15,0.550000000000002,9.35));
#9025=CARTESIAN_POINT('',(1.65,0.550000000000002,9.3));
#9026=CARTESIAN_POINT('',(1.65,0.500000000000002,9.35));
#9027=CARTESIAN_POINT('Origin',(1.15,0.550000000000004,9.25));
#9028=CARTESIAN_POINT('Origin',(1.15,0.550000000000004,9.25));
#9029=CARTESIAN_POINT('Origin',(1.15,0.500000000000002,9.25));
#9030=CARTESIAN_POINT('Origin',(-2.10269512239613E-18,1.6,9.35));
#9031=CARTESIAN_POINT('',(2.10269512239612E-18,1.65,9.35));
#9032=CARTESIAN_POINT('',(-2.10269512239613E-18,1.6,9.3));
#9033=CARTESIAN_POINT('Origin',(1.65,-1.65,2.6));
#9034=CARTESIAN_POINT('',(-1.65,-1.65,2.6));
#9035=CARTESIAN_POINT('Origin',(1.15,0.825,9.25));
#9036=CARTESIAN_POINT('',(1.15,-1.15,9.3));
#9037=CARTESIAN_POINT('',(1.15,0.825,9.3));
#9038=CARTESIAN_POINT('Origin',(1.15,-1.15,9.25));
#9039=CARTESIAN_POINT('Origin',(1.65,1.65,9.3));
#9040=CARTESIAN_POINT('',(1.15,1.15,9.3));
#9041=CARTESIAN_POINT('',(1.15,0.825,9.3));
#9042=CARTESIAN_POINT('',(-1.15,1.15,9.3));
#9043=CARTESIAN_POINT('',(0.825,1.15,9.3));
#9044=CARTESIAN_POINT('',(-1.15,-1.15,9.3));
#9045=CARTESIAN_POINT('',(-1.15,0.825,9.3));
#9046=CARTESIAN_POINT('',(0.825,-1.15,9.3));
#9047=CARTESIAN_POINT('Origin',(1.15,0.825,9.25));
#9048=CARTESIAN_POINT('Origin',(1.15,1.15,9.25));
#9049=CARTESIAN_POINT('Origin',(1.65,1.65,2.6));
#9050=CARTESIAN_POINT('Origin',(-1.65,1.65,2.6));
#9051=CARTESIAN_POINT('Origin',(1.65,1.65,2.6));
#9052=CARTESIAN_POINT('Origin',(-6.93889390390723E-17,-2.52323414687536E-17,
11.1));
#9053=CARTESIAN_POINT('Origin',(0.825,1.15,9.25));
#9054=CARTESIAN_POINT('Origin',(-1.15,1.15,9.25));
#9055=CARTESIAN_POINT('Origin',(-1.15,0.825,9.25));
#9056=CARTESIAN_POINT('Origin',(-1.15,-1.15,9.25));
#9057=CARTESIAN_POINT('Origin',(0.825,-1.15,9.25));
#9058=CARTESIAN_POINT('Origin',(1.65,-0.5,11.1));
#9059=CARTESIAN_POINT('',(1.65,-0.499999999999996,2.6));
#9060=CARTESIAN_POINT('Origin',(1.65,0.500000000000004,2.6));
#9061=CARTESIAN_POINT('Origin',(1.65,0.500000000000004,2.6));
#9062=CARTESIAN_POINT('Origin',(1.65,-0.5,11.1));
#9063=CARTESIAN_POINT('Origin',(1.65,1.65,2.6));
#9064=CARTESIAN_POINT('',(1.65,0.825,2.6));
#9065=CARTESIAN_POINT('Origin',(1.65,-1.65,2.6));
#9066=CARTESIAN_POINT('',(0.825,-1.65,2.6));
#9067=CARTESIAN_POINT('Origin',(-1.65,-1.65,2.6));
#9068=CARTESIAN_POINT('',(-1.65,-0.825,2.6));
#9069=CARTESIAN_POINT('Origin',(-1.65,1.65,2.6));
#9070=CARTESIAN_POINT('',(-0.825,1.65,2.6));
#9071=CARTESIAN_POINT('Origin',(1.65,-1.65,8.2));
#9072=CARTESIAN_POINT('Origin',(-1.65,-1.65,2.6));
#9073=CARTESIAN_POINT('Origin',(-5.3,-5.3,0.));
#9074=CARTESIAN_POINT('',(-5.3,-5.3,2.6));
#9075=CARTESIAN_POINT('',(-5.3,5.3,2.6));
#9076=CARTESIAN_POINT('',(-5.3,5.3,2.6));
#9077=CARTESIAN_POINT('',(-5.3,5.3,0.));
#9078=CARTESIAN_POINT('',(-5.3,5.3,0.));
#9079=CARTESIAN_POINT('',(-5.3,-5.3,0.));
#9080=CARTESIAN_POINT('',(-5.3,5.3,0.));
#9081=CARTESIAN_POINT('',(-5.3,-5.3,0.));
#9082=CARTESIAN_POINT('Origin',(-5.3,5.3,0.));
#9083=CARTESIAN_POINT('',(5.3,5.3,2.6));
#9084=CARTESIAN_POINT('',(5.3,5.3,2.6));
#9085=CARTESIAN_POINT('',(5.3,5.3,0.));
#9086=CARTESIAN_POINT('',(5.3,5.3,0.));
#9087=CARTESIAN_POINT('',(5.3,5.3,0.));
#9088=CARTESIAN_POINT('Origin',(5.3,5.3,0.));
#9089=CARTESIAN_POINT('',(5.3,-5.3,2.6));
#9090=CARTESIAN_POINT('',(5.3,-5.3,2.6));
#9091=CARTESIAN_POINT('',(5.3,-5.3,0.));
#9092=CARTESIAN_POINT('',(5.3,-5.3,0.));
#9093=CARTESIAN_POINT('',(5.3,-5.3,0.));
#9094=CARTESIAN_POINT('Origin',(5.3,-5.3,0.));
#9095=CARTESIAN_POINT('',(-5.3,-5.3,2.6));
#9096=CARTESIAN_POINT('',(-5.3,-5.3,0.));
#9097=CARTESIAN_POINT('Origin',(0.,7.56970244062607E-17,0.));
#9098=CARTESIAN_POINT('Origin',(0.,-7.56970244062607E-17,2.6));
#9099=CARTESIAN_POINT('',(0.,0.,0.));
#9100=CARTESIAN_POINT('',(4.00142135623732,-3.71857864376269,1.));
#9101=CARTESIAN_POINT('',(-1.07857864376269,1.0785786437627,1.));
#9102=CARTESIAN_POINT('',(0.,0.,4.4));
#9103=UNCERTAINTY_MEASURE_WITH_UNIT(LENGTH_MEASURE(0.01),#9113,
'DISTANCE_ACCURACY_VALUE',
'Maximum model space distance between geometric entities at asserted c
onnectivities');
#9104=UNCERTAINTY_MEASURE_WITH_UNIT(LENGTH_MEASURE(0.01),#9113,
'DISTANCE_ACCURACY_VALUE',
'Maximum model space distance between geometric entities at asserted c
onnectivities');
#9105=UNCERTAINTY_MEASURE_WITH_UNIT(LENGTH_MEASURE(0.01),#9113,
'DISTANCE_ACCURACY_VALUE',
'Maximum model space distance between geometric entities at asserted c
onnectivities');
#9106=UNCERTAINTY_MEASURE_WITH_UNIT(LENGTH_MEASURE(0.01),#9113,
'DISTANCE_ACCURACY_VALUE',
'Maximum model space distance between geometric entities at asserted c
onnectivities');
#9107=UNCERTAINTY_MEASURE_WITH_UNIT(LENGTH_MEASURE(0.01),#9113,
'DISTANCE_ACCURACY_VALUE',
'Maximum model space distance between geometric entities at asserted c
onnectivities');
#9108=(
GEOMETRIC_REPRESENTATION_CONTEXT(3)
GLOBAL_UNCERTAINTY_ASSIGNED_CONTEXT((#9103))
GLOBAL_UNIT_ASSIGNED_CONTEXT((#9113,#9115,#9116))
REPRESENTATION_CONTEXT('','3D')
);
#9109=(
GEOMETRIC_REPRESENTATION_CONTEXT(3)
GLOBAL_UNCERTAINTY_ASSIGNED_CONTEXT((#9104))
GLOBAL_UNIT_ASSIGNED_CONTEXT((#9113,#9115,#9116))
REPRESENTATION_CONTEXT('','3D')
);
#9110=(
GEOMETRIC_REPRESENTATION_CONTEXT(3)
GLOBAL_UNCERTAINTY_ASSIGNED_CONTEXT((#9105))
GLOBAL_UNIT_ASSIGNED_CONTEXT((#9113,#9115,#9116))
REPRESENTATION_CONTEXT('','3D')
);
#9111=(
GEOMETRIC_REPRESENTATION_CONTEXT(3)
GLOBAL_UNCERTAINTY_ASSIGNED_CONTEXT((#9106))
GLOBAL_UNIT_ASSIGNED_CONTEXT((#9113,#9115,#9116))
REPRESENTATION_CONTEXT('','3D')
);
#9112=(
GEOMETRIC_REPRESENTATION_CONTEXT(3)
GLOBAL_UNCERTAINTY_ASSIGNED_CONTEXT((#9107))
GLOBAL_UNIT_ASSIGNED_CONTEXT((#9113,#9115,#9116))
REPRESENTATION_CONTEXT('','3D')
);
#9113=(
LENGTH_UNIT()
NAMED_UNIT(*)
SI_UNIT(.MILLI.,.METRE.)
);
#9114=(
LENGTH_UNIT()
NAMED_UNIT(*)
SI_UNIT(.CENTI.,.METRE.)
);
#9115=(
NAMED_UNIT(*)
PLANE_ANGLE_UNIT()
SI_UNIT($,.RADIAN.)
);
#9116=(
NAMED_UNIT(*)
SI_UNIT($,.STERADIAN.)
SOLID_ANGLE_UNIT()
);
#9117=SHAPE_DEFINITION_REPRESENTATION(#9121,#9129);
#9118=SHAPE_DEFINITION_REPRESENTATION(#9122,#9130);
#9119=SHAPE_DEFINITION_REPRESENTATION(#9123,#9131);
#9120=SHAPE_DEFINITION_REPRESENTATION(#9124,#9132);
#9121=PRODUCT_DEFINITION_SHAPE('',$,#9134);
#9122=PRODUCT_DEFINITION_SHAPE('',$,#9135);
#9123=PRODUCT_DEFINITION_SHAPE('',$,#9136);
#9124=PRODUCT_DEFINITION_SHAPE('',$,#9137);
#9125=PRODUCT_DEFINITION_SHAPE($,$,#23);
#9126=PRODUCT_DEFINITION_SHAPE($,$,#24);
#9127=PRODUCT_DEFINITION_SHAPE($,$,#25);
#9128=PRODUCT_DEFINITION_SHAPE($,$,#26);
#9129=SHAPE_REPRESENTATION('',(#5200,#5711,#5712,#5713,#5714),#9108);
#9130=SHAPE_REPRESENTATION('',(#5201),#9109);
#9131=SHAPE_REPRESENTATION('',(#5409),#9110);
#9132=SHAPE_REPRESENTATION('',(#5428),#9111);
#9133=PRODUCT_DEFINITION_CONTEXT('part definition',#9147,'design');
#9134=PRODUCT_DEFINITION('NCE2','NCE2',#9138,#9133);
#9135=PRODUCT_DEFINITION('Body','Body',#9139,#9133);
#9136=PRODUCT_DEFINITION('Terminal','Terminal',#9140,#9133);
#9137=PRODUCT_DEFINITION('Actuator E','Actuator E',#9141,#9133);
#9138=PRODUCT_DEFINITION_FORMATION('A',$,#9149);
#9139=PRODUCT_DEFINITION_FORMATION('',$,#9150);
#9140=PRODUCT_DEFINITION_FORMATION('',$,#9151);
#9141=PRODUCT_DEFINITION_FORMATION('',$,#9152);
#9142=PRODUCT_RELATED_PRODUCT_CATEGORY('NCE2','NCE2',(#9149));
#9143=PRODUCT_RELATED_PRODUCT_CATEGORY('Body','Body',(#9150));
#9144=PRODUCT_RELATED_PRODUCT_CATEGORY('Terminal','Terminal',(#9151));
#9145=PRODUCT_RELATED_PRODUCT_CATEGORY('Actuator E','Actuator E',(#9152));
#9146=APPLICATION_PROTOCOL_DEFINITION('international standard',
'automotive_design',2009,#9147);
#9147=APPLICATION_CONTEXT(
'Core Data for Automotive Mechanical Design Process');
#9148=PRODUCT_CONTEXT('part definition',#9147,'mechanical');
#9149=PRODUCT('NCE2','NCE2','MINIATURE PUSHBUTTON',(#9148));
#9150=PRODUCT('Body','Body',$,(#9148));
#9151=PRODUCT('Terminal','Terminal',$,(#9148));
#9152=PRODUCT('Actuator E','Actuator E',$,(#9148));
ENDSEC;
END-ISO-10303-21;
